An,Ag,As,q
0.000000000000e+00,0.000000000000e+00,0.000000000000e+00,nan
9.990999099910e-05,2.628995843213e-05,3.581769791636e-03,1.362409834494e+02
1.998199819982e-04,5.257991686425e-05,5.488636750161e-03,1.043865619706e+02
2.997299729973e-04,7.886987529638e-05,6.992000950040e-03,8.865236471802e+01
3.996399639964e-04,1.051598337285e-04,8.272856348527e-03,7.866935554392e+01
4.995499549955e-04,1.314497921606e-04,9.406429421712e-03,7.155910456075e+01
5.994599459946e-04,1.577397505928e-04,1.043297263046e-02,6.614041540734e+01
6.993699369937e-04,1.840297090249e-04,1.137711395767e-02,6.182215913917e+01
7.992799279928e-04,2.103196674570e-04,1.225525719909e-02,5.826966801188e+01
8.991899189919e-04,2.366096258891e-04,1.307899355886e-02,5.527667570459e+01
9.990999099910e-04,2.628995843213e-04,1.385687933684e-02,5.270787845714e+01
1.099009900990e-03,2.891895427534e-04,1.459544693693e-02,5.047017536653e+01
1.198919891989e-03,3.154795011855e-04,1.529981909192e-02,4.849703081952e+01
1.298829882988e-03,3.417694596177e-04,1.597410185137e-02,4.673940693602e+01
1.398739873987e-03,3.680594180498e-04,1.662164674081e-02,4.516022665275e+01
1.498649864986e-03,3.943493764819e-04,1.724523177452e-02,4.373084580066e+01
1.598559855986e-03,4.206393349140e-04,1.784719010729e-02,4.242872367354e+01
1.698469846985e-03,4.469292933462e-04,1.842950375339e-02,4.123583758721e+01
1.798379837984e-03,4.732192517783e-04,1.899387332583e-02,4.013757524542e+01
1.898289828983e-03,4.995092102104e-04,1.954177090315e-02,3.912194310675e+01
1.998199819982e-03,5.257991686425e-04,2.007448076527e-02,3.817898917013e+01
2.098109810981e-03,5.520891270747e-04,2.059313123975e-02,3.730037457696e+01
2.198019801980e-03,5.783790855068e-04,2.109871992249e-02,3.647905059362e+01
2.297929792979e-03,6.046690439389e-04,2.159213388472e-02,3.570901156783e+01
2.397839783978e-03,6.309590023711e-04,2.207416603408e-02,3.498510355051e+01
2.497749774977e-03,6.572489608032e-04,2.254552848862e-02,3.430287430363e+01
2.597659765977e-03,6.835389192353e-04,2.300686360485e-02,3.365845448946e+01
2.697569756976e-03,7.098288776674e-04,2.345875314396e-02,3.304846263940e+01
2.797479747975e-03,7.361188360996e-04,2.390172594682e-02,3.246992846082e+01
2.897389738974e-03,7.624087945317e-04,2.433626440388e-02,3.192023043075e+01
2.997299729973e-03,7.886987529638e-04,2.476280994356e-02,3.139704462636e+01
3.097209720972e-03,8.149887113959e-04,2.518176771512e-02,3.089830247094e+01
3.197119711971e-03,8.412786698281e-04,2.559351060596e-02,3.042215561128e+01
3.297029702970e-03,8.675686282602e-04,2.599838270546e-02,2.996694654300e+01
3.396939693969e-03,8.938585866923e-04,2.639670230567e-02,2.953118390164e+01
3.496849684968e-03,9.201485451245e-04,2.678876451240e-02,2.911352156600e+01
3.596759675968e-03,9.464385035566e-04,2.717484352678e-02,2.871274089617e+01
3.696669666967e-03,9.727284619887e-04,2.755519464660e-02,2.832773556381e+01
3.796579657966e-03,9.990184204208e-04,2.793005602854e-02,2.795749853819e+01
3.896489648965e-03,1.025308378853e-03,2.829965024506e-02,2.760111087429e+01
3.996399639964e-03,1.051598337285e-03,2.866418566464e-02,2.725773201452e+01
4.096309630963e-03,1.077888295717e-03,2.902385767907e-02,2.692659136795e+01
4.196219621962e-03,1.104178254149e-03,2.937884979813e-02,2.660698097226e+01
4.296129612961e-03,1.130468212581e-03,2.972933462863e-02,2.629824907747e+01
4.396039603960e-03,1.156758171014e-03,3.007547475244e-02,2.599979451719e+01
4.495949594959e-03,1.183048129446e-03,3.041742351598e-02,2.571106175556e+01
4.595859585959e-03,1.209338087878e-03,3.075532574174e-02,2.543153651574e+01
4.695769576958e-03,1.235628046310e-03,3.108931837111e-02,2.516074191093e+01
4.795679567957e-03,1.261918004742e-03,3.141953104637e-02,2.489823501076e+01
4.895589558956e-03,1.288207963174e-03,3.174608663884e-02,2.464360378631e+01
4.995499549955e-03,1.314497921606e-03,3.206910172896e-02,2.439646438525e+01
5.095409540954e-03,1.340787880038e-03,3.238868704374e-02,2.415645869562e+01
5.195319531953e-03,1.367077838471e-03,3.270494785596e-02,2.392325216284e+01
5.295229522952e-03,1.393367796903e-03,3.301798434918e-02,2.369653182927e+01
5.395139513951e-03,1.419657755335e-03,3.332789195209e-02,2.347600457001e+01
5.495049504950e-03,1.445947713767e-03,3.363476164519e-02,2.326139550203e+01
5.594959495950e-03,1.472237672199e-03,3.393868024268e-02,2.305244654689e+01
5.694869486949e-03,1.498527630631e-03,3.423973065187e-02,2.284891512974e+01
5.794779477948e-03,1.524817589063e-03,3.453799211221e-02,2.265057299964e+01
5.894689468947e-03,1.551107547496e-03,3.483354041605e-02,2.245720515789e+01
5.994599459946e-03,1.577397505928e-03,3.512644811256e-02,2.226860888302e+01
6.094509450945e-03,1.603687464360e-03,3.541678469655e-02,2.208459284221e+01
6.194419441944e-03,1.629977422792e-03,3.570461678342e-02,2.190497628014e+01
6.294329432943e-03,1.656267381224e-03,3.599000827152e-02,2.172958827754e+01
6.394239423942e-03,1.682557339656e-03,3.627302049294e-02,2.155826707240e+01
6.494149414941e-03,1.708847298088e-03,3.655371235381e-02,2.139085943765e+01
6.594059405941e-03,1.735137256520e-03,3.683214046493e-02,2.122722010983e+01
6.693969396940e-03,1.761427214953e-03,3.710835926350e-02,2.106721126396e+01
6.793879387939e-03,1.787717173385e-03,3.738242112675e-02,2.091070203011e+01
6.893789378938e-03,1.814007131817e-03,3.765437647812e-02,2.075756804793e+01
6.993699369937e-03,1.840297090249e-03,3.792427388646e-02,2.060769105565e+01
7.093609360936e-03,1.866587048681e-03,3.819216015893e-02,2.046095851030e+01
7.193519351935e-03,1.892877007113e-03,3.845808042806e-02,2.031726323662e+01
7.293429342934e-03,1.919166965545e-03,3.872207823333e-02,2.017650310187e+01
7.393339333933e-03,1.945456923977e-03,3.898419559778e-02,2.003858071454e+01
7.493249324932e-03,1.971746882410e-03,3.924447309994e-02,1.990340314472e+01
7.593159315932e-03,1.998036840842e-03,3.950294994150e-02,1.977088166446e+01
7.693069306931e-03,2.024326799274e-03,3.975966401095e-02,1.964093150632e+01
7.792979297930e-03,2.050616757706e-03,4.001465194351e-02,1.951347163878e+01
7.892889288929e-03,2.076906716138e-03,4.026794917762e-02,1.938842455693e+01
7.992799279928e-03,2.103196674570e-03,4.051959000823e-02,1.926571608740e+01
8.092709270927e-03,2.129486633002e-03,4.076960763706e-02,1.914527520634e+01
8.192619261926e-03,2.155776591434e-03,4.101803422012e-02,1.902703386942e+01
8.292529252925e-03,2.182066549867e-03,4.126490091256e-02,1.891092685284e+01
8.392439243924e-03,2.208356508299e-03,4.151023791116e-02,1.879689160476e+01
8.492349234923e-03,2.234646466731e-03,4.175407449451e-02,1.868486810605e+01
8.592259225923e-03,2.260936425163e-03,4.199643906104e-02,1.857479873987e+01
8.692169216922e-03,2.287226383595e-03,4.223735916512e-02,1.846662816941e+01
8.792079207921e-03,2.313516342027e-03,4.247686155123e-02,1.836030322311e+01
8.891989198920e-03,2.339806300459e-03,4.271497218643e-02,1.825577278685e+01
8.991899189919e-03,2.366096258891e-03,4.295171629116e-02,1.815298770274e+01
9.091809180918e-03,2.392386217324e-03,4.318711836851e-02,1.805190067381e+01
9.191719171917e-03,2.418676175756e-03,4.342120223202e-02,1.795246617437e+01
9.291629162916e-03,2.444966134188e-03,4.365399103217e-02,1.785464036567e+01
9.391539153915e-03,2.471256092620e-03,4.388550728152e-02,1.775838101627e+01
9.491449144914e-03,2.497546051052e-03,4.411577287870e-02,1.766364742709e+01
9.591359135914e-03,2.523836009484e-03,4.434480913122e-02,1.757040036063e+01
9.691269126913e-03,2.550125967916e-03,4.457263677723e-02,1.747860197418e+01
9.791179117912e-03,2.576415926348e-03,4.479927600627e-02,1.738821575667e+01
9.891089108911e-03,2.602705884781e-03,4.502474647908e-02,1.729920646907e+01
9.990999099910e-03,2.628995843213e-03,4.524906734643e-02,1.721154008792e+01
1.009090909091e-02,2.655285801645e-03,4.547225726722e-02,1.712518375199e+01
1.019081908191e-02,2.681575760077e-03,4.569433442568e-02,1.704010571171e+01
1.029072907291e-02,2.707865718509e-03,4.591531654781e-02,1.695627528129e+01
1.039063906391e-02,2.734155676941e-03,4.613522091719e-02,1.687366279334e+01
1.049054905491e-02,2.760445635373e-03,4.635406438997e-02,1.679223955581e+01
1.059045904590e-02,2.786735593805e-03,4.657186340934e-02,1.671197781119e+01
1.069036903690e-02,2.813025552238e-03,4.678863401930e-02,1.663285069774e+01
1.079027902790e-02,2.839315510670e-03,4.700439187787e-02,1.655483221263e+01
1.089018901890e-02,2.865605469102e-03,4.721915226977e-02,1.647789717702e+01
1.099009900990e-02,2.891895427534e-03,4.743293011856e-02,1.640202120276e+01
1.109000900090e-02,2.918185385966e-03,4.764573999827e-02,1.632718066076e+01
1.118991899190e-02,2.944475344398e-03,4.785759614455e-02,1.625335265096e+01
1.128982898290e-02,2.970765302830e-03,4.806851246542e-02,1.618051497357e+01
1.138973897390e-02,2.997055261262e-03,4.827850255151e-02,1.610864610190e+01
1.148964896490e-02,3.023345219695e-03,4.848757968599e-02,1.603772515627e+01
1.158955895590e-02,3.049635178127e-03,4.869575685401e-02,1.596773187930e+01
1.168946894689e-02,3.075925136559e-03,4.890304675184e-02,1.589864661223e+01
1.178937893789e-02,3.102215094991e-03,4.910946179563e-02,1.583045027243e+01
1.188928892889e-02,3.128505053423e-03,4.931501412986e-02,1.576312433183e+01
1.198919891989e-02,3.154795011855e-03,4.951971563539e-02,1.569665079642e+01
1.208910891089e-02,3.181084970287e-03,4.972357793736e-02,1.563101218666e+01
1.218901890189e-02,3.207374928720e-03,4.992661241258e-02,1.556619151865e+01
1.228892889289e-02,3.233664887152e-03,5.012883019687e-02,1.550217228633e+01
1.238883888389e-02,3.259954845584e-03,5.033024219195e-02,1.543893844423e+01
1.248874887489e-02,3.286244804016e-03,5.053085907219e-02,1.537647439121e+01
1.258865886589e-02,3.312534762448e-03,5.073069129106e-02,1.531476495467e+01
1.268856885689e-02,3.338824720880e-03,5.092974908739e-02,1.525379537563e+01
1.278847884788e-02,3.365114679312e-03,5.112804249132e-02,1.519355129430e+01
1.288838883888e-02,3.391404637744e-03,5.132558133019e-02,1.513401873636e+01
1.298829882988e-02,3.417694596177e-03,5.152237523405e-02,1.507518409974e+01
1.308820882088e-02,3.443984554609e-03,5.171843364110e-02,1.501703414201e+01
1.318811881188e-02,3.470274513041e-03,5.191376580292e-02,1.495955596822e+01
1.328802880288e-02,3.496564471473e-03,5.210838078945e-02,1.490273701932e+01
1.338793879388e-02,3.522854429905e-03,5.230228749391e-02,1.484656506097e+01
1.348784878488e-02,3.549144388337e-03,5.249549463747e-02,1.479102817287e+01
1.358775877588e-02,3.575434346769e-03,5.268801077376e-02,1.473611473844e+01
1.368766876688e-02,3.601724305201e-03,5.287984429333e-02,1.468181343502e+01
1.378757875788e-02,3.628014263634e-03,5.307100342783e-02,1.462811322431e+01
1.388748874887e-02,3.654304222066e-03,5.326149625413e-02,1.457500334332e+01
1.398739873987e-02,3.680594180498e-03,5.345133069830e-02,1.452247329562e+01
1.408730873087e-02,3.706884138930e-03,5.364051453945e-02,1.447051284288e+01
1.418721872187e-02,3.733174097362e-03,5.382905541341e-02,1.441911199680e+01
1.428712871287e-02,3.759464055794e-03,5.401696081639e-02,1.436826101134e+01
1.438703870387e-02,3.785754014226e-03,5.420423810841e-02,1.431795037520e+01
1.448694869487e-02,3.812043972658e-03,5.439089451671e-02,1.426817080465e+01
1.458685868587e-02,3.838333931091e-03,5.457693713898e-02,1.421891323652e+01
1.468676867687e-02,3.864623889523e-03,5.476237294655e-02,1.417016882161e+01
1.478667866787e-02,3.890913847955e-03,5.494720878747e-02,1.412192891815e+01
1.488658865887e-02,3.917203806387e-03,5.513145138946e-02,1.407418508569e+01
1.498649864986e-02,3.943493764819e-03,5.531510736278e-02,1.402692907905e+01
1.508640864086e-02,3.969783723251e-03,5.549818320308e-02,1.398015284259e+01
1.518631863186e-02,3.996073681683e-03,5.568068529406e-02,1.393384850467e+01
1.528622862286e-02,4.022363640115e-03,5.586261991011e-02,1.388800837224e+01
1.538613861386e-02,4.048653598548e-03,5.604399321889e-02,1.384262492573e+01
1.548604860486e-02,4.074943556980e-03,5.622481128376e-02,1.379769081401e+01
1.558595859586e-02,4.101233515412e-03,5.640508006624e-02,1.375319884963e+01
1.568586858686e-02,4.127523473844e-03,5.658480542828e-02,1.370914200412e+01
1.578577857786e-02,4.153813432276e-03,5.676399313459e-02,1.366551340354e+01
1.588568856886e-02,4.180103390708e-03,5.694264885480e-02,1.362230632414e+01
1.598559855986e-02,4.206393349140e-03,5.712077816560e-02,1.357951418815e+01
1.608550855086e-02,4.232683307572e-03,5.729838655283e-02,1.353713055979e+01
1.618541854185e-02,4.258973266005e-03,5.747547941350e-02,1.349514914129e+01
1.628532853285e-02,4.285263224437e-03,5.765206205774e-02,1.345356376919e+01
1.638523852385e-02,4.311553182869e-03,5.782813971071e-02,1.341236841064e+01
1.648514851485e-02,4.337843141301e-03,5.800371751445e-02,1.337155715987e+01
1.658505850585e-02,4.364133099733e-03,5.817880052970e-02,1.333112423479e+01
1.668496849685e-02,4.390423058165e-03,5.835339373763e-02,1.329106397369e+01
1.678487848785e-02,4.416713016597e-03,5.852750204157e-02,1.325137083203e+01
1.688478847885e-02,4.443002975029e-03,5.870113026865e-02,1.321203937935e+01
1.698469846985e-02,4.469292933462e-03,5.887428317139e-02,1.317306429628e+01
1.708460846085e-02,4.495582891894e-03,5.904696542935e-02,1.313444037164e+01
1.718451845185e-02,4.521872850326e-03,5.921918165057e-02,1.309616249964e+01
1.728442844284e-02,4.548162808758e-03,5.939093637313e-02,1.305822567714e+01
1.738433843384e-02,4.574452767190e-03,5.956223406652e-02,1.302062500103e+01
1.748424842484e-02,4.600742725622e-03,5.973307913315e-02,1.298335566570e+01
1.758415841584e-02,4.627032684054e-03,5.990347590965e-02,1.294641296053e+01
1.768406840684e-02,4.653322642487e-03,6.007342866822e-02,1.290979226751e+01
1.778397839784e-02,4.679612600919e-03,6.024294161797e-02,1.287348905893e+01
1.788388838884e-02,4.705902559351e-03,6.041201890615e-02,1.283749889511e+01
1.798379837984e-02,4.732192517783e-03,6.058066461941e-02,1.280181742221e+01
1.808370837084e-02,4.758482476215e-03,6.074888278500e-02,1.276644037015e+01
1.818361836184e-02,4.784772434647e-03,6.091667737197e-02,1.273136355051e+01
1.828352835284e-02,4.811062393079e-03,6.108405229226e-02,1.269658285458e+01
1.838343834383e-02,4.837352351511e-03,6.125101140190e-02,1.266209425136e+01
1.848334833483e-02,4.863642309944e-03,6.141755850201e-02,1.262789378578e+01
1.858325832583e-02,4.889932268376e-03,6.158369733995e-02,1.259397757679e+01
1.868316831683e-02,4.916222226808e-03,6.174943161030e-02,1.256034181563e+01
1.878307830783e-02,4.942512185240e-03,6.191476495588e-02,1.252698276411e+01
1.888298829883e-02,4.968802143672e-03,6.207970096878e-02,1.249389675293e+01
1.898289828983e-02,4.995092102104e-03,6.224424319126e-02,1.246108018009e+01
1.908280828083e-02,5.021382060536e-03,6.240839511675e-02,1.242852950928e+01
1.918271827183e-02,5.047672018968e-03,6.257216019072e-02,1.239624126837e+01
1.928262826283e-02,5.073961977401e-03,6.273554181162e-02,1.236421204791e+01
1.938253825383e-02,5.100251935833e-03,6.289854333171e-02,1.233243849971e+01
1.948244824482e-02,5.126541894265e-03,6.306116805796e-02,1.230091733543e+01
1.958235823582e-02,5.152831852697e-03,6.322341925285e-02,1.226964532517e+01
1.968226822682e-02,5.179121811129e-03,6.338530013521e-02,1.223861929623e+01
1.978217821782e-02,5.205411769561e-03,6.354681388099e-02,1.220783613173e+01
1.988208820882e-02,5.231701727993e-03,6.370796362406e-02,1.217729276942e+01
1.998199819982e-02,5.257991686425e-03,6.386875245697e-02,1.214698620043e+01
2.008190819082e-02,5.284281644858e-03,6.402918343168e-02,1.211691346808e+01
2.018181818182e-02,5.310571603290e-03,6.418925956028e-02,1.208707166673e+01
2.028172817282e-02,5.336861561722e-03,6.434898381573e-02,1.205745794069e+01
2.038163816382e-02,5.363151520154e-03,6.450835913252e-02,1.202806948305e+01
2.048154815482e-02,5.389441478586e-03,6.466738840736e-02,1.199890353468e+01
2.058145814581e-02,5.415731437018e-03,6.482607449985e-02,1.196995738318e+01
2.068136813681e-02,5.442021395450e-03,6.498442023313e-02,1.194122836185e+01
2.078127812781e-02,5.468311353882e-03,6.514242839449e-02,1.191271384872e+01
2.088118811881e-02,5.494601312315e-03,6.530010173603e-02,1.188441126560e+01
2.098109810981e-02,5.520891270747e-03,6.545744297520e-02,1.185631807713e+01
2.108100810081e-02,5.547181229179e-03,6.561445479548e-02,1.182843178989e+01
2.118091809181e-02,5.573471187611e-03,6.577113984688e-02,1.180074995150e+01
2.128082808281e-02,5.599761146043e-03,6.592750074658e-02,1.177327014977e+01
2.138073807381e-02,5.626051104475e-03,6.608354007940e-02,1.174599001186e+01
2.148064806481e-02,5.652341062907e-03,6.623926039844e-02,1.171890720345e+01
2.158055805581e-02,5.678631021339e-03,6.639466422552e-02,1.169201942793e+01
2.168046804680e-02,5.704920979772e-03,6.654975405178e-02,1.166532442566e+01
2.178037803780e-02,5.731210938204e-03,6.670453233813e-02,1.163881997319e+01
2.188028802880e-02,5.757500896636e-03,6.685900151578e-02,1.161250388252e+01
2.198019801980e-02,5.783790855068e-03,6.701316398672e-02,1.158637400037e+01
2.208010801080e-02,5.810080813500e-03,6.716702212421e-02,1.156042820749e+01
2.218001800180e-02,5.836370771932e-03,6.732057827322e-02,1.153466441799e+01
2.227992799280e-02,5.862660730364e-03,6.747383475092e-02,1.150908057863e+01
2.237983798380e-02,5.888950688796e-03,6.762679384711e-02,1.148367466818e+01
2.247974797480e-02,5.915240647229e-03,6.777945782467e-02,1.145844469682e+01
2.257965796580e-02,5.941530605661e-03,6.793182891998e-02,1.143338870547e+01
2.267956795680e-02,5.967820564093e-03,6.808390934337e-02,1.140850476521e+01
2.277947794779e-02,5.994110522525e-03,6.823570127947e-02,1.138379097667e+01
2.287938793879e-02,6.020400480957e-03,6.838720688772e-02,1.135924546947e+01
2.297929792979e-02,6.046690439389e-03,6.853842830266e-02,1.133486640166e+01
2.307920792079e-02,6.072980397821e-03,6.868936763438e-02,1.131065195913e+01
2.317911791179e-02,6.099270356254e-03,6.884002696890e-02,1.128660035513e+01
2.327902790279e-02,6.125560314686e-03,6.899040836852e-02,1.126270982968e+01
2.337893789379e-02,6.151850273118e-03,6.914051387219e-02,1.123897864913e+01
2.347884788479e-02,6.178140231550e-03,6.929034549592e-02,1.121540510558e+01
2.357875787579e-02,6.204430189982e-03,6.943990523304e-02,1.119198751646e+01
2.367866786679e-02,6.230720148414e-03,6.958919505463e-02,1.116872422401e+01
2.377857785779e-02,6.257010106846e-03,6.973821690983e-02,1.114561359483e+01
2.387848784878e-02,6.283300065278e-03,6.988697272614e-02,1.112265401940e+01
2.397839783978e-02,6.309590023711e-03,7.003546440982e-02,1.109984391167e+01
2.407830783078e-02,6.335879982143e-03,7.018369384612e-02,1.107718170861e+01
2.417821782178e-02,6.362169940575e-03,7.033166289968e-02,1.105466586976e+01
2.427812781278e-02,6.388459899007e-03,7.047937341477e-02,1.103229487685e+01
2.437803780378e-02,6.414749857439e-03,7.062682721564e-02,1.101006723337e+01
2.447794779478e-02,6.441039815871e-03,7.077402610678e-02,1.098798146417e+01
2.457785778578e-02,6.467329774303e-03,7.092097187324e-02,1.096603611509e+01
2.467776777678e-02,6.493619732735e-03,7.106766628089e-02,1.094422975257e+01
2.477767776778e-02,6.519909691168e-03,7.121411107674e-02,1.092256096326e+01
2.487758775878e-02,6.546199649600e-03,7.136030798916e-02,1.090102835368e+01
2.497749774977e-02,6.572489608032e-03,7.150625872819e-02,1.087963054986e+01
2.507740774077e-02,6.598779566464e-03,7.165196498580e-02,1.085836619698e+01
2.517731773177e-02,6.625069524896e-03,7.179742843613e-02,1.083723395903e+01
2.527722772277e-02,6.651359483328e-03,7.194265073577e-02,1.081623251849e+01
2.537713771377e-02,6.677649441760e-03,7.208763352400e-02,1.079536057601e+01
2.547704770477e-02,6.703939400192e-03,7.223237842302e-02,1.077461685005e+01
2.557695769577e-02,6.730229358625e-03,7.237688703823e-02,1.075400007661e+01
2.567686768677e-02,6.756519317057e-03,7.252116095844e-02,1.073350900890e+01
2.577677767777e-02,6.782809275489e-03,7.266520175609e-02,1.071314241706e+01
2.587668766877e-02,6.809099233921e-03,7.280901098752e-02,1.069289908786e+01
2.597659765977e-02,6.835389192353e-03,7.295259019318e-02,1.067277782438e+01
2.607650765077e-02,6.861679150785e-03,7.309594089780e-02,1.065277744580e+01
2.617641764176e-02,6.887969109217e-03,7.323906461071e-02,1.063289678705e+01
2.627632763276e-02,6.914259067649e-03,7.338196282594e-02,1.061313469859e+01
2.637623762376e-02,6.940549026082e-03,7.352463702252e-02,1.059349004614e+01
2.647614761476e-02,6.966838984514e-03,7.366708866464e-02,1.057396171038e+01
2.657605760576e-02,6.993128942946e-03,7.380931920186e-02,1.055454858677e+01
2.667596759676e-02,7.019418901378e-03,7.395133006931e-02,1.053524958523e+01
2.677587758776e-02,7.045708859810e-03,7.409312268789e-02,1.051606362995e+01
2.687578757876e-02,7.071998818242e-03,7.423469846446e-02,1.049698965913e+01
2.697569756976e-02,7.098288776674e-03,7.437605879202e-02,1.047802662473e+01
2.707560756076e-02,7.124578735106e-03,7.451720504991e-02,1.045917349228e+01
2.717551755176e-02,7.150868693539e-03,7.465813860400e-02,1.044042924064e+01
2.727542754275e-02,7.177158651971e-03,7.479886080682e-02,1.042179286176e+01
2.737533753375e-02,7.203448610403e-03,7.493937299781e-02,1.040326336049e+01
2.747524752475e-02,7.229738568835e-03,7.507967650342e-02,1.038483975438e+01
2.757515751575e-02,7.256028527267e-03,7.521977263735e-02,1.036652107343e+01
2.767506750675e-02,7.282318485699e-03,7.535966270065e-02,1.034830635994e+01
2.777497749775e-02,7.308608444131e-03,7.549934798195e-02,1.033019466826e+01
2.787488748875e-02,7.334898402563e-03,7.563882975756e-02,1.031218506464e+01
2.797479747975e-02,7.361188360996e-03,7.577810929169e-02,1.029427662702e+01
2.807470747075e-02,7.387478319428e-03,7.591718783655e-02,1.027646844484e+01
2.817461746175e-02,7.413768277860e-03,7.605606663255e-02,1.025875961887e+01
2.827452745275e-02,7.440058236292e-03,7.619474690843e-02,1.024114926100e+01
2.837443744374e-02,7.466348194724e-03,7.633322988139e-02,1.022363649412e+01
2.847434743474e-02,7.492638153156e-03,7.647151675729e-02,1.020622045188e+01
2.857425742574e-02,7.518928111588e-03,7.660960873076e-02,1.018890027858e+01
2.867416741674e-02,7.545218070020e-03,7.674750698531e-02,1.017167512895e+01
2.877407740774e-02,7.571508028453e-03,7.688521269356e-02,1.015454416804e+01
2.887398739874e-02,7.597797986885e-03,7.702272701728e-02,1.013750657101e+01
2.897389738974e-02,7.624087945317e-03,7.716005110759e-02,1.012056152303e+01
2.907380738074e-02,7.650377903749e-03,7.729718610507e-02,1.010370821907e+01
2.917371737174e-02,7.676667862181e-03,7.743413313988e-02,1.008694586376e+01
2.927362736274e-02,7.702957820613e-03,7.757089333193e-02,1.007027367128e+01
2.937353735374e-02,7.729247779045e-03,7.770746779095e-02,1.005369086519e+01
2.947344734473e-02,7.755537737477e-03,7.784385761667e-02,1.003719667825e+01
2.957335733573e-02,7.781827695910e-03,7.798006389890e-02,1.002079035236e+01
2.967326732673e-02,7.808117654342e-03,7.811608771768e-02,1.000447113835e+01
2.977317731773e-02,7.834407612774e-03,7.825193014339e-02,9.988238295873e+00
2.987308730873e-02,7.860697571206e-03,7.838759223685e-02,9.972091093288e+00
2.997299729973e-02,7.886987529638e-03,7.852307504948e-02,9.956028807501e+00
3.007290729073e-02,7.913277488070e-03,7.865837962336e-02,9.940050723855e+00
3.017281728173e-02,7.939567446502e-03,7.879350699138e-02,9.924156135998e+00
3.027272727273e-02,7.965857404935e-03,7.892845817735e-02,9.908344345764e+00
3.037263726373e-02,7.992147363367e-03,7.906323419607e-02,9.892614663047e+00
3.047254725473e-02,8.018437321799e-03,7.919783605350e-02,9.876966405685e+00
3.057245724572e-02,8.044727280231e-03,7.933226474679e-02,9.861398899344e+00
3.067236723672e-02,8.071017238663e-03,7.946652126447e-02,9.845911477403e+00
3.077227722772e-02,8.097307197095e-03,7.960060658648e-02,9.830503480840e+00
3.087218721872e-02,8.123597155527e-03,7.973452168429e-02,9.815174258122e+00
3.097209720972e-02,8.149887113959e-03,7.986826752102e-02,9.799923165098e+00
3.107200720072e-02,8.176177072392e-03,8.000184505154e-02,9.784749564890e+00
3.117191719172e-02,8.202467030824e-03,8.013525522253e-02,9.769652827789e+00
3.127182718272e-02,8.228756989256e-03,8.026849897260e-02,9.754632331153e+00
3.137173717372e-02,8.255046947688e-03,8.040157723238e-02,9.739687459306e+00
3.147164716472e-02,8.281336906120e-03,8.053449092462e-02,9.724817603436e+00
3.157155715572e-02,8.307626864552e-03,8.066724096428e-02,9.710022161500e+00
3.167146714671e-02,8.333916822984e-03,8.079982825858e-02,9.695300538127e+00
3.177137713771e-02,8.360206781416e-03,8.093225370717e-02,9.680652144523e+00
3.187128712871e-02,8.386496739849e-03,8.106451820213e-02,9.666076398379e+00
3.197119711971e-02,8.412786698281e-03,8.119662262811e-02,9.651572723781e+00
3.207110711071e-02,8.439076656713e-03,8.132856786240e-02,9.637140551118e+00
3.217101710171e-02,8.465366615145e-03,8.146035477500e-02,9.622779316995e+00
3.227092709271e-02,8.491656573577e-03,8.159198422872e-02,9.608488464148e+00
3.237083708371e-02,8.517946532009e-03,8.172345707927e-02,9.594267441356e+00
3.247074707471e-02,8.544236490441e-03,8.185477417530e-02,9.580115703360e+00
3.257065706571e-02,8.570526448873e-03,8.198593635852e-02,9.566032710779e+00
3.267056705671e-02,8.596816407306e-03,8.211694446376e-02,9.552017930030e+00
3.277047704770e-02,8.623106365738e-03,8.224779931904e-02,9.538070833248e+00
3.287038703870e-02,8.649396324170e-03,8.237850174565e-02,9.524190898208e+00
3.297029702970e-02,8.675686282602e-03,8.250905255825e-02,9.510377608249e+00
3.307020702070e-02,8.701976241034e-03,8.263945256490e-02,9.496630452197e+00
3.317011701170e-02,8.728266199466e-03,8.276970256715e-02,9.482948924290e+00
3.327002700270e-02,8.754556157898e-03,8.289980336012e-02,9.469332524108e+00
3.336993699370e-02,8.780846116330e-03,8.302975573257e-02,9.455780756498e+00
3.346984698470e-02,8.807136074763e-03,8.315956046696e-02,9.442293131505e+00
3.356975697570e-02,8.833426033195e-03,8.328921833952e-02,9.428869164301e+00
3.366966696670e-02,8.859715991627e-03,8.341873012032e-02,9.415508375117e+00
3.376957695770e-02,8.886005950059e-03,8.354809657333e-02,9.402210289177e+00
3.386948694869e-02,8.912295908491e-03,8.367731845650e-02,9.388974436630e+00
3.396939693969e-02,8.938585866923e-03,8.380639652182e-02,9.375800352485e+00
3.406930693069e-02,8.964875825355e-03,8.393533151536e-02,9.362687576549e+00
3.416921692169e-02,8.991165783787e-03,8.406412417737e-02,9.349635653360e+00
3.426912691269e-02,9.017455742220e-03,8.419277524233e-02,9.336644132129e+00
3.436903690369e-02,9.043745700652e-03,8.432128543898e-02,9.323712566675e+00
3.446894689469e-02,9.070035659084e-03,8.444965549042e-02,9.310840515367e+00
3.456885688569e-02,9.096325617516e-03,8.457788611418e-02,9.298027541067e+00
3.466876687669e-02,9.122615575948e-03,8.470597802221e-02,9.285273211067e+00
3.476867686769e-02,9.148905534380e-03,8.483393192103e-02,9.272577097034e+00
3.486858685869e-02,9.175195492812e-03,8.496174851169e-02,9.259938774956e+00
3.496849684968e-02,9.201485451244e-03,8.508942848992e-02,9.247357825079e+00
3.506840684068e-02,9.227775409677e-03,8.521697254612e-02,9.234833831864e+00
3.516831683168e-02,9.254065368109e-03,8.534438136545e-02,9.222366383920e+00
3.526822682268e-02,9.280355326541e-03,8.547165562785e-02,9.209955073963e+00
3.536813681368e-02,9.306645284973e-03,8.559879600815e-02,9.197599498754e+00
3.546804680468e-02,9.332935243405e-03,8.572580317605e-02,9.185299259054e+00
3.556795679568e-02,9.359225201837e-03,8.585267779624e-02,9.173053959572e+00
3.566786678668e-02,9.385515160269e-03,8.597942052840e-02,9.160863208913e+00
3.576777677768e-02,9.411805118702e-03,8.610603202730e-02,9.148726619531e+00
3.586768676868e-02,9.438095077134e-03,8.623251294280e-02,9.136643807681e+00
3.596759675968e-02,9.464385035566e-03,8.635886391993e-02,9.124614393371e+00
3.606750675068e-02,9.490674993998e-03,8.648508559893e-02,9.112638000314e+00
3.616741674167e-02,9.516964952430e-03,8.661117861531e-02,9.100714255882e+00
3.626732673267e-02,9.543254910862e-03,8.673714359986e-02,9.088842791063e+00
3.636723672367e-02,9.569544869294e-03,8.686298117877e-02,9.077023240414e+00
3.646714671467e-02,9.595834827726e-03,8.698869197358e-02,9.065255242018e+00
3.656705670567e-02,9.622124786159e-03,8.711427660133e-02,9.053538437440e+00
3.666696669667e-02,9.648414744591e-03,8.723973567450e-02,9.041872471683e+00
3.676687668767e-02,9.674704703023e-03,8.736506980114e-02,9.030256993151e+00
3.686678667867e-02,9.700994661455e-03,8.749027958488e-02,9.018691653600e+00
3.696669666967e-02,9.727284619887e-03,8.761536562496e-02,9.007176108103e+00
3.706660666067e-02,9.753574578319e-03,8.774032851631e-02,8.995710015007e+00
3.716651665167e-02,9.779864536751e-03,8.786516884954e-02,8.984293035896e+00
3.726642664266e-02,9.806154495183e-03,8.798988721104e-02,8.972924835547e+00
3.736633663366e-02,9.832444453616e-03,8.811448418299e-02,8.961605081896e+00
3.746624662466e-02,9.858734412048e-03,8.823896034338e-02,8.950333446000e+00
3.756615661566e-02,9.885024370480e-03,8.836331626611e-02,8.939109601995e+00
3.766606660666e-02,9.911314328912e-03,8.848755252098e-02,8.927933227065e+00
3.776597659766e-02,9.937604287344e-03,8.861166967374e-02,8.916804001402e+00
3.786588658866e-02,9.963894245776e-03,8.873566828615e-02,8.905721608172e+00
3.796579657966e-02,9.990184204208e-03,8.885954891598e-02,8.894685733477e+00
3.806570657066e-02,1.001647416264e-02,8.898331211709e-02,8.883696066324e+00
3.816561656166e-02,1.004276412107e-02,8.910695843944e-02,8.872752298589e+00
3.826552655266e-02,1.006905407950e-02,8.923048842914e-02,8.861854124983e+00
3.836543654365e-02,1.009534403794e-02,8.935390262847e-02,8.851001243018e+00
3.846534653465e-02,1.012163399637e-02,8.947720157595e-02,8.840193352975e+00
3.856525652565e-02,1.014792395480e-02,8.960038580633e-02,8.829430157874e+00
3.866516651665e-02,1.017421391323e-02,8.972345585067e-02,8.818711363438e+00
3.876507650765e-02,1.020050387167e-02,8.984641223635e-02,8.808036678063e+00
3.886498649865e-02,1.022679383010e-02,8.996925548710e-02,8.797405812789e+00
3.896489648965e-02,1.025308378853e-02,9.009198612304e-02,8.786818481268e+00
3.906480648065e-02,1.027937374696e-02,9.021460466074e-02,8.776274399732e+00
3.916471647165e-02,1.030566370539e-02,9.033711161321e-02,8.765773286967e+00
3.926462646265e-02,1.033195366383e-02,9.045950748996e-02,8.755314864281e+00
3.936453645365e-02,1.035824362226e-02,9.058179279703e-02,8.744898855476e+00
3.946444644464e-02,1.038453358069e-02,9.070396803700e-02,8.734524986819e+00
3.956435643564e-02,1.041082353912e-02,9.082603370907e-02,8.724192987016e+00
3.966426642664e-02,1.043711349755e-02,9.094799030904e-02,8.713902587180e+00
3.976417641764e-02,1.046340345599e-02,9.106983832936e-02,8.703653520810e+00
3.986408640864e-02,1.048969341442e-02,9.119157825917e-02,8.693445523758e+00
3.996399639964e-02,1.051598337285e-02,9.131321058434e-02,8.683278334205e+00
4.006390639064e-02,1.054227333128e-02,9.143473578745e-02,8.673151692636e+00
4.016381638164e-02,1.056856328972e-02,9.155615434788e-02,8.663065341812e+00
4.026372637264e-02,1.059485324815e-02,9.167746674179e-02,8.653019026745e+00
4.036363636364e-02,1.062114320658e-02,9.179867344220e-02,8.643012494675e+00
4.046354635464e-02,1.064743316501e-02,9.191977491897e-02,8.633045495042e+00
4.056345634563e-02,1.067372312344e-02,9.204077163884e-02,8.623117779464e+00
4.066336633663e-02,1.070001308188e-02,9.216166406549e-02,8.613229101710e+00
4.076327632763e-02,1.072630304031e-02,9.228245265953e-02,8.603379217681e+00
4.086318631863e-02,1.075259299874e-02,9.240313787854e-02,8.593567885381e+00
4.096309630963e-02,1.077888295717e-02,9.252372017711e-02,8.583794864898e+00
4.106300630063e-02,1.080517291560e-02,9.264420000684e-02,8.574059918379e+00
4.116291629163e-02,1.083146287404e-02,9.276457781638e-02,8.564362810008e+00
4.126282628263e-02,1.085775283247e-02,9.288485405149e-02,8.554703305985e+00
4.136273627363e-02,1.088404279090e-02,9.300502915499e-02,8.545081174501e+00
4.146264626463e-02,1.091033274933e-02,9.312510356685e-02,8.535496185718e+00
4.156255625563e-02,1.093662270776e-02,9.324507772420e-02,8.525948111751e+00
4.166246624662e-02,1.096291266620e-02,9.336495206134e-02,8.516436726639e+00
4.176237623762e-02,1.098920262463e-02,9.348472700977e-02,8.506961806333e+00
4.186228622862e-02,1.101549258306e-02,9.360440299824e-02,8.497523128668e+00
4.196219621962e-02,1.104178254149e-02,9.372398045272e-02,8.488120473349e+00
4.206210621062e-02,1.106807249993e-02,9.384345979649e-02,8.478753621926e+00
4.216201620162e-02,1.109436245836e-02,9.396284145010e-02,8.469422357777e+00
4.226192619262e-02,1.112065241679e-02,9.408212583144e-02,8.460126466087e+00
4.236183618362e-02,1.114694237522e-02,9.420131335575e-02,8.450865733831e+00
4.246174617462e-02,1.117323233365e-02,9.432040443564e-02,8.441639949752e+00
4.256165616562e-02,1.119952229209e-02,9.443939948109e-02,8.432448904345e+00
4.266156615662e-02,1.122581225052e-02,9.455829889952e-02,8.423292389836e+00
4.276147614761e-02,1.125210220895e-02,9.467710309578e-02,8.414170200167e+00
4.286138613861e-02,1.127839216738e-02,9.479581247217e-02,8.405082130973e+00
4.296129612961e-02,1.130468212581e-02,9.491442742848e-02,8.396027979569e+00
4.306120612061e-02,1.133097208425e-02,9.503294836199e-02,8.387007544932e+00
4.316111611161e-02,1.135726204268e-02,9.515137566752e-02,8.378020627679e+00
4.326102610261e-02,1.138355200111e-02,9.526970973743e-02,8.369067030056e+00
4.336093609361e-02,1.140984195954e-02,9.538795096162e-02,8.360146555916e+00
4.346084608461e-02,1.143613191798e-02,9.550609972762e-02,8.351259010706e+00
4.356075607561e-02,1.146242187641e-02,9.562415642051e-02,8.342404201448e+00
4.366066606661e-02,1.148871183484e-02,9.574212142305e-02,8.333581936724e+00
4.376057605761e-02,1.151500179327e-02,9.585999511561e-02,8.324792026660e+00
4.386048604860e-02,1.154129175170e-02,9.597777787623e-02,8.316034282910e+00
4.396039603960e-02,1.156758171014e-02,9.609547008065e-02,8.307308518638e+00
4.406030603060e-02,1.159387166857e-02,9.621307210231e-02,8.298614548508e+00
4.416021602160e-02,1.162016162700e-02,9.633058431235e-02,8.289952188661e+00
4.426012601260e-02,1.164645158543e-02,9.644800707968e-02,8.281321256709e+00
4.436003600360e-02,1.167274154386e-02,9.656534077095e-02,8.272721571712e+00
4.445994599460e-02,1.169903150230e-02,9.668258575060e-02,8.264152954167e+00
4.455985598560e-02,1.172532146073e-02,9.679974238087e-02,8.255615225994e+00
4.465976597660e-02,1.175161141916e-02,9.691681102181e-02,8.247108210520e+00
4.475967596760e-02,1.177790137759e-02,9.703379203129e-02,8.238631732466e+00
4.485958595860e-02,1.180419133603e-02,9.715068576505e-02,8.230185617930e+00
4.495949594959e-02,1.183048129446e-02,9.726749257670e-02,8.221769694380e+00
4.505940594059e-02,1.185677125289e-02,9.738421281772e-02,8.213383790632e+00
4.515931593159e-02,1.188306121132e-02,9.750084683749e-02,8.205027736843e+00
4.525922592259e-02,1.190935116975e-02,9.761739498333e-02,8.196701364492e+00
4.535913591359e-02,1.193564112819e-02,9.773385760049e-02,8.188404506373e+00
4.545904590459e-02,1.196193108662e-02,9.785023503216e-02,8.180136996578e+00
4.555895589559e-02,1.198822104505e-02,9.796652761951e-02,8.171898670484e+00
4.565886588659e-02,1.201451100348e-02,9.808273570169e-02,8.163689364741e+00
4.575877587759e-02,1.204080096191e-02,9.819885961587e-02,8.155508917262e+00
4.585868586859e-02,1.206709092035e-02,9.831489969721e-02,8.147357167206e+00
4.595859585959e-02,1.209338087878e-02,9.843085627893e-02,8.139233954969e+00
4.605850585059e-02,1.211967083721e-02,9.854672969227e-02,8.131139122171e+00
4.615841584158e-02,1.214596079564e-02,9.866252026657e-02,8.123072511643e+00
4.625832583258e-02,1.217225075407e-02,9.877822832923e-02,8.115033967417e+00
4.635823582358e-02,1.219854071251e-02,9.889385420574e-02,8.107023334713e+00
4.645814581458e-02,1.222483067094e-02,9.900939821972e-02,8.099040459929e+00
4.655805580558e-02,1.225112062937e-02,9.912486069289e-02,8.091085190627e+00
4.665796579658e-02,1.227741058780e-02,9.924024194514e-02,8.083157375524e+00
4.675787578758e-02,1.230370054624e-02,9.935554229449e-02,8.075256864480e+00
4.685778577858e-02,1.232999050467e-02,9.947076205714e-02,8.067383508485e+00
4.695769576958e-02,1.235628046310e-02,9.958590154747e-02,8.059537159655e+00
4.705760576058e-02,1.238257042153e-02,9.970096107806e-02,8.051717671211e+00
4.715751575158e-02,1.240886037996e-02,9.981594095970e-02,8.043924897477e+00
4.725742574257e-02,1.243515033840e-02,9.993084150142e-02,8.036158693865e+00
4.735733573357e-02,1.246144029683e-02,1.000456630105e-01,8.028418916866e+00
4.745724572457e-02,1.248773025526e-02,1.001604057923e-01,8.020705424041e+00
4.755715571557e-02,1.251402021369e-02,1.002750701508e-01,8.013018074006e+00
4.765706570657e-02,1.254031017212e-02,1.003896563879e-01,8.005356726430e+00
4.775697569757e-02,1.256660013056e-02,1.005041648041e-01,7.997721242017e+00
4.785688568857e-02,1.259289008899e-02,1.006185956979e-01,7.990111482501e+00
4.795679567957e-02,1.261918004742e-02,1.007329493664e-01,7.982527310635e+00
4.805670567057e-02,1.264547000585e-02,1.008472261048e-01,7.974968590181e+00
4.815661566157e-02,1.267175996429e-02,1.009614262067e-01,7.967435185901e+00
4.825652565257e-02,1.269804992272e-02,1.010755499643e-01,7.959926963549e+00
4.835643564356e-02,1.272433988115e-02,1.011895976679e-01,7.952443789857e+00
4.845634563456e-02,1.275062983958e-02,1.013035696062e-01,7.944985532534e+00
4.855625562556e-02,1.277691979801e-02,1.014174660663e-01,7.937552060247e+00
4.865616561656e-02,1.280320975645e-02,1.015312873339e-01,7.930143242622e+00
4.875607560756e-02,1.282949971488e-02,1.016450336930e-01,7.922758950226e+00
4.885598559856e-02,1.285578967331e-02,1.017587054258e-01,7.915399054566e+00
4.895589558956e-02,1.288207963174e-02,1.018723028133e-01,7.908063428076e+00
4.905580558056e-02,1.290836959017e-02,1.019858261348e-01,7.900751944109e+00
4.915571557156e-02,1.293465954861e-02,1.020992756681e-01,7.893464476928e+00
4.925562556256e-02,1.296094950704e-02,1.022126516893e-01,7.886200901701e+00
4.935553555356e-02,1.298723946547e-02,1.023259544732e-01,7.878961094488e+00
4.945544554455e-02,1.301352942390e-02,1.024391842931e-01,7.871744932238e+00
4.955535553555e-02,1.303981938234e-02,1.025523414207e-01,7.864552292775e+00
4.965526552655e-02,1.306610934077e-02,1.026654261262e-01,7.857383054795e+00
4.975517551755e-02,1.309239929920e-02,1.027784386785e-01,7.850237097856e+00
4.985508550855e-02,1.311868925763e-02,1.028913793449e-01,7.843114302370e+00
4.995499549955e-02,1.314497921606e-02,1.030042483912e-01,7.836014549597e+00
5.005490549055e-02,1.317126917450e-02,1.031170460820e-01,7.828937721633e+00
5.015481548155e-02,1.319755913293e-02,1.032297726802e-01,7.821883701409e+00
5.025472547255e-02,1.322384909136e-02,1.033424284475e-01,7.814852372677e+00
5.035463546355e-02,1.325013904979e-02,1.034550136441e-01,7.807843620008e+00
5.045454545455e-02,1.327642900822e-02,1.035675285288e-01,7.800857328781e+00
5.055445544554e-02,1.330271896666e-02,1.036799733591e-01,7.793893385177e+00
5.065436543654e-02,1.332900892509e-02,1.037923483909e-01,7.786951676173e+00
5.075427542754e-02,1.335529888352e-02,1.039046538791e-01,7.780032089532e+00
5.085418541854e-02,1.338158884195e-02,1.040168900769e-01,7.773134513800e+00
5.095409540954e-02,1.340787880038e-02,1.041290572363e-01,7.766258838295e+00
5.105400540054e-02,1.343416875882e-02,1.042411556080e-01,7.759404953102e+00
5.115391539154e-02,1.346045871725e-02,1.043531854413e-01,7.752572749069e+00
5.125382538254e-02,1.348674867568e-02,1.044651469843e-01,7.745762117794e+00
5.135373537354e-02,1.351303863411e-02,1.045770404837e-01,7.738972951624e+00
5.145364536454e-02,1.353932859255e-02,1.046888661848e-01,7.732205143646e+00
5.155355535554e-02,1.356561855098e-02,1.048006243318e-01,7.725458587680e+00
5.165346534653e-02,1.359190850941e-02,1.049123151677e-01,7.718733178275e+00
5.175337533753e-02,1.361819846784e-02,1.050239389338e-01,7.712028810700e+00
5.185328532853e-02,1.364448842627e-02,1.051354958707e-01,7.705345380938e+00
5.195319531953e-02,1.367077838471e-02,1.052469862172e-01,7.698682785683e+00
5.205310531053e-02,1.369706834314e-02,1.053584102114e-01,7.692040922330e+00
5.215301530153e-02,1.372335830157e-02,1.054697680897e-01,7.685419688969e+00
5.225292529253e-02,1.374964826000e-02,1.055810600875e-01,7.678818984382e+00
5.235283528353e-02,1.377593821843e-02,1.056922864390e-01,7.672238708036e+00
5.245274527453e-02,1.380222817687e-02,1.058034473771e-01,7.665678760074e+00
5.255265526553e-02,1.382851813530e-02,1.059145431336e-01,7.659139041314e+00
5.265256525653e-02,1.385480809373e-02,1.060255739390e-01,7.652619453240e+00
5.275247524752e-02,1.388109805216e-02,1.061365400227e-01,7.646119897997e+00
5.285238523852e-02,1.390738801060e-02,1.062474416129e-01,7.639640278384e+00
5.295229522952e-02,1.393367796903e-02,1.063582789365e-01,7.633180497853e+00
5.305220522052e-02,1.395996792746e-02,1.064690522196e-01,7.626740460498e+00
5.315211521152e-02,1.398625788589e-02,1.065797616868e-01,7.620320071052e+00
5.325202520252e-02,1.401254784432e-02,1.066904075616e-01,7.613919234882e+00
5.335193519352e-02,1.403883780276e-02,1.068009900665e-01,7.607537857983e+00
5.345184518452e-02,1.406512776119e-02,1.069115094229e-01,7.601175846972e+00
5.355175517552e-02,1.409141771962e-02,1.070219658509e-01,7.594833109085e+00
5.365166516652e-02,1.411770767805e-02,1.071323595696e-01,7.588509552169e+00
5.375157515752e-02,1.414399763648e-02,1.072426907970e-01,7.582205084679e+00
5.385148514851e-02,1.417028759492e-02,1.073529597500e-01,7.575919615670e+00
5.395139513951e-02,1.419657755335e-02,1.074631666444e-01,7.569653054796e+00
5.405130513051e-02,1.422286751178e-02,1.075733116948e-01,7.563405312303e+00
5.415121512151e-02,1.424915747021e-02,1.076833951149e-01,7.557176299023e+00
5.425112511251e-02,1.427544742865e-02,1.077934171174e-01,7.550965926370e+00
5.435103510351e-02,1.430173738708e-02,1.079033779136e-01,7.544774106336e+00
5.445094509451e-02,1.432802734551e-02,1.080132777142e-01,7.538600751485e+00
5.455085508551e-02,1.435431730394e-02,1.081231167284e-01,7.532445774950e+00
5.465076507651e-02,1.438060726237e-02,1.082328951646e-01,7.526309090424e+00
5.475067506751e-02,1.440689722081e-02,1.083426132303e-01,7.520190612163e+00
5.485058505851e-02,1.443318717924e-02,1.084522711317e-01,7.514090254972e+00
5.495049504950e-02,1.445947713767e-02,1.085618690741e-01,7.508007934209e+00
5.505040504050e-02,1.448576709610e-02,1.086714072619e-01,7.501943565774e+00
5.515031503150e-02,1.451205705453e-02,1.087808858983e-01,7.495897066108e+00
5.525022502250e-02,1.453834701297e-02,1.088903051856e-01,7.489868352189e+00
5.535013501350e-02,1.456463697140e-02,1.089996653250e-01,7.483857341525e+00
5.545004500450e-02,1.459092692983e-02,1.091089665171e-01,7.477863952152e+00
5.554995499550e-02,1.461721688826e-02,1.092182089609e-01,7.471888102628e+00
5.564986498650e-02,1.464350684669e-02,1.093273928551e-01,7.465929712030e+00
5.574977497750e-02,1.466979680513e-02,1.094365183968e-01,7.459988699950e+00
5.584968496850e-02,1.469608676356e-02,1.095455857826e-01,7.454064986488e+00
5.594959495950e-02,1.472237672199e-02,1.096545952081e-01,7.448158492253e+00
5.604950495050e-02,1.474866668042e-02,1.097635468676e-01,7.442269138354e+00
5.614941494149e-02,1.477495663886e-02,1.098724409548e-01,7.436396846398e+00
5.624932493249e-02,1.480124659729e-02,1.099812776625e-01,7.430541538486e+00
5.634923492349e-02,1.482753655572e-02,1.100900571823e-01,7.424703137210e+00
5.644914491449e-02,1.485382651415e-02,1.101987797051e-01,7.418881565646e+00
5.654905490549e-02,1.488011647258e-02,1.103074454208e-01,7.413076747355e+00
5.664896489649e-02,1.490640643102e-02,1.104160545184e-01,7.407288606373e+00
5.674887488749e-02,1.493269638945e-02,1.105246071860e-01,7.401517067213e+00
5.684878487849e-02,1.495898634788e-02,1.106331036108e-01,7.395762054857e+00
5.694869486949e-02,1.498527630631e-02,1.107415439790e-01,7.390023494755e+00
5.704860486049e-02,1.501156626474e-02,1.108499284762e-01,7.384301312820e+00
5.714851485149e-02,1.503785622318e-02,1.109582572869e-01,7.378595435423e+00
5.724842484248e-02,1.506414618161e-02,1.110665305947e-01,7.372905789395e+00
5.734833483348e-02,1.509043614004e-02,1.111747485824e-01,7.367232302014e+00
5.744824482448e-02,1.511672609847e-02,1.112829114320e-01,7.361574901011e+00
5.754815481548e-02,1.514301605691e-02,1.113910193245e-01,7.355933514559e+00
5.764806480648e-02,1.516930601534e-02,1.114990724402e-01,7.350308071276e+00
5.774797479748e-02,1.519559597377e-02,1.116070709584e-01,7.344698500216e+00
5.784788478848e-02,1.522188593220e-02,1.117150150578e-01,7.339104730869e+00
5.794779477948e-02,1.524817589063e-02,1.118229049159e-01,7.333526693154e+00
5.804770477048e-02,1.527446584907e-02,1.119307407096e-01,7.327964317422e+00
5.814761476148e-02,1.530075580750e-02,1.120385226151e-01,7.322417534446e+00
5.824752475248e-02,1.532704576593e-02,1.121462508075e-01,7.316886275420e+00
5.834743474347e-02,1.535333572436e-02,1.122539254612e-01,7.311370471959e+00
5.844734473447e-02,1.537962568279e-02,1.123615467498e-01,7.305870056091e+00
5.854725472547e-02,1.540591564123e-02,1.124691148462e-01,7.300384960254e+00
5.864716471647e-02,1.543220559966e-02,1.125766299222e-01,7.294915117299e+00
5.874707470747e-02,1.545849555809e-02,1.126840921492e-01,7.289460460478e+00
5.884698469847e-02,1.548478551652e-02,1.127915016975e-01,7.284020923448e+00
5.894689468947e-02,1.551107547495e-02,1.128988587367e-01,7.278596440264e+00
5.904680468047e-02,1.553736543339e-02,1.130061634357e-01,7.273186945378e+00
5.914671467147e-02,1.556365539182e-02,1.131134159625e-01,7.267792373633e+00
5.924662466247e-02,1.558994535025e-02,1.132206164845e-01,7.262412660265e+00
5.934653465347e-02,1.561623530868e-02,1.133277651682e-01,7.257047740895e+00
5.944644464446e-02,1.564252526712e-02,1.134348621793e-01,7.251697551530e+00
5.954635463546e-02,1.566881522555e-02,1.135419076829e-01,7.246362028555e+00
5.964626462646e-02,1.569510518398e-02,1.136489018431e-01,7.241041108737e+00
5.974617461746e-02,1.572139514241e-02,1.137558448237e-01,7.235734729216e+00
5.984608460846e-02,1.574768510084e-02,1.138627367872e-01,7.230442827506e+00
5.994599459946e-02,1.577397505928e-02,1.139695778958e-01,7.225165341490e+00
6.004590459046e-02,1.580026501771e-02,1.140763683107e-01,7.219902209418e+00
6.014581458146e-02,1.582655497614e-02,1.141831081926e-01,7.214653369905e+00
6.024572457246e-02,1.585284493457e-02,1.142897977012e-01,7.209418761927e+00
6.034563456346e-02,1.587913489300e-02,1.143964369958e-01,7.204198324819e+00
6.044554455446e-02,1.590542485144e-02,1.145030262346e-01,7.198991998272e+00
6.054545454545e-02,1.593171480987e-02,1.146095655755e-01,7.193799722330e+00
6.064536453645e-02,1.595800476830e-02,1.147160551754e-01,7.188621437388e+00
6.074527452745e-02,1.598429472673e-02,1.148224951905e-01,7.183457084191e+00
6.084518451845e-02,1.601058468517e-02,1.149288857766e-01,7.178306603826e+00
6.094509450945e-02,1.603687464360e-02,1.150352270885e-01,7.173169937726e+00
6.104500450045e-02,1.606316460203e-02,1.151415192805e-01,7.168047027664e+00
6.114491449145e-02,1.608945456046e-02,1.152477625059e-01,7.162937815749e+00
6.124482448245e-02,1.611574451889e-02,1.153539569178e-01,7.157842244429e+00
6.134473447345e-02,1.614203447733e-02,1.154601026682e-01,7.152760256481e+00
6.144464446445e-02,1.616832443576e-02,1.155661999086e-01,7.147691795016e+00
6.154455445545e-02,1.619461439419e-02,1.156722487899e-01,7.142636803470e+00
6.164446444644e-02,1.622090435262e-02,1.157782494623e-01,7.137595225607e+00
6.174437443744e-02,1.624719431105e-02,1.158842020752e-01,7.132567005514e+00
6.184428442844e-02,1.627348426949e-02,1.159901067775e-01,7.127552087598e+00
6.194419441944e-02,1.629977422792e-02,1.160959637173e-01,7.122550416585e+00
6.204410441044e-02,1.632606418635e-02,1.162017730422e-01,7.117561937517e+00
6.214401440144e-02,1.635235414478e-02,1.163075348991e-01,7.112586595750e+00
6.224392439244e-02,1.637864410322e-02,1.164132494343e-01,7.107624336953e+00
6.234383438344e-02,1.640493406165e-02,1.165189167933e-01,7.102675107102e+00
6.244374437444e-02,1.643122402008e-02,1.166245371211e-01,7.097738852481e+00
6.254365436544e-02,1.645751397851e-02,1.167301105622e-01,7.092815519681e+00
6.264356435644e-02,1.648380393694e-02,1.168356372601e-01,7.087905055593e+00
6.274347434743e-02,1.651009389538e-02,1.169411173580e-01,7.083007407410e+00
6.284338433843e-02,1.653638385381e-02,1.170465509984e-01,7.078122522622e+00
6.294329432943e-02,1.656267381224e-02,1.171519383231e-01,7.073250349017e+00
6.304320432043e-02,1.658896377067e-02,1.172572794734e-01,7.068390834675e+00
6.314311431143e-02,1.661525372910e-02,1.173625745899e-01,7.063543927970e+00
6.324302430243e-02,1.664154368754e-02,1.174678238127e-01,7.058709577565e+00
6.334293429343e-02,1.666783364597e-02,1.175730272812e-01,7.053887732411e+00
6.344284428443e-02,1.669412360440e-02,1.176781851342e-01,7.049078341744e+00
6.354275427543e-02,1.672041356283e-02,1.177832975100e-01,7.044281355084e+00
6.364266426643e-02,1.674670352126e-02,1.178883645462e-01,7.039496722233e+00
6.374257425743e-02,1.677299347970e-02,1.179933863798e-01,7.034724393274e+00
6.384248424842e-02,1.679928343813e-02,1.180983631475e-01,7.029964318565e+00
6.394239423942e-02,1.682557339656e-02,1.182032949850e-01,7.025216448740e+00
6.404230423042e-02,1.685186335499e-02,1.183081820277e-01,7.020480734710e+00
6.414221422142e-02,1.687815331343e-02,1.184130244103e-01,7.015757127655e+00
6.424212421242e-02,1.690444327186e-02,1.185178222670e-01,7.011045579025e+00
6.434203420342e-02,1.693073323029e-02,1.186225757314e-01,7.006346040538e+00
6.444194419442e-02,1.695702318872e-02,1.187272849366e-01,7.001658464180e+00
6.454185418542e-02,1.698331314715e-02,1.188319500150e-01,6.996982802200e+00
6.464176417642e-02,1.700960310559e-02,1.189365710985e-01,6.992319007108e+00
6.474167416742e-02,1.703589306402e-02,1.190411483186e-01,6.987667031677e+00
6.484158415842e-02,1.706218302245e-02,1.191456818060e-01,6.983026828937e+00
6.494149414941e-02,1.708847298088e-02,1.192501716910e-01,6.978398352176e+00
6.504140414041e-02,1.711476293931e-02,1.193546181033e-01,6.973781554938e+00
6.514131413141e-02,1.714105289775e-02,1.194590211721e-01,6.969176391017e+00
6.524122412241e-02,1.716734285618e-02,1.195633810261e-01,6.964582814462e+00
6.534113411341e-02,1.719363281461e-02,1.196676977933e-01,6.960000779570e+00
6.544104410441e-02,1.721992277304e-02,1.197719716014e-01,6.955430240887e+00
6.554095409541e-02,1.724621273148e-02,1.198762025773e-01,6.950871153205e+00
6.564086408641e-02,1.727250268991e-02,1.199803908475e-01,6.946323471562e+00
6.574077407741e-02,1.729879264834e-02,1.200845365382e-01,6.941787151237e+00
6.584068406841e-02,1.732508260677e-02,1.201886397746e-01,6.937262147751e+00
6.594059405941e-02,1.735137256520e-02,1.202927006819e-01,6.932748416865e+00
6.604050405041e-02,1.737766252364e-02,1.203967193843e-01,6.928245914579e+00
6.614041404140e-02,1.740395248207e-02,1.205006960059e-01,6.923754597127e+00
6.624032403240e-02,1.743024244050e-02,1.206046306700e-01,6.919274420980e+00
6.634023402340e-02,1.745653239893e-02,1.207085234996e-01,6.914805342842e+00
6.644014401440e-02,1.748282235736e-02,1.208123746171e-01,6.910347319646e+00
6.654005400540e-02,1.750911231580e-02,1.209161841443e-01,6.905900308560e+00
6.663996399640e-02,1.753540227423e-02,1.210199522026e-01,6.901464266975e+00
6.673987398740e-02,1.756169223266e-02,1.211236789130e-01,6.897039152512e+00
6.683978397840e-02,1.758798219109e-02,1.212273643959e-01,6.892624923017e+00
6.693969396940e-02,1.761427214953e-02,1.213310087712e-01,6.888221536559e+00
6.703960396040e-02,1.764056210796e-02,1.214346121583e-01,6.883828951431e+00
6.713951395140e-02,1.766685206639e-02,1.215381746761e-01,6.879447126145e+00
6.723942394239e-02,1.769314202482e-02,1.216416964433e-01,6.875076019433e+00
6.733933393339e-02,1.771943198325e-02,1.217451775776e-01,6.870715590244e+00
6.743924392439e-02,1.774572194169e-02,1.218486181967e-01,6.866365797746e+00
6.753915391539e-02,1.777201190012e-02,1.219520184176e-01,6.862026601319e+00
6.763906390639e-02,1.779830185855e-02,1.220553783568e-01,6.857697960559e+00
6.773897389739e-02,1.782459181698e-02,1.221586981304e-01,6.853379835271e+00
6.783888388839e-02,1.785088177541e-02,1.222619778541e-01,6.849072185473e+00
6.793879387939e-02,1.787717173385e-02,1.223652176431e-01,6.844774971391e+00
6.803870387039e-02,1.790346169228e-02,1.224684176120e-01,6.840488153461e+00
6.813861386139e-02,1.792975165071e-02,1.225715778750e-01,6.836211692323e+00
6.823852385239e-02,1.795604160914e-02,1.226746985461e-01,6.831945548823e+00
6.833843384338e-02,1.798233156757e-02,1.227777797384e-01,6.827689684010e+00
6.843834383438e-02,1.800862152601e-02,1.228808215649e-01,6.823444059137e+00
6.853825382538e-02,1.803491148444e-02,1.229838241380e-01,6.819208635657e+00
6.863816381638e-02,1.806120144287e-02,1.230867875697e-01,6.814983375222e+00
6.873807380738e-02,1.808749140130e-02,1.231897119716e-01,6.810768239684e+00
6.883798379838e-02,1.811378135974e-02,1.232925974547e-01,6.806563191091e+00
6.893789378938e-02,1.814007131817e-02,1.233954441296e-01,6.802368191687e+00
6.903780378038e-02,1.816636127660e-02,1.234982521067e-01,6.798183203910e+00
6.913771377138e-02,1.819265123503e-02,1.236010214958e-01,6.794008190393e+00
6.923762376238e-02,1.821894119346e-02,1.237037524060e-01,6.789843113958e+00
6.933753375338e-02,1.824523115190e-02,1.238064449465e-01,6.785687937620e+00
6.943744374437e-02,1.827152111033e-02,1.239090992257e-01,6.781542624583e+00
6.953735373537e-02,1.829781106876e-02,1.240117153516e-01,6.777407138239e+00
6.963726372637e-02,1.832410102719e-02,1.241142934319e-01,6.773281442167e+00
6.973717371737e-02,1.835039098562e-02,1.242168335738e-01,6.769165500132e+00
6.983708370837e-02,1.837668094406e-02,1.243193358842e-01,6.765059276082e+00
6.993699369937e-02,1.840297090249e-02,1.244218004694e-01,6.760962734151e+00
7.003690369037e-02,1.842926086092e-02,1.245242274354e-01,6.756875838652e+00
7.013681368137e-02,1.845555081935e-02,1.246266168877e-01,6.752798554083e+00
7.023672367237e-02,1.848184077779e-02,1.247289689316e-01,6.748730845119e+00
7.033663366337e-02,1.850813073622e-02,1.248312836718e-01,6.744672676614e+00
7.043654365437e-02,1.853442069465e-02,1.249335612125e-01,6.740624013599e+00
7.053645364536e-02,1.856071065308e-02,1.250358016578e-01,6.736584821283e+00
7.063636363636e-02,1.858700061151e-02,1.251380051111e-01,6.732555065050e+00
7.073627362736e-02,1.861329056995e-02,1.252401716757e-01,6.728534710456e+00
7.083618361836e-02,1.863958052838e-02,1.253423014542e-01,6.724523723232e+00
7.093609360936e-02,1.866587048681e-02,1.254443945489e-01,6.720522069281e+00
7.103600360036e-02,1.869216044524e-02,1.255464510620e-01,6.716529714675e+00
7.113591359136e-02,1.871845040367e-02,1.256484710947e-01,6.712546625658e+00
7.123582358236e-02,1.874474036211e-02,1.257504547485e-01,6.708572768642e+00
7.133573357336e-02,1.877103032054e-02,1.258524021240e-01,6.704608110204e+00
7.143564356436e-02,1.879732027897e-02,1.259543133216e-01,6.700652617090e+00
7.153555355536e-02,1.882361023740e-02,1.260561884413e-01,6.696706256212e+00
7.163546354635e-02,1.884990019584e-02,1.261580275828e-01,6.692768994645e+00
7.173537353735e-02,1.887619015427e-02,1.262598308454e-01,6.688840799626e+00
7.183528352835e-02,1.890248011270e-02,1.263615983278e-01,6.684921638558e+00
7.193519351935e-02,1.892877007113e-02,1.264633301286e-01,6.681011479002e+00
7.203510351035e-02,1.895506002956e-02,1.265650263460e-01,6.677110288681e+00
7.213501350135e-02,1.898134998800e-02,1.266666870776e-01,6.673218035476e+00
7.223492349235e-02,1.900763994643e-02,1.267683124208e-01,6.669334687428e+00
7.233483348335e-02,1.903392990486e-02,1.268699024728e-01,6.665460212733e+00
7.243474347435e-02,1.906021986329e-02,1.269714573300e-01,6.661594579744e+00
7.253465346535e-02,1.908650982172e-02,1.270729770889e-01,6.657737756972e+00
7.263456345635e-02,1.911279978016e-02,1.271744618453e-01,6.653889713078e+00
7.273447344734e-02,1.913908973859e-02,1.272759116948e-01,6.650050416879e+00
7.283438343834e-02,1.916537969702e-02,1.273773267326e-01,6.646219837343e+00
7.293429342934e-02,1.919166965545e-02,1.274787070535e-01,6.642397943592e+00
7.303420342034e-02,1.921795961388e-02,1.275800527520e-01,6.638584704896e+00
7.313411341134e-02,1.924424957232e-02,1.276813639224e-01,6.634780090675e+00
7.323402340234e-02,1.927053953075e-02,1.277826406583e-01,6.630984070498e+00
7.333393339334e-02,1.929682948918e-02,1.278838830532e-01,6.627196614082e+00
7.343384338434e-02,1.932311944761e-02,1.279850912002e-01,6.623417691291e+00
7.353375337534e-02,1.934940940605e-02,1.280862651921e-01,6.619647272133e+00
7.363366336634e-02,1.937569936448e-02,1.281874051212e-01,6.615885326763e+00
7.373357335734e-02,1.940198932291e-02,1.282885110796e-01,6.612131825481e+00
7.383348334833e-02,1.942827928134e-02,1.283895831591e-01,6.608386738726e+00
7.393339333933e-02,1.945456923977e-02,1.284906214509e-01,6.604650037084e+00
7.403330333033e-02,1.948085919821e-02,1.285916260462e-01,6.600921691281e+00
7.413321332133e-02,1.950714915664e-02,1.286925970357e-01,6.597201672182e+00
7.423312331233e-02,1.953343911507e-02,1.287935345096e-01,6.593489950793e+00
7.433303330333e-02,1.955972907350e-02,1.288944385582e-01,6.589786498259e+00
7.443294329433e-02,1.958601903193e-02,1.289953092710e-01,6.586091285863e+00
7.453285328533e-02,1.961230899037e-02,1.290961467374e-01,6.582404285025e+00
7.463276327633e-02,1.963859894880e-02,1.291969510466e-01,6.578725467301e+00
7.473267326733e-02,1.966488890723e-02,1.292977222872e-01,6.575054804384e+00
7.483258325833e-02,1.969117886566e-02,1.293984605476e-01,6.571392268100e+00
7.493249324932e-02,1.971746882410e-02,1.294991659159e-01,6.567737830409e+00
7.503240324032e-02,1.974375878253e-02,1.295998384799e-01,6.564091463406e+00
7.513231323132e-02,1.977004874096e-02,1.297004783270e-01,6.560453139315e+00
7.523222322232e-02,1.979633869939e-02,1.298010855444e-01,6.556822830496e+00
7.533213321332e-02,1.982262865782e-02,1.299016602188e-01,6.553200509435e+00
7.543204320432e-02,1.984891861626e-02,1.300022024367e-01,6.549586148750e+00
7.553195319532e-02,1.987520857469e-02,1.301027122843e-01,6.545979721190e+00
7.563186318632e-02,1.990149853312e-02,1.302031898475e-01,6.542381199629e+00
7.573177317732e-02,1.992778849155e-02,1.303036352118e-01,6.538790557070e+00
7.583168316832e-02,1.995407844998e-02,1.304040484625e-01,6.535207766643e+00
7.593159315932e-02,1.998036840842e-02,1.305044296846e-01,6.531632801605e+00
7.603150315032e-02,2.000665836685e-02,1.306047789625e-01,6.528065635335e+00
7.613141314131e-02,2.003294832528e-02,1.307050963808e-01,6.524506241341e+00
7.623132313231e-02,2.005923828371e-02,1.308053820233e-01,6.520954593252e+00
7.633123312331e-02,2.008552824215e-02,1.309056359739e-01,6.517410664820e+00
7.643114311431e-02,2.011181820058e-02,1.310058583159e-01,6.513874429920e+00
7.653105310531e-02,2.013810815901e-02,1.311060491326e-01,6.510345862549e+00
7.663096309631e-02,2.016439811744e-02,1.312062085066e-01,6.506824936824e+00
7.673087308731e-02,2.019068807587e-02,1.313063365206e-01,6.503311626983e+00
7.683078307831e-02,2.021697803431e-02,1.314064332568e-01,6.499805907384e+00
7.693069306931e-02,2.024326799274e-02,1.315064987972e-01,6.496307752501e+00
7.703060306031e-02,2.026955795117e-02,1.316065332233e-01,6.492817136929e+00
7.713051305131e-02,2.029584790960e-02,1.317065366167e-01,6.489334035380e+00
7.723042304230e-02,2.032213786803e-02,1.318065090583e-01,6.485858422681e+00
7.733033303330e-02,2.034842782647e-02,1.319064506289e-01,6.482390273775e+00
7.743024302430e-02,2.037471778490e-02,1.320063614091e-01,6.478929563724e+00
7.753015301530e-02,2.040100774333e-02,1.321062414791e-01,6.475476267699e+00
7.763006300630e-02,2.042729770176e-02,1.322060909188e-01,6.472030360990e+00
7.772997299730e-02,2.045358766019e-02,1.323059098079e-01,6.468591818997e+00
7.782988298830e-02,2.047987761863e-02,1.324056982257e-01,6.465160617235e+00
7.792979297930e-02,2.050616757706e-02,1.325054562514e-01,6.461736731328e+00
7.802970297030e-02,2.053245753549e-02,1.326051839638e-01,6.458320137014e+00
7.812961296130e-02,2.055874749392e-02,1.327048814415e-01,6.454910810140e+00
7.822952295230e-02,2.058503745236e-02,1.328045487626e-01,6.451508726665e+00
7.832943294329e-02,2.061132741079e-02,1.329041860052e-01,6.448113862656e+00
7.842934293429e-02,2.063761736922e-02,1.330037932471e-01,6.444726194288e+00
7.852925292529e-02,2.066390732765e-02,1.331033705657e-01,6.441345697846e+00
7.862916291629e-02,2.069019728608e-02,1.332029180381e-01,6.437972349720e+00
7.872907290729e-02,2.071648724452e-02,1.333024357413e-01,6.434606126411e+00
7.882898289829e-02,2.074277720295e-02,1.334019237519e-01,6.431247004521e+00
7.892889288929e-02,2.076906716138e-02,1.335013821464e-01,6.427894960762e+00
7.902880288029e-02,2.079535711981e-02,1.336008110008e-01,6.424549971949e+00
7.912871287129e-02,2.082164707824e-02,1.337002103909e-01,6.421212015002e+00
7.922862286229e-02,2.084793703668e-02,1.337995803925e-01,6.417881066944e+00
7.932853285329e-02,2.087422699511e-02,1.338989210808e-01,6.414557104902e+00
7.942844284428e-02,2.090051695354e-02,1.339982325309e-01,6.411240106107e+00
7.952835283528e-02,2.092680691197e-02,1.340975148176e-01,6.407930047889e+00
7.962826282628e-02,2.095309687041e-02,1.341967680155e-01,6.404626907682e+00
7.972817281728e-02,2.097938682884e-02,1.342959921988e-01,6.401330663020e+00
7.982808280828e-02,2.100567678727e-02,1.343951874416e-01,6.398041291537e+00
7.992799279928e-02,2.103196674570e-02,1.344943538178e-01,6.394758770967e+00
8.002790279028e-02,2.105825670413e-02,1.345934914007e-01,6.391483079144e+00
8.012781278128e-02,2.108454666257e-02,1.346926002639e-01,6.388214194000e+00
8.022772277228e-02,2.111083662100e-02,1.347916804801e-01,6.384952093564e+00
8.032763276328e-02,2.113712657943e-02,1.348907321224e-01,6.381696755965e+00
8.042754275428e-02,2.116341653786e-02,1.349897552631e-01,6.378448159426e+00
8.052745274527e-02,2.118970649629e-02,1.350887499746e-01,6.375206282269e+00
8.062736273627e-02,2.121599645473e-02,1.351877163290e-01,6.371971102911e+00
8.072727272727e-02,2.124228641316e-02,1.352866543980e-01,6.368742599863e+00
8.082718271827e-02,2.126857637159e-02,1.353855642532e-01,6.365520751733e+00
8.092709270927e-02,2.129486633002e-02,1.354844459659e-01,6.362305537222e+00
8.102700270027e-02,2.132115628846e-02,1.355832996072e-01,6.359096935125e+00
8.112691269127e-02,2.134744624689e-02,1.356821252480e-01,6.355894924329e+00
8.122682268227e-02,2.137373620532e-02,1.357809229588e-01,6.352699483817e+00
8.132673267327e-02,2.140002616375e-02,1.358796928099e-01,6.349510592660e+00
8.142664266427e-02,2.142631612218e-02,1.359784348716e-01,6.346328230024e+00
8.152655265527e-02,2.145260608062e-02,1.360771492137e-01,6.343152375165e+00
8.162646264626e-02,2.147889603905e-02,1.361758359059e-01,6.339983007428e+00
8.172637263726e-02,2.150518599748e-02,1.362744950175e-01,6.336820106251e+00
8.182628262826e-02,2.153147595591e-02,1.363731266178e-01,6.333663651159e+00
8.192619261926e-02,2.155776591434e-02,1.364717307757e-01,6.330513621769e+00
8.202610261026e-02,2.158405587278e-02,1.365703075599e-01,6.327369997784e+00
8.212601260126e-02,2.161034583121e-02,1.366688570390e-01,6.324232758996e+00
8.222592259226e-02,2.163663578964e-02,1.367673792811e-01,6.321101885285e+00
8.232583258326e-02,2.166292574807e-02,1.368658743544e-01,6.317977356618e+00
8.242574257426e-02,2.168921570650e-02,1.369643423267e-01,6.314859153050e+00
8.252565256526e-02,2.171550566494e-02,1.370627832655e-01,6.311747254718e+00
8.262556255626e-02,2.174179562337e-02,1.371611972382e-01,6.308641641850e+00
8.272547254725e-02,2.176808558180e-02,1.372595843119e-01,6.305542294757e+00
8.282538253825e-02,2.179437554023e-02,1.373579445536e-01,6.302449193833e+00
8.292529252925e-02,2.182066549867e-02,1.374562780300e-01,6.299362319559e+00
8.302520252025e-02,2.184695545710e-02,1.375545848075e-01,6.296281652500e+00
8.312511251125e-02,2.187324541553e-02,1.376528649524e-01,6.293207173301e+00
8.322502250225e-02,2.189953537396e-02,1.377511185307e-01,6.290138862695e+00
8.332493249325e-02,2.192582533239e-02,1.378493456083e-01,6.287076701493e+00
8.342484248425e-02,2.195211529083e-02,1.379475462507e-01,6.284020670590e+00
8.352475247525e-02,2.197840524926e-02,1.380457205234e-01,6.280970750963e+00
8.362466246625e-02,2.200469520769e-02,1.381438684915e-01,6.277926923670e+00
8.372457245725e-02,2.203098516612e-02,1.382419902200e-01,6.274889169848e+00
8.382448244824e-02,2.205727512455e-02,1.383400857736e-01,6.271857470718e+00
8.392439243924e-02,2.208356508299e-02,1.384381552169e-01,6.268831807576e+00
8.402430243024e-02,2.210985504142e-02,1.385361986142e-01,6.265812161801e+00
8.412421242124e-02,2.213614499985e-02,1.386342160296e-01,6.262798514851e+00
8.422412241224e-02,2.216243495828e-02,1.387322075270e-01,6.259790848260e+00
8.432403240324e-02,2.218872491672e-02,1.388301731702e-01,6.256789143642e+00
8.442394239424e-02,2.221501487515e-02,1.389281130225e-01,6.253793382689e+00
8.452385238524e-02,2.224130483358e-02,1.390260271474e-01,6.250803547169e+00
8.462376237624e-02,2.226759479201e-02,1.391239156079e-01,6.247819618927e+00
8.472367236724e-02,2.229388475044e-02,1.392217784668e-01,6.244841579887e+00
8.482358235824e-02,2.232017470888e-02,1.393196157868e-01,6.241869412045e+00
8.492349234923e-02,2.234646466731e-02,1.394174276305e-01,6.238903097475e+00
8.502340234023e-02,2.237275462574e-02,1.395152140600e-01,6.235942618328e+00
8.512331233123e-02,2.239904458417e-02,1.396129751375e-01,6.232987956825e+00
8.522322232223e-02,2.242533454260e-02,1.397107109249e-01,6.230039095266e+00
8.532313231323e-02,2.245162450104e-02,1.398084214837e-01,6.227096016024e+00
8.542304230423e-02,2.247791445947e-02,1.399061068754e-01,6.224158701543e+00
8.552295229523e-02,2.250420441790e-02,1.400037671614e-01,6.221227134343e+00
8.562286228623e-02,2.253049437633e-02,1.401014024028e-01,6.218301297017e+00
8.572277227723e-02,2.255678433477e-02,1.401990126603e-01,6.215381172228e+00
8.582268226823e-02,2.258307429320e-02,1.402965979947e-01,6.212466742714e+00
8.592259225923e-02,2.260936425163e-02,1.403941584665e-01,6.209557991283e+00
8.602250225023e-02,2.263565421006e-02,1.404916941360e-01,6.206654900815e+00
8.612241224122e-02,2.266194416849e-02,1.405892050633e-01,6.203757454260e+00
8.622232223222e-02,2.268823412693e-02,1.406866913083e-01,6.200865634640e+00
8.632223222322e-02,2.271452408536e-02,1.407841529308e-01,6.197979425046e+00
8.642214221422e-02,2.274081404379e-02,1.408815899902e-01,6.195098808640e+00
8.652205220522e-02,2.276710400222e-02,1.409790025460e-01,6.192223768653e+00
8.662196219622e-02,2.279339396065e-02,1.410763906572e-01,6.189354288384e+00
8.672187218722e-02,2.281968391909e-02,1.411737543829e-01,6.186490351203e+00
8.682178217822e-02,2.284597387752e-02,1.412710937819e-01,6.183631940546e+00
8.692169216922e-02,2.287226383595e-02,1.413684089127e-01,6.180779039918e+00
8.702160216022e-02,2.289855379438e-02,1.414656998338e-01,6.177931632893e+00
8.712151215122e-02,2.292484375281e-02,1.415629666034e-01,6.175089703110e+00
8.722142214221e-02,2.295113371125e-02,1.416602092796e-01,6.172253234278e+00
8.732133213321e-02,2.297742366968e-02,1.417574279202e-01,6.169422210168e+00
8.742124212421e-02,2.300371362811e-02,1.418546225828e-01,6.166596614622e+00
8.752115211521e-02,2.303000358654e-02,1.419517933251e-01,6.163776431545e+00
8.762106210621e-02,2.305629354498e-02,1.420489402044e-01,6.160961644909e+00
8.772097209721e-02,2.308258350341e-02,1.421460632777e-01,6.158152238751e+00
8.782088208821e-02,2.310887346184e-02,1.422431626020e-01,6.155348197172e+00
8.792079207921e-02,2.313516342027e-02,1.423402382342e-01,6.152549504339e+00
8.802070207021e-02,2.316145337870e-02,1.424372902308e-01,6.149756144482e+00
8.812061206121e-02,2.318774333714e-02,1.425343186483e-01,6.146968101896e+00
8.822052205221e-02,2.321403329557e-02,1.426313235430e-01,6.144185360939e+00
8.832043204320e-02,2.324032325400e-02,1.427283049708e-01,6.141407906031e+00
8.842034203420e-02,2.326661321243e-02,1.428252629878e-01,6.138635721657e+00
8.852025202520e-02,2.329290317086e-02,1.429221976497e-01,6.135868792365e+00
8.862016201620e-02,2.331919312930e-02,1.430191090120e-01,6.133107102762e+00
8.872007200720e-02,2.334548308773e-02,1.431159971301e-01,6.130350637520e+00
8.881998199820e-02,2.337177304616e-02,1.432128620592e-01,6.127599381371e+00
8.891989198920e-02,2.339806300459e-02,1.433097038544e-01,6.124853319111e+00
8.901980198020e-02,2.342435296303e-02,1.434065225706e-01,6.122112435592e+00
8.911971197120e-02,2.345064292146e-02,1.435033182625e-01,6.119376715732e+00
8.921962196220e-02,2.347693287989e-02,1.436000909846e-01,6.116646144507e+00
8.931953195320e-02,2.350322283832e-02,1.436968407913e-01,6.113920706952e+00
8.941944194419e-02,2.352951279675e-02,1.437935677368e-01,6.111200388163e+00
8.951935193519e-02,2.355580275519e-02,1.438902718751e-01,6.108485173296e+00
8.961926192619e-02,2.358209271362e-02,1.439869532602e-01,6.105775047566e+00
8.971917191719e-02,2.360838267205e-02,1.440836119457e-01,6.103069996246e+00
8.981908190819e-02,2.363467263048e-02,1.441802479851e-01,6.100370004668e+00
8.991899189919e-02,2.366096258891e-02,1.442768614319e-01,6.097675058222e+00
9.001890189019e-02,2.368725254735e-02,1.443734523393e-01,6.094985142357e+00
9.011881188119e-02,2.371354250578e-02,1.444700207603e-01,6.092300242578e+00
9.021872187219e-02,2.373983246421e-02,1.445665667479e-01,6.089620344449e+00
9.031863186319e-02,2.376612242264e-02,1.446630903547e-01,6.086945433591e+00
9.041854185419e-02,2.379241238108e-02,1.447595916333e-01,6.084275495681e+00
9.051845184518e-02,2.381870233951e-02,1.448560706362e-01,6.081610516452e+00
9.061836183618e-02,2.384499229794e-02,1.449525274156e-01,6.078950481695e+00
9.071827182718e-02,2.387128225637e-02,1.450489620236e-01,6.076295377256e+00
9.081818181818e-02,2.389757221480e-02,1.451453745121e-01,6.073645189036e+00
9.091809180918e-02,2.392386217324e-02,1.452417649329e-01,6.070999902993e+00
9.101800180018e-02,2.395015213167e-02,1.453381333377e-01,6.068359505139e+00
9.111791179118e-02,2.397644209010e-02,1.454344797779e-01,6.065723981541e+00
9.121782178218e-02,2.400273204853e-02,1.455308043049e-01,6.063093318321e+00
9.131773177318e-02,2.402902200696e-02,1.456271069697e-01,6.060467501654e+00
9.141764176418e-02,2.405531196540e-02,1.457233878235e-01,6.057846517772e+00
9.151755175518e-02,2.408160192383e-02,1.458196469170e-01,6.055230352957e+00
9.161746174617e-02,2.410789188226e-02,1.459158843010e-01,6.052618993547e+00
9.171737173717e-02,2.413418184069e-02,1.460121000259e-01,6.050012425933e+00
9.181728172817e-02,2.416047179912e-02,1.461082941423e-01,6.047410636558e+00
9.191719171917e-02,2.418676175756e-02,1.462044667003e-01,6.044813611918e+00
9.201710171017e-02,2.421305171599e-02,1.463006177501e-01,6.042221338563e+00
9.211701170117e-02,2.423934167442e-02,1.463967473415e-01,6.039633803092e+00
9.221692169217e-02,2.426563163285e-02,1.464928555245e-01,6.037050992159e+00
9.231683168317e-02,2.429192159129e-02,1.465889423486e-01,6.034472892468e+00
9.241674167417e-02,2.431821154972e-02,1.466850078633e-01,6.031899490776e+00
9.251665166517e-02,2.434450150815e-02,1.467810521181e-01,6.029330773889e+00
9.261656165617e-02,2.437079146658e-02,1.468770751620e-01,6.026766728665e+00
9.271647164716e-02,2.439708142501e-02,1.469730770443e-01,6.024207342013e+00
9.281638163816e-02,2.442337138345e-02,1.470690578137e-01,6.021652600892e+00
9.291629162916e-02,2.444966134188e-02,1.471650175191e-01,6.019102492311e+00
9.301620162016e-02,2.447595130031e-02,1.472609562090e-01,6.016557003329e+00
9.311611161116e-02,2.450224125874e-02,1.473568739321e-01,6.014016121056e+00
9.321602160216e-02,2.452853121717e-02,1.474527707365e-01,6.011479832649e+00
9.331593159316e-02,2.455482117561e-02,1.475486466706e-01,6.008948125316e+00
9.341584158416e-02,2.458111113404e-02,1.476445017824e-01,6.006420986313e+00
9.351575157516e-02,2.460740109247e-02,1.477403361197e-01,6.003898402946e+00
9.361566156616e-02,2.463369105090e-02,1.478361497305e-01,6.001380362568e+00
9.371557155716e-02,2.465998100934e-02,1.479319426622e-01,5.998866852581e+00
9.381548154815e-02,2.468627096777e-02,1.480277149624e-01,5.996357860434e+00
9.391539153915e-02,2.471256092620e-02,1.481234666785e-01,5.993853373627e+00
9.401530153015e-02,2.473885088463e-02,1.482191978576e-01,5.991353379703e+00
9.411521152115e-02,2.476514084306e-02,1.483149085469e-01,5.988857866255e+00
9.421512151215e-02,2.479143080150e-02,1.484105987933e-01,5.986366820923e+00
9.431503150315e-02,2.481772075993e-02,1.485062686436e-01,5.983880231393e+00
9.441494149415e-02,2.484401071836e-02,1.486019181444e-01,5.981398085398e+00
9.451485148515e-02,2.487030067679e-02,1.486975473424e-01,5.978920370718e+00
9.461476147615e-02,2.489659063522e-02,1.487931562838e-01,5.976447075179e+00
9.471467146715e-02,2.492288059366e-02,1.488887450150e-01,5.973978186652e+00
9.481458145815e-02,2.494917055209e-02,1.489843135821e-01,5.971513693054e+00
9.491449144914e-02,2.497546051052e-02,1.490798620311e-01,5.969053582348e+00
9.501440144014e-02,2.500175046895e-02,1.491753904079e-01,5.966597842543e+00
9.511431143114e-02,2.502804042739e-02,1.492708987581e-01,5.964146461692e+00
9.521422142214e-02,2.505433038582e-02,1.493663871274e-01,5.961699427893e+00
9.531413141314e-02,2.508062034425e-02,1.494618555612e-01,5.959256729288e+00
9.541404140414e-02,2.510691030268e-02,1.495573041049e-01,5.956818354066e+00
9.551395139514e-02,2.513320026111e-02,1.496527328037e-01,5.954384290457e+00
9.561386138614e-02,2.515949021955e-02,1.497481417026e-01,5.951954526737e+00
9.571377137714e-02,2.518578017798e-02,1.498435308466e-01,5.949529051225e+00
9.581368136814e-02,2.521207013641e-02,1.499389002806e-01,5.947107852284e+00
9.591359135914e-02,2.523836009484e-02,1.500342500491e-01,5.944690918321e+00
9.601350135014e-02,2.526465005327e-02,1.501295801968e-01,5.942278237785e+00
9.611341134113e-02,2.529094001171e-02,1.502248907681e-01,5.939869799168e+00
9.621332133213e-02,2.531722997014e-02,1.503201818073e-01,5.937465591005e+00
9.631323132313e-02,2.534351992857e-02,1.504154533585e-01,5.935065601875e+00
9.641314131413e-02,2.536980988700e-02,1.505107054659e-01,5.932669820398e+00
9.651305130513e-02,2.539609984543e-02,1.506059381733e-01,5.930278235236e+00
9.661296129613e-02,2.542238980387e-02,1.507011515245e-01,5.927890835093e+00
9.671287128713e-02,2.544867976230e-02,1.507963455633e-01,5.925507608715e+00
9.681278127813e-02,2.547496972073e-02,1.508915203331e-01,5.923128544891e+00
9.691269126913e-02,2.550125967916e-02,1.509866758774e-01,5.920753632448e+00
9.701260126013e-02,2.552754963760e-02,1.510818122395e-01,5.918382860259e+00
9.711251125113e-02,2.555383959603e-02,1.511769294627e-01,5.916016217233e+00
9.721242124212e-02,2.558012955446e-02,1.512720275898e-01,5.913653692323e+00
9.731233123312e-02,2.560641951289e-02,1.513671066640e-01,5.911295274521e+00
9.741224122412e-02,2.563270947132e-02,1.514621667279e-01,5.908940952861e+00
9.751215121512e-02,2.565899942976e-02,1.515572078243e-01,5.906590716416e+00
9.761206120612e-02,2.568528938819e-02,1.516522299958e-01,5.904244554300e+00
9.771197119712e-02,2.571157934662e-02,1.517472332848e-01,5.901902455665e+00
9.781188118812e-02,2.573786930505e-02,1.518422177337e-01,5.899564409705e+00
9.791179117912e-02,2.576415926348e-02,1.519371833847e-01,5.897230405651e+00
9.801170117012e-02,2.579044922192e-02,1.520321302798e-01,5.894900432777e+00
9.811161116112e-02,2.581673918035e-02,1.521270584611e-01,5.892574480392e+00
9.821152115212e-02,2.584302913878e-02,1.522219679703e-01,5.890252537847e+00
9.831143114311e-02,2.586931909721e-02,1.523168588494e-01,5.887934594529e+00
9.841134113411e-02,2.589560905565e-02,1.524117311398e-01,5.885620639867e+00
9.851125112511e-02,2.592189901408e-02,1.525065848832e-01,5.883310663325e+00
9.861116111611e-02,2.594818897251e-02,1.526014201208e-01,5.881004654408e+00
9.871107110711e-02,2.597447893094e-02,1.526962368940e-01,5.878702602657e+00
9.881098109811e-02,2.600076888937e-02,1.527910352439e-01,5.876404497651e+00
9.891089108911e-02,2.602705884781e-02,1.528858152116e-01,5.874110329010e+00
9.901080108011e-02,2.605334880624e-02,1.529805768381e-01,5.871820086386e+00
9.911071107111e-02,2.607963876467e-02,1.530753201641e-01,5.869533759473e+00
9.921062106211e-02,2.610592872310e-02,1.531700452303e-01,5.867251338000e+00
9.931053105311e-02,2.613221868153e-02,1.532647520775e-01,5.864972811733e+00
9.941044104410e-02,2.615850863997e-02,1.533594407459e-01,5.862698170475e+00
9.951035103510e-02,2.618479859840e-02,1.534541112761e-01,5.860427404068e+00
9.961026102610e-02,2.621108855683e-02,1.535487637082e-01,5.858160502387e+00
9.971017101710e-02,2.623737851526e-02,1.536433980824e-01,5.855897455344e+00
9.981008100810e-02,2.626366847370e-02,1.537380144388e-01,5.853638252889e+00
9.990999099910e-02,2.628995843213e-02,1.538326128173e-01,5.851382885008e+00
1.000099009901e-01,2.631624839056e-02,1.539271932577e-01,5.849131341720e+00
1.001098109811e-01,2.634253834899e-02,1.540217557997e-01,5.846883613082e+00
1.002097209721e-01,2.636882830742e-02,1.541163004829e-01,5.844639689186e+00
1.003096309631e-01,2.639511826586e-02,1.542108273468e-01,5.842399560160e+00
1.004095409541e-01,2.642140822429e-02,1.543053364308e-01,5.840163216167e+00
1.005094509451e-01,2.644769818272e-02,1.543998277742e-01,5.837930647403e+00
1.006093609361e-01,2.647398814115e-02,1.544943014160e-01,5.835701844101e+00
1.007092709271e-01,2.650027809958e-02,1.545887573955e-01,5.833476796529e+00
1.008091809181e-01,2.652656805802e-02,1.546831957515e-01,5.831255494987e+00
1.009090909091e-01,2.655285801645e-02,1.547776165228e-01,5.829037929814e+00
1.010090009001e-01,2.657914797488e-02,1.548720197483e-01,5.826824091377e+00
1.011089108911e-01,2.660543793331e-02,1.549664054666e-01,5.824613970084e+00
1.012088208821e-01,2.663172789174e-02,1.550607737161e-01,5.822407556370e+00
1.013087308731e-01,2.665801785018e-02,1.551551245353e-01,5.820204840710e+00
1.014086408641e-01,2.668430780861e-02,1.552494579626e-01,5.818005813609e+00
1.015085508551e-01,2.671059776704e-02,1.553437740361e-01,5.815810465605e+00
1.016084608461e-01,2.673688772547e-02,1.554380727940e-01,5.813618787272e+00
1.017083708371e-01,2.676317768391e-02,1.555323542743e-01,5.811430769216e+00
1.018082808281e-01,2.678946764234e-02,1.556266185148e-01,5.809246402076e+00
1.019081908191e-01,2.681575760077e-02,1.557208655534e-01,5.807065676523e+00
1.020081008101e-01,2.684204755920e-02,1.558150954278e-01,5.804888583262e+00
1.021080108011e-01,2.686833751763e-02,1.559093081755e-01,5.802715113029e+00
1.022079207921e-01,2.689462747607e-02,1.560035038342e-01,5.800545256595e+00
1.023078307831e-01,2.692091743450e-02,1.560976824411e-01,5.798379004762e+00
1.024077407741e-01,2.694720739293e-02,1.561918440336e-01,5.796216348363e+00
1.025076507651e-01,2.697349735136e-02,1.562859886489e-01,5.794057278265e+00
1.026075607561e-01,2.699978730979e-02,1.563801163241e-01,5.791901785364e+00
1.027074707471e-01,2.702607726823e-02,1.564742270961e-01,5.789749860593e+00
1.028073807381e-01,2.705236722666e-02,1.565683210019e-01,5.787601494910e+00
1.029072907291e-01,2.707865718509e-02,1.566623980782e-01,5.785456679309e+00
1.030072007201e-01,2.710494714352e-02,1.567564583618e-01,5.783315404815e+00
1.031071107111e-01,2.713123710196e-02,1.568505018893e-01,5.781177662482e+00
1.032070207021e-01,2.715752706039e-02,1.569445286972e-01,5.779043443396e+00
1.033069306931e-01,2.718381701882e-02,1.570385388218e-01,5.776912738674e+00
1.034068406841e-01,2.721010697725e-02,1.571325322995e-01,5.774785539466e+00
1.035067506751e-01,2.723639693568e-02,1.572265091666e-01,5.772661836948e+00
1.036066606661e-01,2.726268689412e-02,1.573204694591e-01,5.770541622330e+00
1.037065706571e-01,2.728897685255e-02,1.574144132130e-01,5.768424886852e+00
1.038064806481e-01,2.731526681098e-02,1.575083404643e-01,5.766311621783e+00
1.039063906391e-01,2.734155676941e-02,1.576022512487e-01,5.764201818422e+00
1.040063006301e-01,2.736784672784e-02,1.576961456022e-01,5.762095468100e+00
1.041062106211e-01,2.739413668628e-02,1.577900235602e-01,5.759992562175e+00
1.042061206121e-01,2.742042664471e-02,1.578838851583e-01,5.757893092038e+00
1.043060306031e-01,2.744671660314e-02,1.579777304320e-01,5.755797049106e+00
1.044059405941e-01,2.747300656157e-02,1.580715594167e-01,5.753704424828e+00
1.045058505851e-01,2.749929652000e-02,1.581653721475e-01,5.751615210682e+00
1.046057605761e-01,2.752558647844e-02,1.582591686597e-01,5.749529398173e+00
1.047056705671e-01,2.755187643687e-02,1.583529489884e-01,5.747446978839e+00
1.048055805581e-01,2.757816639530e-02,1.584467131686e-01,5.745367944243e+00
1.049054905491e-01,2.760445635373e-02,1.585404612350e-01,5.743292285979e+00
1.050054005401e-01,2.763074631217e-02,1.586341932227e-01,5.741219995669e+00
1.051053105311e-01,2.765703627060e-02,1.587279091661e-01,5.739151064963e+00
1.052052205221e-01,2.768332622903e-02,1.588216091001e-01,5.737085485542e+00
1.053051305131e-01,2.770961618746e-02,1.589152930591e-01,5.735023249112e+00
1.054050405041e-01,2.773590614589e-02,1.590089610775e-01,5.732964347409e+00
1.055049504950e-01,2.776219610433e-02,1.591026131897e-01,5.730908772196e+00
1.056048604860e-01,2.778848606276e-02,1.591962494300e-01,5.728856515266e+00
1.057047704770e-01,2.781477602119e-02,1.592898698326e-01,5.726807568438e+00
1.058046804680e-01,2.784106597962e-02,1.593834744314e-01,5.724761923558e+00
1.059045904590e-01,2.786735593805e-02,1.594770632606e-01,5.722719572502e+00
1.060045004500e-01,2.789364589649e-02,1.595706363540e-01,5.720680507172e+00
1.061044104410e-01,2.791993585492e-02,1.596641937454e-01,5.718644719497e+00
1.062043204320e-01,2.794622581335e-02,1.597577354686e-01,5.716612201434e+00
1.063042304230e-01,2.797251577178e-02,1.598512615572e-01,5.714582944967e+00
1.064041404140e-01,2.799880573022e-02,1.599447720448e-01,5.712556942106e+00
1.065040504050e-01,2.802509568865e-02,1.600382669648e-01,5.710534184890e+00
1.066039603960e-01,2.805138564708e-02,1.601317463507e-01,5.708514665383e+00
1.067038703870e-01,2.807767560551e-02,1.602252102356e-01,5.706498375677e+00
1.068037803780e-01,2.810396556394e-02,1.603186586529e-01,5.704485307888e+00
1.069036903690e-01,2.813025552238e-02,1.604120916356e-01,5.702475454160e+00
1.070036003600e-01,2.815654548081e-02,1.605055092168e-01,5.700468806666e+00
1.071035103510e-01,2.818283543924e-02,1.605989114294e-01,5.698465357600e+00
1.072034203420e-01,2.820912539767e-02,1.606922983064e-01,5.696465099186e+00
1.073033303330e-01,2.823541535610e-02,1.607856698804e-01,5.694468023671e+00
1.074032403240e-01,2.826170531454e-02,1.608790261842e-01,5.692474123332e+00
1.075031503150e-01,2.828799527297e-02,1.609723672505e-01,5.690483390468e+00
1.076030603060e-01,2.831428523140e-02,1.610656931116e-01,5.688495817405e+00
1.077029702970e-01,2.834057518983e-02,1.611590038002e-01,5.686511396494e+00
1.078028802880e-01,2.836686514827e-02,1.612522993485e-01,5.684530120112e+00
1.079027902790e-01,2.839315510670e-02,1.613455797888e-01,5.682551980663e+00
1.080027002700e-01,2.841944506513e-02,1.614388451534e-01,5.680576970571e+00
1.081026102610e-01,2.844573502356e-02,1.615320954743e-01,5.678605082292e+00
1.082025202520e-01,2.847202498199e-02,1.616253307836e-01,5.676636308301e+00
1.083024302430e-01,2.849831494043e-02,1.617185511133e-01,5.674670641102e+00
1.084023402340e-01,2.852460489886e-02,1.618117564952e-01,5.672708073221e+00
1.085022502250e-01,2.855089485729e-02,1.619049469611e-01,5.670748597211e+00
1.086021602160e-01,2.857718481572e-02,1.619981225427e-01,5.668792205648e+00
1.087020702070e-01,2.860347477415e-02,1.620912832717e-01,5.666838891133e+00
1.088019801980e-01,2.862976473259e-02,1.621844291796e-01,5.664888646290e+00
1.089018901890e-01,2.865605469102e-02,1.622775602979e-01,5.662941463771e+00
1.090018001800e-01,2.868234464945e-02,1.623706766579e-01,5.660997336248e+00
1.091017101710e-01,2.870863460788e-02,1.624637782910e-01,5.659056256420e+00
1.092016201620e-01,2.873492456631e-02,1.625568652285e-01,5.657118217008e+00
1.093015301530e-01,2.876121452475e-02,1.626499375014e-01,5.655183210758e+00
1.094014401440e-01,2.878750448318e-02,1.627429951408e-01,5.653251230439e+00
1.095013501350e-01,2.881379444161e-02,1.628360381778e-01,5.651322268845e+00
1.096012601260e-01,2.884008440004e-02,1.629290666433e-01,5.649396318792e+00
1.097011701170e-01,2.886637435848e-02,1.630220805680e-01,5.647473373121e+00
1.098010801080e-01,2.889266431691e-02,1.631150799829e-01,5.645553424694e+00
1.099009900990e-01,2.891895427534e-02,1.632080649184e-01,5.643636466399e+00
1.100009000900e-01,2.894524423377e-02,1.633010354054e-01,5.641722491146e+00
1.101008100810e-01,2.897153419220e-02,1.633939914742e-01,5.639811491868e+00
1.102007200720e-01,2.899782415064e-02,1.634869331554e-01,5.637903461520e+00
1.103006300630e-01,2.902411410907e-02,1.635798604794e-01,5.635998393083e+00
1.104005400540e-01,2.905040406750e-02,1.636727734763e-01,5.634096279557e+00
1.105004500450e-01,2.907669402593e-02,1.637656721766e-01,5.632197113968e+00
1.106003600360e-01,2.910298398436e-02,1.638585566102e-01,5.630300889361e+00
1.107002700270e-01,2.912927394280e-02,1.639514268074e-01,5.628407598808e+00
1.108001800180e-01,2.915556390123e-02,1.640442827981e-01,5.626517235400e+00
1.109000900090e-01,2.918185385966e-02,1.641371246122e-01,5.624629792251e+00
1.110000000000e-01,2.920814381809e-02,1.642299522795e-01,5.622745262498e+00
1.110999099910e-01,2.923443377653e-02,1.643227658300e-01,5.620863639300e+00
1.111998199820e-01,2.926072373496e-02,1.644155652932e-01,5.618984915837e+00
1.112997299730e-01,2.928701369339e-02,1.645083506988e-01,5.617109085313e+00
1.113996399640e-01,2.931330365182e-02,1.646011220764e-01,5.615236140952e+00
1.114995499550e-01,2.933959361025e-02,1.646938794554e-01,5.613366076001e+00
1.115994599460e-01,2.936588356869e-02,1.647866228653e-01,5.611498883727e+00
1.116993699370e-01,2.939217352712e-02,1.648793523354e-01,5.609634557421e+00
1.117992799280e-01,2.941846348555e-02,1.649720678950e-01,5.607773090394e+00
1.118991899190e-01,2.944475344398e-02,1.650647695732e-01,5.605914475979e+00
1.119990999100e-01,2.947104340241e-02,1.651574573993e-01,5.604058707529e+00
1.120990099010e-01,2.949733336085e-02,1.652501314021e-01,5.602205778421e+00
1.121989198920e-01,2.952362331928e-02,1.653427916108e-01,5.600355682050e+00
1.122988298830e-01,2.954991327771e-02,1.654354380542e-01,5.598508411834e+00
1.123987398740e-01,2.957620323614e-02,1.655280707612e-01,5.596663961213e+00
1.124986498650e-01,2.960249319458e-02,1.656206897605e-01,5.594822323645e+00
1.125985598560e-01,2.962878315301e-02,1.657132950809e-01,5.592983492610e+00
1.126984698470e-01,2.965507311144e-02,1.658058867509e-01,5.591147461611e+00
1.127983798380e-01,2.968136306987e-02,1.658984647992e-01,5.589314224169e+00
1.128982898290e-01,2.970765302830e-02,1.659910292541e-01,5.587483773826e+00
1.129981998200e-01,2.973394298674e-02,1.660835801442e-01,5.585656104145e+00
1.130981098110e-01,2.976023294517e-02,1.661761174977e-01,5.583831208709e+00
1.131980198020e-01,2.978652290360e-02,1.662686413430e-01,5.582009081122e+00
1.132979297930e-01,2.981281286203e-02,1.663611517082e-01,5.580189715008e+00
1.133978397840e-01,2.983910282046e-02,1.664536486215e-01,5.578373104011e+00
1.134977497750e-01,2.986539277890e-02,1.665461321110e-01,5.576559241796e+00
1.135976597660e-01,2.989168273733e-02,1.666386022047e-01,5.574748122045e+00
1.136975697570e-01,2.991797269576e-02,1.667310589305e-01,5.572939738464e+00
1.137974797480e-01,2.994426265419e-02,1.668235023162e-01,5.571134084775e+00
1.138973897390e-01,2.997055261262e-02,1.669159323898e-01,5.569331154724e+00
1.139972997300e-01,2.999684257106e-02,1.670083491788e-01,5.567530942073e+00
1.140972097210e-01,3.002313252949e-02,1.671007527111e-01,5.565733440605e+00
1.141971197120e-01,3.004942248792e-02,1.671931430141e-01,5.563938644123e+00
1.142970297030e-01,3.007571244635e-02,1.672855201154e-01,5.562146546448e+00
1.143969396940e-01,3.010200240479e-02,1.673778840426e-01,5.560357141423e+00
1.144968496850e-01,3.012829236322e-02,1.674702348229e-01,5.558570422907e+00
1.145967596760e-01,3.015458232165e-02,1.675625724837e-01,5.556786384780e+00
1.146966696670e-01,3.018087228008e-02,1.676548970523e-01,5.555005020942e+00
1.147965796580e-01,3.020716223851e-02,1.677472085559e-01,5.553226325311e+00
1.148964896490e-01,3.023345219695e-02,1.678395070216e-01,5.551450291824e+00
1.149963996400e-01,3.025974215538e-02,1.679317924765e-01,5.549676914436e+00
1.150963096310e-01,3.028603211381e-02,1.680240649476e-01,5.547906187122e+00
1.151962196220e-01,3.031232207224e-02,1.681163244618e-01,5.546138103877e+00
1.152961296130e-01,3.033861203067e-02,1.682085710461e-01,5.544372658711e+00
1.153960396040e-01,3.036490198911e-02,1.683008047272e-01,5.542609845657e+00
1.154959495950e-01,3.039119194754e-02,1.683930255320e-01,5.540849658764e+00
1.155958595860e-01,3.041748190597e-02,1.684852334869e-01,5.539092092099e+00
1.156957695770e-01,3.044377186440e-02,1.685774286188e-01,5.537337139749e+00
1.157956795680e-01,3.047006182284e-02,1.686696109541e-01,5.535584795819e+00
1.158955895590e-01,3.049635178127e-02,1.687617805194e-01,5.533835054431e+00
1.159954995500e-01,3.052264173970e-02,1.688539373411e-01,5.532087909726e+00
1.160954095410e-01,3.054893169813e-02,1.689460814455e-01,5.530343355864e+00
1.161953195320e-01,3.057522165656e-02,1.690382128590e-01,5.528601387022e+00
1.162952295230e-01,3.060151161500e-02,1.691303316078e-01,5.526861997395e+00
1.163951395140e-01,3.062780157343e-02,1.692224377180e-01,5.525125181196e+00
1.164950495050e-01,3.065409153186e-02,1.693145312159e-01,5.523390932657e+00
1.165949594959e-01,3.068038149029e-02,1.694066121274e-01,5.521659246025e+00
1.166948694869e-01,3.070667144872e-02,1.694986804786e-01,5.519930115567e+00
1.167947794779e-01,3.073296140716e-02,1.695907362954e-01,5.518203535567e+00
1.168946894689e-01,3.075925136559e-02,1.696827796037e-01,5.516479500327e+00
1.169945994599e-01,3.078554132402e-02,1.697748104292e-01,5.514758004165e+00
1.170945094509e-01,3.081183128245e-02,1.698668287978e-01,5.513039041418e+00
1.171944194419e-01,3.083812124089e-02,1.699588347350e-01,5.511322606441e+00
1.172943294329e-01,3.086441119932e-02,1.700508282667e-01,5.509608693603e+00
1.173942394239e-01,3.089070115775e-02,1.701428094182e-01,5.507897297293e+00
1.174941494149e-01,3.091699111618e-02,1.702347782152e-01,5.506188411916e+00
1.175940594059e-01,3.094328107461e-02,1.703267346831e-01,5.504482031896e+00
1.176939693969e-01,3.096957103305e-02,1.704186788473e-01,5.502778151671e+00
1.177938793879e-01,3.099586099148e-02,1.705106107330e-01,5.501076765698e+00
1.178937893789e-01,3.102215094991e-02,1.706025303657e-01,5.499377868450e+00
1.179936993699e-01,3.104844090834e-02,1.706944377704e-01,5.497681454418e+00
1.180936093609e-01,3.107473086677e-02,1.707863329723e-01,5.495987518108e+00
1.181935193519e-01,3.110102082521e-02,1.708782159966e-01,5.494296054043e+00
1.182934293429e-01,3.112731078364e-02,1.709700868683e-01,5.492607056764e+00
1.183933393339e-01,3.115360074207e-02,1.710619456123e-01,5.490920520828e+00
1.184932493249e-01,3.117989070050e-02,1.711537922536e-01,5.489236440808e+00
1.185931593159e-01,3.120618065893e-02,1.712456268170e-01,5.487554811294e+00
1.186930693069e-01,3.123247061737e-02,1.713374493274e-01,5.485875626891e+00
1.187929792979e-01,3.125876057580e-02,1.714292598094e-01,5.484198882221e+00
1.188928892889e-01,3.128505053423e-02,1.715210582878e-01,5.482524571925e+00
1.189927992799e-01,3.131134049266e-02,1.716128447872e-01,5.480852690655e+00
1.190927092709e-01,3.133763045110e-02,1.717046193322e-01,5.479183233083e+00
1.191926192619e-01,3.136392040953e-02,1.717963819473e-01,5.477516193896e+00
1.192925292529e-01,3.139021036796e-02,1.718881326569e-01,5.475851567797e+00
1.193924392439e-01,3.141650032639e-02,1.719798714854e-01,5.474189349504e+00
1.194923492349e-01,3.144279028482e-02,1.720715984573e-01,5.472529533753e+00
1.195922592259e-01,3.146908024326e-02,1.721633135967e-01,5.470872115293e+00
1.196921692169e-01,3.149537020169e-02,1.722550169280e-01,5.469217088891e+00
1.197920792079e-01,3.152166016012e-02,1.723467084753e-01,5.467564449329e+00
1.198919891989e-01,3.154795011855e-02,1.724383882627e-01,5.465914191404e+00
1.199918991899e-01,3.157424007698e-02,1.725300563143e-01,5.464266309930e+00
1.200918091809e-01,3.160053003542e-02,1.726217126541e-01,5.462620799735e+00
1.201917191719e-01,3.162681999385e-02,1.727133573061e-01,5.460977655664e+00
1.202916291629e-01,3.165310995228e-02,1.728049902941e-01,5.459336872575e+00
1.203915391539e-01,3.167939991071e-02,1.728966116421e-01,5.457698445343e+00
1.204914491449e-01,3.170568986915e-02,1.729882213738e-01,5.456062368859e+00
1.205913591359e-01,3.173197982758e-02,1.730798195129e-01,5.454428638028e+00
1.206912691269e-01,3.175826978601e-02,1.731714060831e-01,5.452797247770e+00
1.207911791179e-01,3.178455974444e-02,1.732629811081e-01,5.451168193021e+00
1.208910891089e-01,3.181084970287e-02,1.733545446114e-01,5.449541468732e+00
1.209909990999e-01,3.183713966131e-02,1.734460966166e-01,5.447917069867e+00
1.210909090909e-01,3.186342961974e-02,1.735376371471e-01,5.446294991408e+00
1.211908190819e-01,3.188971957817e-02,1.736291662263e-01,5.444675228350e+00
1.212907290729e-01,3.191600953660e-02,1.737206838776e-01,5.443057775704e+00
1.213906390639e-01,3.194229949503e-02,1.738121901244e-01,5.441442628493e+00
1.214905490549e-01,3.196858945347e-02,1.739036849898e-01,5.439829781758e+00
1.215904590459e-01,3.199487941190e-02,1.739951684970e-01,5.438219230553e+00
1.216903690369e-01,3.202116937033e-02,1.740866406693e-01,5.436610969948e+00
1.217902790279e-01,3.204745932876e-02,1.741781015297e-01,5.435004995024e+00
1.218901890189e-01,3.207374928720e-02,1.742695511012e-01,5.433401300882e+00
1.219900990099e-01,3.210003924563e-02,1.743609894069e-01,5.431799882632e+00
1.220900090009e-01,3.212632920406e-02,1.744524164696e-01,5.430200735401e+00
1.221899189919e-01,3.215261916249e-02,1.745438323124e-01,5.428603854332e+00
1.222898289829e-01,3.217890912092e-02,1.746352369579e-01,5.427009234578e+00
1.223897389739e-01,3.220519907936e-02,1.747266304290e-01,5.425416871310e+00
1.224896489649e-01,3.223148903779e-02,1.748180127485e-01,5.423826759712e+00
1.225895589559e-01,3.225777899622e-02,1.749093839390e-01,5.422238894981e+00
1.226894689469e-01,3.228406895465e-02,1.750007440231e-01,5.420653272329e+00
1.227893789379e-01,3.231035891308e-02,1.750920930235e-01,5.419069886982e+00
1.228892889289e-01,3.233664887152e-02,1.751834309626e-01,5.417488734180e+00
1.229891989199e-01,3.236293882995e-02,1.752747578629e-01,5.415909809177e+00
1.230891089109e-01,3.238922878838e-02,1.753660737469e-01,5.414333107240e+00
1.231890189019e-01,3.241551874681e-02,1.754573786369e-01,5.412758623651e+00
1.232889288929e-01,3.244180870524e-02,1.755486725553e-01,5.411186353705e+00
1.233888388839e-01,3.246809866368e-02,1.756399555244e-01,5.409616292711e+00
1.234887488749e-01,3.249438862211e-02,1.757312275663e-01,5.408048435991e+00
1.235886588659e-01,3.252067858054e-02,1.758224887033e-01,5.406482778883e+00
1.236885688569e-01,3.254696853897e-02,1.759137389574e-01,5.404919316734e+00
1.237884788479e-01,3.257325849741e-02,1.760049783508e-01,5.403358044908e+00
1.238883888389e-01,3.259954845584e-02,1.760962069055e-01,5.401798958783e+00
1.239882988299e-01,3.262583841427e-02,1.761874246435e-01,5.400242053748e+00
1.240882088209e-01,3.265212837270e-02,1.762786315867e-01,5.398687325206e+00
1.241881188119e-01,3.267841833113e-02,1.763698277570e-01,5.397134768574e+00
1.242880288029e-01,3.270470828957e-02,1.764610131762e-01,5.395584379283e+00
1.243879387939e-01,3.273099824800e-02,1.765521878661e-01,5.394036152774e+00
1.244878487849e-01,3.275728820643e-02,1.766433518484e-01,5.392490084505e+00
1.245877587759e-01,3.278357816486e-02,1.767345051449e-01,5.390946169944e+00
1.246876687669e-01,3.280986812329e-02,1.768256477772e-01,5.389404404575e+00
1.247875787579e-01,3.283615808173e-02,1.769167797668e-01,5.387864783892e+00
1.248874887489e-01,3.286244804016e-02,1.770079011354e-01,5.386327303404e+00
1.249873987399e-01,3.288873799859e-02,1.770990119044e-01,5.384791958632e+00
1.250873087309e-01,3.291502795702e-02,1.771901120952e-01,5.383258745111e+00
1.251872187219e-01,3.294131791546e-02,1.772812017293e-01,5.381727658387e+00
1.252871287129e-01,3.296760787389e-02,1.773722808281e-01,5.380198694021e+00
1.253870387039e-01,3.299389783232e-02,1.774633494128e-01,5.378671847584e+00
1.254869486949e-01,3.302018779075e-02,1.775544075046e-01,5.377147114662e+00
1.255868586859e-01,3.304647774918e-02,1.776454551249e-01,5.375624490853e+00
1.256867686769e-01,3.307276770762e-02,1.777364922948e-01,5.374103971767e+00
1.257866786679e-01,3.309905766605e-02,1.778275190354e-01,5.372585553027e+00
1.258865886589e-01,3.312534762448e-02,1.779185353678e-01,5.371069230268e+00
1.259864986499e-01,3.315163758291e-02,1.780095413130e-01,5.369554999139e+00
1.260864086409e-01,3.317792754134e-02,1.781005368919e-01,5.368042855299e+00
1.261863186319e-01,3.320421749978e-02,1.781915221256e-01,5.366532794421e+00
1.262862286229e-01,3.323050745821e-02,1.782824970350e-01,5.365024812190e+00
1.263861386139e-01,3.325679741664e-02,1.783734616408e-01,5.363518904304e+00
1.264860486049e-01,3.328308737507e-02,1.784644159638e-01,5.362015066472e+00
1.265859585959e-01,3.330937733351e-02,1.785553600249e-01,5.360513294415e+00
1.266858685869e-01,3.333566729194e-02,1.786462938448e-01,5.359013583867e+00
1.267857785779e-01,3.336195725037e-02,1.787372174440e-01,5.357515930575e+00
1.268856885689e-01,3.338824720880e-02,1.788281308433e-01,5.356020330295e+00
1.269855985599e-01,3.341453716723e-02,1.789190340631e-01,5.354526778799e+00
1.270855085509e-01,3.344082712567e-02,1.790099271241e-01,5.353035271867e+00
1.271854185419e-01,3.346711708410e-02,1.791008100467e-01,5.351545805294e+00
1.272853285329e-01,3.349340704253e-02,1.791916828513e-01,5.350058374885e+00
1.273852385239e-01,3.351969700096e-02,1.792825455584e-01,5.348572976458e+00
1.274851485149e-01,3.354598695939e-02,1.793733981883e-01,5.347089605843e+00
1.275850585059e-01,3.357227691783e-02,1.794642407613e-01,5.345608258879e+00
1.276849684968e-01,3.359856687626e-02,1.795550732977e-01,5.344128931421e+00
1.277848784878e-01,3.362485683469e-02,1.796458958177e-01,5.342651619332e+00
1.278847884788e-01,3.365114679312e-02,1.797367083414e-01,5.341176318489e+00
1.279846984698e-01,3.367743675155e-02,1.798275108891e-01,5.339703024778e+00
1.280846084608e-01,3.370372670999e-02,1.799183034807e-01,5.338231734101e+00
1.281845184518e-01,3.373001666842e-02,1.800090861364e-01,5.336762442366e+00
1.282844284428e-01,3.375630662685e-02,1.800998588761e-01,5.335295145496e+00
1.283843384338e-01,3.378259658528e-02,1.801906217199e-01,5.333829839425e+00
1.284842484248e-01,3.380888654372e-02,1.802813746875e-01,5.332366520098e+00
1.285841584158e-01,3.383517650215e-02,1.803721177990e-01,5.330905183471e+00
1.286840684068e-01,3.386146646058e-02,1.804628510740e-01,5.329445825512e+00
1.287839783978e-01,3.388775641901e-02,1.805535745326e-01,5.327988442199e+00
1.288838883888e-01,3.391404637744e-02,1.806442881942e-01,5.326533029523e+00
1.289837983798e-01,3.394033633588e-02,1.807349920788e-01,5.325079583484e+00
1.290837083708e-01,3.396662629431e-02,1.808256862058e-01,5.323628100095e+00
1.291836183618e-01,3.399291625274e-02,1.809163705950e-01,5.322178575381e+00
1.292835283528e-01,3.401920621117e-02,1.810070452660e-01,5.320731005374e+00
1.293834383438e-01,3.404549616960e-02,1.810977102382e-01,5.319285386121e+00
1.294833483348e-01,3.407178612804e-02,1.811883655312e-01,5.317841713678e+00
1.295832583258e-01,3.409807608647e-02,1.812790111644e-01,5.316399984113e+00
1.296831683168e-01,3.412436604490e-02,1.813696471572e-01,5.314960193504e+00
1.297830783078e-01,3.415065600333e-02,1.814602735290e-01,5.313522337940e+00
1.298829882988e-01,3.417694596177e-02,1.815508902992e-01,5.312086413522e+00
1.299828982898e-01,3.420323592020e-02,1.816414974869e-01,5.310652416360e+00
1.300828082808e-01,3.422952587863e-02,1.817320951115e-01,5.309220342576e+00
1.301827182718e-01,3.425581583706e-02,1.818226831922e-01,5.307790188302e+00
1.302826282628e-01,3.428210579549e-02,1.819132617481e-01,5.306361949681e+00
1.303825382538e-01,3.430839575393e-02,1.820038307984e-01,5.304935622867e+00
1.304824482448e-01,3.433468571236e-02,1.820943903621e-01,5.303511204024e+00
1.305823582358e-01,3.436097567079e-02,1.821849404584e-01,5.302088689327e+00
1.306822682268e-01,3.438726562922e-02,1.822754811061e-01,5.300668074962e+00
1.307821782178e-01,3.441355558765e-02,1.823660123242e-01,5.299249357123e+00
1.308820882088e-01,3.443984554609e-02,1.824565341317e-01,5.297832532018e+00
1.309819981998e-01,3.446613550452e-02,1.825470465475e-01,5.296417595863e+00
1.310819081908e-01,3.449242546295e-02,1.826375495904e-01,5.295004544884e+00
1.311818181818e-01,3.451871542138e-02,1.827280432792e-01,5.293593375321e+00
1.312817281728e-01,3.454500537982e-02,1.828185276327e-01,5.292184083419e+00
1.313816381638e-01,3.457129533825e-02,1.829090026696e-01,5.290776665438e+00
1.314815481548e-01,3.459758529668e-02,1.829994684085e-01,5.289371117645e+00
1.315814581458e-01,3.462387525511e-02,1.830899248682e-01,5.287967436319e+00
1.316813681368e-01,3.465016521354e-02,1.831803720672e-01,5.286565617748e+00
1.317812781278e-01,3.467645517198e-02,1.832708100241e-01,5.285165658232e+00
1.318811881188e-01,3.470274513041e-02,1.833612387575e-01,5.283767554079e+00
1.319810981098e-01,3.472903508884e-02,1.834516582858e-01,5.282371301607e+00
1.320810081008e-01,3.475532504727e-02,1.835420686275e-01,5.280976897146e+00
1.321809180918e-01,3.478161500570e-02,1.836324698009e-01,5.279584337035e+00
1.322808280828e-01,3.480790496414e-02,1.837228618245e-01,5.278193617623e+00
1.323807380738e-01,3.483419492257e-02,1.838132447166e-01,5.276804735267e+00
1.324806480648e-01,3.486048488100e-02,1.839036184956e-01,5.275417686338e+00
1.325805580558e-01,3.488677483943e-02,1.839939831795e-01,5.274032467213e+00
1.326804680468e-01,3.491306479786e-02,1.840843387868e-01,5.272649074281e+00
1.327803780378e-01,3.493935475630e-02,1.841746853355e-01,5.271267503940e+00
1.328802880288e-01,3.496564471473e-02,1.842650228438e-01,5.269887752598e+00
1.329801980198e-01,3.499193467316e-02,1.843553513299e-01,5.268509816672e+00
1.330801080108e-01,3.501822463159e-02,1.844456708117e-01,5.267133692589e+00
1.331800180018e-01,3.504451459003e-02,1.845359813074e-01,5.265759376787e+00
1.332799279928e-01,3.507080454846e-02,1.846262828349e-01,5.264386865712e+00
1.333798379838e-01,3.509709450689e-02,1.847165754121e-01,5.263016155821e+00
1.334797479748e-01,3.512338446532e-02,1.848068590571e-01,5.261647243578e+00
1.335796579658e-01,3.514967442375e-02,1.848971337876e-01,5.260280125459e+00
1.336795679568e-01,3.517596438219e-02,1.849873996216e-01,5.258914797949e+00
1.337794779478e-01,3.520225434062e-02,1.850776565768e-01,5.257551257541e+00
1.338793879388e-01,3.522854429905e-02,1.851679046710e-01,5.256189500740e+00
1.339792979298e-01,3.525483425748e-02,1.852581439220e-01,5.254829524059e+00
1.340792079208e-01,3.528112421591e-02,1.853483743475e-01,5.253471324019e+00
1.341791179118e-01,3.530741417435e-02,1.854385959650e-01,5.252114897152e+00
1.342790279028e-01,3.533370413278e-02,1.855288087923e-01,5.250760239999e+00
1.343789378938e-01,3.535999409121e-02,1.856190128469e-01,5.249407349111e+00
1.344788478848e-01,3.538628404964e-02,1.857092081464e-01,5.248056221046e+00
1.345787578758e-01,3.541257400808e-02,1.857993947084e-01,5.246706852374e+00
1.346786678668e-01,3.543886396651e-02,1.858895725502e-01,5.245359239672e+00
1.347785778578e-01,3.546515392494e-02,1.859797416894e-01,5.244013379527e+00
1.348784878488e-01,3.549144388337e-02,1.860699021433e-01,5.242669268535e+00
1.349783978398e-01,3.551773384180e-02,1.861600539293e-01,5.241326903301e+00
1.350783078308e-01,3.554402380024e-02,1.862501970649e-01,5.239986280440e+00
1.351782178218e-01,3.557031375867e-02,1.863403315671e-01,5.238647396573e+00
1.352781278128e-01,3.559660371710e-02,1.864304574535e-01,5.237310248335e+00
1.353780378038e-01,3.562289367553e-02,1.865205747411e-01,5.235974832365e+00
1.354779477948e-01,3.564918363396e-02,1.866106834472e-01,5.234641145313e+00
1.355778577858e-01,3.567547359240e-02,1.867007835889e-01,5.233309183840e+00
1.356777677768e-01,3.570176355083e-02,1.867908751834e-01,5.231978944611e+00
1.357776777678e-01,3.572805350926e-02,1.868809582478e-01,5.230650424304e+00
1.358775877588e-01,3.575434346769e-02,1.869710327991e-01,5.229323619605e+00
1.359774977498e-01,3.578063342613e-02,1.870610988543e-01,5.227998527207e+00
1.360774077408e-01,3.580692338456e-02,1.871511564305e-01,5.226675143813e+00
1.361773177318e-01,3.583321334299e-02,1.872412055446e-01,5.225353466136e+00
1.362772277228e-01,3.585950330142e-02,1.873312462135e-01,5.224033490894e+00
1.363771377138e-01,3.588579325985e-02,1.874212784541e-01,5.222715214818e+00
1.364770477048e-01,3.591208321829e-02,1.875113022832e-01,5.221398634645e+00
1.365769576958e-01,3.593837317672e-02,1.876013177177e-01,5.220083747121e+00
1.366768676868e-01,3.596466313515e-02,1.876913247744e-01,5.218770549000e+00
1.367767776778e-01,3.599095309358e-02,1.877813234700e-01,5.217459037047e+00
1.368766876688e-01,3.601724305201e-02,1.878713138213e-01,5.216149208033e+00
1.369765976598e-01,3.604353301045e-02,1.879612958448e-01,5.214841058737e+00
1.370765076508e-01,3.606982296888e-02,1.880512695573e-01,5.213534585950e+00
1.371764176418e-01,3.609611292731e-02,1.881412349754e-01,5.212229786467e+00
1.372763276328e-01,3.612240288574e-02,1.882311921157e-01,5.210926657096e+00
1.373762376238e-01,3.614869284417e-02,1.883211409946e-01,5.209625194648e+00
1.374761476148e-01,3.617498280261e-02,1.884110816288e-01,5.208325395948e+00
1.375760576058e-01,3.620127276104e-02,1.885010140347e-01,5.207027257825e+00
1.376759675968e-01,3.622756271947e-02,1.885909382287e-01,5.205730777119e+00
1.377758775878e-01,3.625385267790e-02,1.886808542274e-01,5.204435950676e+00
1.378757875788e-01,3.628014263634e-02,1.887707620470e-01,5.203142775351e+00
1.379756975698e-01,3.630643259477e-02,1.888606617039e-01,5.201851248009e+00
1.380756075608e-01,3.633272255320e-02,1.889505532144e-01,5.200561365522e+00
1.381755175518e-01,3.635901251163e-02,1.890404365948e-01,5.199273124768e+00
1.382754275428e-01,3.638530247006e-02,1.891303118614e-01,5.197986522637e+00
1.383753375338e-01,3.641159242850e-02,1.892201790305e-01,5.196701556023e+00
1.384752475248e-01,3.643788238693e-02,1.893100381180e-01,5.195418221832e+00
1.385751575158e-01,3.646417234536e-02,1.893998891403e-01,5.194136516976e+00
1.386750675068e-01,3.649046230379e-02,1.894897321135e-01,5.192856438375e+00
1.387749774977e-01,3.651675226222e-02,1.895795670536e-01,5.191577982957e+00
1.388748874887e-01,3.654304222066e-02,1.896693939768e-01,5.190301147658e+00
1.389747974797e-01,3.656933217909e-02,1.897592128989e-01,5.189025929422e+00
1.390747074707e-01,3.659562213752e-02,1.898490238361e-01,5.187752325202e+00
1.391746174617e-01,3.662191209595e-02,1.899388268043e-01,5.186480331958e+00
1.392745274527e-01,3.664820205439e-02,1.900286218195e-01,5.185209946657e+00
1.393744374437e-01,3.667449201282e-02,1.901184088974e-01,5.183941166274e+00
1.394743474347e-01,3.670078197125e-02,1.902081880541e-01,5.182673987794e+00
1.395742574257e-01,3.672707192968e-02,1.902979593053e-01,5.181408408208e+00
1.396741674167e-01,3.675336188811e-02,1.903877226669e-01,5.180144424514e+00
1.397740774077e-01,3.677965184655e-02,1.904774781545e-01,5.178882033719e+00
1.398739873987e-01,3.680594180498e-02,1.905672257841e-01,5.177621232838e+00
1.399738973897e-01,3.683223176341e-02,1.906569655712e-01,5.176362018893e+00
1.400738073807e-01,3.685852172184e-02,1.907466975315e-01,5.175104388913e+00
1.401737173717e-01,3.688481168027e-02,1.908364216808e-01,5.173848339936e+00
1.402736273627e-01,3.691110163871e-02,1.909261380346e-01,5.172593869006e+00
1.403735373537e-01,3.693739159714e-02,1.910158466086e-01,5.171340973177e+00
1.404734473447e-01,3.696368155557e-02,1.911055474182e-01,5.170089649509e+00
1.405733573357e-01,3.698997151400e-02,1.911952404790e-01,5.168839895069e+00
1.406732673267e-01,3.701626147243e-02,1.912849258066e-01,5.167591706932e+00
1.407731773177e-01,3.704255143087e-02,1.913746034163e-01,5.166345082181e+00
1.408730873087e-01,3.706884138930e-02,1.914642733236e-01,5.165100017906e+00
1.409729972997e-01,3.709513134773e-02,1.915539355440e-01,5.163856511205e+00
1.410729072907e-01,3.712142130616e-02,1.916435900927e-01,5.162614559182e+00
1.411728172817e-01,3.714771126460e-02,1.917332369852e-01,5.161374158950e+00
1.412727272727e-01,3.717400122303e-02,1.918228762368e-01,5.160135307628e+00
1.413726372637e-01,3.720029118146e-02,1.919125078627e-01,5.158898002344e+00
1.414725472547e-01,3.722658113989e-02,1.920021318782e-01,5.157662240232e+00
1.415724572457e-01,3.725287109832e-02,1.920917482985e-01,5.156428018433e+00
1.416723672367e-01,3.727916105676e-02,1.921813571388e-01,5.155195334097e+00
1.417722772277e-01,3.730545101519e-02,1.922709584144e-01,5.153964184379e+00
1.418721872187e-01,3.733174097362e-02,1.923605521403e-01,5.152734566444e+00
1.419720972097e-01,3.735803093205e-02,1.924501383316e-01,5.151506477460e+00
1.420720072007e-01,3.738432089048e-02,1.925397170035e-01,5.150279914607e+00
1.421719171917e-01,3.741061084892e-02,1.926292881709e-01,5.149054875069e+00
1.422718271827e-01,3.743690080735e-02,1.927188518489e-01,5.147831356038e+00
1.423717371737e-01,3.746319076578e-02,1.928084080526e-01,5.146609354713e+00
1.424716471647e-01,3.748948072421e-02,1.928979567967e-01,5.145388868300e+00
1.425715571557e-01,3.751577068265e-02,1.929874980964e-01,5.144169894013e+00
1.426714671467e-01,3.754206064108e-02,1.930770319664e-01,5.142952429072e+00
1.427713771377e-01,3.756835059951e-02,1.931665584217e-01,5.141736470704e+00
1.428712871287e-01,3.759464055794e-02,1.932560774771e-01,5.140522016143e+00
1.429711971197e-01,3.762093051637e-02,1.933455891474e-01,5.139309062631e+00
1.430711071107e-01,3.764722047481e-02,1.934350934475e-01,5.138097607416e+00
1.431710171017e-01,3.767351043324e-02,1.935245903920e-01,5.136887647753e+00
1.432709270927e-01,3.769980039167e-02,1.936140799957e-01,5.135679180904e+00
1.433708370837e-01,3.772609035010e-02,1.937035622734e-01,5.134472204138e+00
1.434707470747e-01,3.775238030853e-02,1.937930372397e-01,5.133266714731e+00
1.435706570657e-01,3.777867026697e-02,1.938825049092e-01,5.132062709965e+00
1.436705670567e-01,3.780496022540e-02,1.939719652965e-01,5.130860187130e+00
1.437704770477e-01,3.783125018383e-02,1.940614184163e-01,5.129659143521e+00
1.438703870387e-01,3.785754014226e-02,1.941508642832e-01,5.128459576443e+00
1.439702970297e-01,3.788383010070e-02,1.942403029115e-01,5.127261483204e+00
1.440702070207e-01,3.791012005913e-02,1.943297343160e-01,5.126064861122e+00
1.441701170117e-01,3.793641001756e-02,1.944191585110e-01,5.124869707518e+00
1.442700270027e-01,3.796269997599e-02,1.945085755110e-01,5.123676019724e+00
1.443699369937e-01,3.798898993442e-02,1.945979853303e-01,5.122483795075e+00
1.444698469847e-01,3.801527989286e-02,1.946873879836e-01,5.121293030915e+00
1.445697569757e-01,3.804156985129e-02,1.947767834850e-01,5.120103724593e+00
1.446696669667e-01,3.806785980972e-02,1.948661718489e-01,5.118915873467e+00
1.447695769577e-01,3.809414976815e-02,1.949555530896e-01,5.117729474898e+00
1.448694869487e-01,3.812043972658e-02,1.950449272215e-01,5.116544526256e+00
1.449693969397e-01,3.814672968502e-02,1.951342942588e-01,5.115361024918e+00
1.450693069307e-01,3.817301964345e-02,1.952236542157e-01,5.114178968266e+00
1.451692169217e-01,3.819930960188e-02,1.953130071065e-01,5.112998353688e+00
1.452691269127e-01,3.822559956031e-02,1.954023529452e-01,5.111819178582e+00
1.453690369037e-01,3.825188951874e-02,1.954916917461e-01,5.110641440348e+00
1.454689468947e-01,3.827817947718e-02,1.955810235233e-01,5.109465136394e+00
1.455688568857e-01,3.830446943561e-02,1.956703482909e-01,5.108290264137e+00
1.456687668767e-01,3.833075939404e-02,1.957596660629e-01,5.107116820997e+00
1.457686768677e-01,3.835704935247e-02,1.958489768534e-01,5.105944804401e+00
1.458685868587e-01,3.838333931091e-02,1.959382806765e-01,5.104774211784e+00
1.459684968497e-01,3.840962926934e-02,1.960275775460e-01,5.103605040585e+00
1.460684068407e-01,3.843591922777e-02,1.961168674760e-01,5.102437288253e+00
1.461683168317e-01,3.846220918620e-02,1.962061504805e-01,5.101270952239e+00
1.462682268227e-01,3.848849914463e-02,1.962954265733e-01,5.100106030002e+00
1.463681368137e-01,3.851478910307e-02,1.963846957683e-01,5.098942519008e+00
1.464680468047e-01,3.854107906150e-02,1.964739580793e-01,5.097780416730e+00
1.465679567957e-01,3.856736901993e-02,1.965632135203e-01,5.096619720644e+00
1.466678667867e-01,3.859365897836e-02,1.966524621050e-01,5.095460428234e+00
1.467677767777e-01,3.861994893679e-02,1.967417038472e-01,5.094302536992e+00
1.468676867687e-01,3.864623889523e-02,1.968309387607e-01,5.093146044413e+00
1.469675967597e-01,3.867252885366e-02,1.969201668591e-01,5.091990948000e+00
1.470675067507e-01,3.869881881209e-02,1.970093881562e-01,5.090837245262e+00
1.471674167417e-01,3.872510877052e-02,1.970986026658e-01,5.089684933714e+00
1.472673267327e-01,3.875139872896e-02,1.971878104013e-01,5.088534010875e+00
1.473672367237e-01,3.877768868739e-02,1.972770113765e-01,5.087384474275e+00
1.474671467147e-01,3.880397864582e-02,1.973662056049e-01,5.086236321444e+00
1.475670567057e-01,3.883026860425e-02,1.974553931002e-01,5.085089549923e+00
1.476669666967e-01,3.885655856268e-02,1.975445738758e-01,5.083944157256e+00
1.477668766877e-01,3.888284852112e-02,1.976337479454e-01,5.082800140994e+00
1.478667866787e-01,3.890913847955e-02,1.977229153223e-01,5.081657498695e+00
1.479666966697e-01,3.893542843798e-02,1.978120760202e-01,5.080516227921e+00
1.480666066607e-01,3.896171839641e-02,1.979012300524e-01,5.079376326241e+00
1.481665166517e-01,3.898800835484e-02,1.979903774323e-01,5.078237791230e+00
1.482664266427e-01,3.901429831328e-02,1.980795181735e-01,5.077100620468e+00
1.483663366337e-01,3.904058827171e-02,1.981686522891e-01,5.075964811542e+00
1.484662466247e-01,3.906687823014e-02,1.982577797926e-01,5.074830362045e+00
1.485661566157e-01,3.909316818857e-02,1.983469006974e-01,5.073697269575e+00
1.486660666067e-01,3.911945814701e-02,1.984360150167e-01,5.072565531735e+00
1.487659765977e-01,3.914574810544e-02,1.985251227637e-01,5.071435146136e+00
1.488658865887e-01,3.917203806387e-02,1.986142239518e-01,5.070306110394e+00
1.489657965797e-01,3.919832802230e-02,1.987033185942e-01,5.069178422129e+00
1.490657065707e-01,3.922461798073e-02,1.987924067040e-01,5.068052078969e+00
1.491656165617e-01,3.925090793917e-02,1.988814882945e-01,5.066927078547e+00
1.492655265527e-01,3.927719789760e-02,1.989705633788e-01,5.065803418502e+00
1.493654365437e-01,3.930348785603e-02,1.990596319701e-01,5.064681096477e+00
1.494653465347e-01,3.932977781446e-02,1.991486940813e-01,5.063560110124e+00
1.495652565257e-01,3.935606777289e-02,1.992377497257e-01,5.062440457097e+00
1.496651665167e-01,3.938235773133e-02,1.993267989163e-01,5.061322135057e+00
1.497650765077e-01,3.940864768976e-02,1.994158416661e-01,5.060205141673e+00
1.498649864986e-01,3.943493764819e-02,1.995048779881e-01,5.059089474616e+00
1.499648964896e-01,3.946122760662e-02,1.995939078953e-01,5.057975131565e+00
1.500648064806e-01,3.948751756505e-02,1.996829314007e-01,5.056862110203e+00
1.501647164716e-01,3.951380752349e-02,1.997719485172e-01,5.055750408220e+00
1.502646264626e-01,3.954009748192e-02,1.998609592577e-01,5.054640023310e+00
1.503645364536e-01,3.956638744035e-02,1.999499636351e-01,5.053530953174e+00
1.504644464446e-01,3.959267739878e-02,2.000389616623e-01,5.052423195518e+00
1.505643564356e-01,3.961896735722e-02,2.001279533521e-01,5.051316748053e+00
1.506642664266e-01,3.964525731565e-02,2.002169387173e-01,5.050211608497e+00
1.507641764176e-01,3.967154727408e-02,2.003059177708e-01,5.049107774570e+00
1.508640864086e-01,3.969783723251e-02,2.003948905253e-01,5.048005244002e+00
1.509639963996e-01,3.972412719094e-02,2.004838569935e-01,5.046904014525e+00
1.510639063906e-01,3.975041714938e-02,2.005728171882e-01,5.045804083878e+00
1.511638163816e-01,3.977670710781e-02,2.006617711221e-01,5.044705449805e+00
1.512637263726e-01,3.980299706624e-02,2.007507188078e-01,5.043608110056e+00
1.513636363636e-01,3.982928702467e-02,2.008396602581e-01,5.042512062384e+00
1.514635463546e-01,3.985557698310e-02,2.009285954855e-01,5.041417304551e+00
1.515634563456e-01,3.988186694154e-02,2.010175245026e-01,5.040323834321e+00
1.516633663366e-01,3.990815689997e-02,2.011064473222e-01,5.039231649465e+00
1.517632763276e-01,3.993444685840e-02,2.011953639566e-01,5.038140747760e+00
1.518631863186e-01,3.996073681683e-02,2.012842744185e-01,5.037051126987e+00
1.519630963096e-01,3.998702677527e-02,2.013731787203e-01,5.035962784931e+00
1.520630063006e-01,4.001331673370e-02,2.014620768746e-01,5.034875719386e+00
1.521629162916e-01,4.003960669213e-02,2.015509688939e-01,5.033789928148e+00
1.522628262826e-01,4.006589665056e-02,2.016398547905e-01,5.032705409019e+00
1.523627362736e-01,4.009218660899e-02,2.017287345770e-01,5.031622159808e+00
1.524626462646e-01,4.011847656743e-02,2.018176082656e-01,5.030540178325e+00
1.525625562556e-01,4.014476652586e-02,2.019064758689e-01,5.029459462390e+00
1.526624662466e-01,4.017105648429e-02,2.019953373992e-01,5.028380009826e+00
1.527623762376e-01,4.019734644272e-02,2.020841928687e-01,5.027301818460e+00
1.528622862286e-01,4.022363640115e-02,2.021730422899e-01,5.026224886125e+00
1.529621962196e-01,4.024992635959e-02,2.022618856750e-01,5.025149210661e+00
1.530621062106e-01,4.027621631802e-02,2.023507230363e-01,5.024074789910e+00
1.531620162016e-01,4.030250627645e-02,2.024395543861e-01,5.023001621721e+00
1.532619261926e-01,4.032879623488e-02,2.025283797364e-01,5.021929703948e+00
1.533618361836e-01,4.035508619332e-02,2.026171990997e-01,5.020859034450e+00
1.534617461746e-01,4.038137615175e-02,2.027060124880e-01,5.019789611089e+00
1.535616561656e-01,4.040766611018e-02,2.027948199136e-01,5.018721431735e+00
1.536615661566e-01,4.043395606861e-02,2.028836213885e-01,5.017654494262e+00
1.537614761476e-01,4.046024602704e-02,2.029724169248e-01,5.016588796548e+00
1.538613861386e-01,4.048653598548e-02,2.030612065348e-01,5.015524336476e+00
1.539612961296e-01,4.051282594391e-02,2.031499902304e-01,5.014461111936e+00
1.540612061206e-01,4.053911590234e-02,2.032387680236e-01,5.013399120821e+00
1.541611161116e-01,4.056540586077e-02,2.033275399267e-01,5.012338361029e+00
1.542610261026e-01,4.059169581920e-02,2.034163059514e-01,5.011278830464e+00
1.543609360936e-01,4.061798577764e-02,2.035050661099e-01,5.010220527035e+00
1.544608460846e-01,4.064427573607e-02,2.035938204141e-01,5.009163448653e+00
1.545607560756e-01,4.067056569450e-02,2.036825688759e-01,5.008107593238e+00
1.546606660666e-01,4.069685565293e-02,2.037713115073e-01,5.007052958713e+00
1.547605760576e-01,4.072314561136e-02,2.038600483202e-01,5.005999543005e+00
1.548604860486e-01,4.074943556980e-02,2.039487793264e-01,5.004947344046e+00
1.549603960396e-01,4.077572552823e-02,2.040375045379e-01,5.003896359774e+00
1.550603060306e-01,4.080201548666e-02,2.041262239664e-01,5.002846588132e+00
1.551602160216e-01,4.082830544509e-02,2.042149376237e-01,5.001798027066e+00
1.552601260126e-01,4.085459540353e-02,2.043036455218e-01,5.000750674528e+00
1.553600360036e-01,4.088088536196e-02,2.043923476723e-01,4.999704528475e+00
1.554599459946e-01,4.090717532039e-02,2.044810440869e-01,4.998659586868e+00
1.555598559856e-01,4.093346527882e-02,2.045697347776e-01,4.997615847672e+00
1.556597659766e-01,4.095975523725e-02,2.046584197559e-01,4.996573308859e+00
1.557596759676e-01,4.098604519569e-02,2.047470990335e-01,4.995531968404e+00
1.558595859586e-01,4.101233515412e-02,2.048357726221e-01,4.994491824287e+00
1.559594959496e-01,4.103862511255e-02,2.049244405335e-01,4.993452874492e+00
1.560594059406e-01,4.106491507098e-02,2.050131027791e-01,4.992415117010e+00
1.561593159316e-01,4.109120502941e-02,2.051017593707e-01,4.991378549834e+00
1.562592259226e-01,4.111749498785e-02,2.051904103197e-01,4.990343170963e+00
1.563591359136e-01,4.114378494628e-02,2.052790556379e-01,4.989308978401e+00
1.564590459046e-01,4.117007490471e-02,2.053676953366e-01,4.988275970154e+00
1.565589558956e-01,4.119636486314e-02,2.054563294275e-01,4.987244144236e+00
1.566588658866e-01,4.122265482158e-02,2.055449579221e-01,4.986213498664e+00
1.567587758776e-01,4.124894478001e-02,2.056335808319e-01,4.985184031460e+00
1.568586858686e-01,4.127523473844e-02,2.057221981682e-01,4.984155740649e+00
1.569585958596e-01,4.130152469687e-02,2.058108099427e-01,4.983128624263e+00
1.570585058506e-01,4.132781465530e-02,2.058994161666e-01,4.982102680336e+00
1.571584158416e-01,4.135410461374e-02,2.059880168515e-01,4.981077906908e+00
1.572583258326e-01,4.138039457217e-02,2.060766120086e-01,4.980054302025e+00
1.573582358236e-01,4.140668453060e-02,2.061652016494e-01,4.979031863734e+00
1.574581458146e-01,4.143297448903e-02,2.062537857853e-01,4.978010590088e+00
1.575580558056e-01,4.145926444746e-02,2.063423644274e-01,4.976990479146e+00
1.576579657966e-01,4.148555440590e-02,2.064309375873e-01,4.975971528970e+00
1.577578757876e-01,4.151184436433e-02,2.065195052761e-01,4.974953737626e+00
1.578577857786e-01,4.153813432276e-02,2.066080675051e-01,4.973937103185e+00
1.579576957696e-01,4.156442428119e-02,2.066966242855e-01,4.972921623722e+00
1.580576057606e-01,4.159071423963e-02,2.067851756287e-01,4.971907297318e+00
1.581575157516e-01,4.161700419806e-02,2.068737215457e-01,4.970894122056e+00
1.582574257426e-01,4.164329415649e-02,2.069622620479e-01,4.969882096026e+00
1.583573357336e-01,4.166958411492e-02,2.070507971463e-01,4.968871217319e+00
1.584572457246e-01,4.169587407335e-02,2.071393268521e-01,4.967861484033e+00
1.585571557156e-01,4.172216403179e-02,2.072278511765e-01,4.966852894271e+00
1.586570657066e-01,4.174845399022e-02,2.073163701306e-01,4.965845446137e+00
1.587569756976e-01,4.177474394865e-02,2.074048837254e-01,4.964839137742e+00
1.588568856886e-01,4.180103390708e-02,2.074933919721e-01,4.963833967200e+00
1.589567956796e-01,4.182732386551e-02,2.075818948816e-01,4.962829932630e+00
1.590567056706e-01,4.185361382395e-02,2.076703924651e-01,4.961827032156e+00
1.591566156616e-01,4.187990378238e-02,2.077588847335e-01,4.960825263904e+00
1.592565256526e-01,4.190619374081e-02,2.078473716979e-01,4.959824626007e+00
1.593564356436e-01,4.193248369924e-02,2.079358533692e-01,4.958825116599e+00
1.594563456346e-01,4.195877365767e-02,2.080243297584e-01,4.957826733821e+00
1.595562556256e-01,4.198506361611e-02,2.081128008764e-01,4.956829475817e+00
1.596561656166e-01,4.201135357454e-02,2.082012667341e-01,4.955833340735e+00
1.597560756076e-01,4.203764353297e-02,2.082897273425e-01,4.954838326729e+00
1.598559855986e-01,4.206393349140e-02,2.083781827125e-01,4.953844431954e+00
1.599558955896e-01,4.209022344984e-02,2.084666328548e-01,4.952851654573e+00
1.600558055806e-01,4.211651340827e-02,2.085550777805e-01,4.951859992749e+00
1.601557155716e-01,4.214280336670e-02,2.086435175002e-01,4.950869444652e+00
1.602556255626e-01,4.216909332513e-02,2.087319520247e-01,4.949880008455e+00
1.603555355536e-01,4.219538328356e-02,2.088203813650e-01,4.948891682336e+00
1.604554455446e-01,4.222167324200e-02,2.089088055317e-01,4.947904464476e+00
1.605553555356e-01,4.224796320043e-02,2.089972245357e-01,4.946918353062e+00
1.606552655266e-01,4.227425315886e-02,2.090856383876e-01,4.945933346282e+00
1.607551755176e-01,4.230054311729e-02,2.091740470981e-01,4.944949442331e+00
1.608550855086e-01,4.232683307572e-02,2.092624506781e-01,4.943966639405e+00
1.609549954995e-01,4.235312303416e-02,2.093508491380e-01,4.942984935708e+00
1.610549054905e-01,4.237941299259e-02,2.094392424887e-01,4.942004329445e+00
1.611548154815e-01,4.240570295102e-02,2.095276307408e-01,4.941024818826e+00
1.612547254725e-01,4.243199290945e-02,2.096160139048e-01,4.940046402065e+00
1.613546354635e-01,4.245828286789e-02,2.097043919914e-01,4.939069077380e+00
1.614545454545e-01,4.248457282632e-02,2.097927650112e-01,4.938092842993e+00
1.615544554455e-01,4.251086278475e-02,2.098811329748e-01,4.937117697129e+00
1.616543654365e-01,4.253715274318e-02,2.099694958927e-01,4.936143638018e+00
1.617542754275e-01,4.256344270161e-02,2.100578537754e-01,4.935170663895e+00
1.618541854185e-01,4.258973266005e-02,2.101462066335e-01,4.934198772997e+00
1.619540954095e-01,4.261602261848e-02,2.102345544774e-01,4.933227963565e+00
1.620540054005e-01,4.264231257691e-02,2.103228973177e-01,4.932258233846e+00
1.621539153915e-01,4.266860253534e-02,2.104112351648e-01,4.931289582088e+00
1.622538253825e-01,4.269489249377e-02,2.104995680292e-01,4.930322006546e+00
1.623537353735e-01,4.272118245221e-02,2.105878959212e-01,4.929355505476e+00
1.624536453645e-01,4.274747241064e-02,2.106762188514e-01,4.928390077140e+00
1.625535553555e-01,4.277376236907e-02,2.107645368301e-01,4.927425719802e+00
1.626534653465e-01,4.280005232750e-02,2.108528498676e-01,4.926462431731e+00
1.627533753375e-01,4.282634228594e-02,2.109411579743e-01,4.925500211201e+00
1.628532853285e-01,4.285263224437e-02,2.110294611607e-01,4.924539056487e+00
1.629531953195e-01,4.287892220280e-02,2.111177594369e-01,4.923578965871e+00
1.630531053105e-01,4.290521216123e-02,2.112060528134e-01,4.922619937635e+00
1.631530153015e-01,4.293150211966e-02,2.112943413003e-01,4.921661970069e+00
1.632529252925e-01,4.295779207810e-02,2.113826249080e-01,4.920705061464e+00
1.633528352835e-01,4.298408203653e-02,2.114709036467e-01,4.919749210114e+00
1.634527452745e-01,4.301037199496e-02,2.115591775267e-01,4.918794414321e+00
1.635526552655e-01,4.303666195339e-02,2.116474465581e-01,4.917840672386e+00
1.636525652565e-01,4.306295191182e-02,2.117357107513e-01,4.916887982617e+00
1.637524752475e-01,4.308924187026e-02,2.118239701163e-01,4.915936343324e+00
1.638523852385e-01,4.311553182869e-02,2.119122246633e-01,4.914985752821e+00
1.639522952295e-01,4.314182178712e-02,2.120004744025e-01,4.914036209427e+00
1.640522052205e-01,4.316811174555e-02,2.120887193441e-01,4.913087711462e+00
1.641521152115e-01,4.319440170398e-02,2.121769594981e-01,4.912140257252e+00
1.642520252025e-01,4.322069166242e-02,2.122651948746e-01,4.911193845127e+00
1.643519351935e-01,4.324698162085e-02,2.123534254838e-01,4.910248473419e+00
1.644518451845e-01,4.327327157928e-02,2.124416513356e-01,4.909304140464e+00
1.645517551755e-01,4.329956153771e-02,2.125298724402e-01,4.908360844603e+00
1.646516651665e-01,4.332585149615e-02,2.126180888076e-01,4.907418584179e+00
1.647515751575e-01,4.335214145458e-02,2.127063004477e-01,4.906477357539e+00
1.648514851485e-01,4.337843141301e-02,2.127945073706e-01,4.905537163034e+00
1.649513951395e-01,4.340472137144e-02,2.128827095864e-01,4.904597999019e+00
1.650513051305e-01,4.343101132987e-02,2.129709071048e-01,4.903659863852e+00
1.651512151215e-01,4.345730128831e-02,2.130590999360e-01,4.902722755895e+00
1.652511251125e-01,4.348359124674e-02,2.131472880897e-01,4.901786673513e+00
1.653510351035e-01,4.350988120517e-02,2.132354715761e-01,4.900851615074e+00
1.654509450945e-01,4.353617116360e-02,2.133236504048e-01,4.899917578952e+00
1.655508550855e-01,4.356246112203e-02,2.134118245859e-01,4.898984563522e+00
1.656507650765e-01,4.358875108047e-02,2.134999941292e-01,4.898052567164e+00
1.657506750675e-01,4.361504103890e-02,2.135881590445e-01,4.897121588261e+00
1.658505850585e-01,4.364133099733e-02,2.136763193417e-01,4.896191625199e+00
1.659504950495e-01,4.366762095576e-02,2.137644750306e-01,4.895262676369e+00
1.660504050405e-01,4.369391091420e-02,2.138526261210e-01,4.894334740163e+00
1.661503150315e-01,4.372020087263e-02,2.139407726226e-01,4.893407814980e+00
1.662502250225e-01,4.374649083106e-02,2.140289145454e-01,4.892481899220e+00
1.663501350135e-01,4.377278078949e-02,2.141170518989e-01,4.891556991287e+00
1.664500450045e-01,4.379907074792e-02,2.142051846930e-01,4.890633089587e+00
1.665499549955e-01,4.382536070636e-02,2.142933129373e-01,4.889710192534e+00
1.666498649865e-01,4.385165066479e-02,2.143814366417e-01,4.888788298539e+00
1.667497749775e-01,4.387794062322e-02,2.144695558156e-01,4.887867406023e+00
1.668496849685e-01,4.390423058165e-02,2.145576704690e-01,4.886947513405e+00
1.669495949595e-01,4.393052054008e-02,2.146457806113e-01,4.886028619111e+00
1.670495049505e-01,4.395681049852e-02,2.147338862522e-01,4.885110721568e+00
1.671494149415e-01,4.398310045695e-02,2.148219874014e-01,4.884193819208e+00
1.672493249325e-01,4.400939041538e-02,2.149100840685e-01,4.883277910467e+00
1.673492349235e-01,4.403568037381e-02,2.149981762631e-01,4.882362993781e+00
1.674491449145e-01,4.406197033225e-02,2.150862639947e-01,4.881449067593e+00
1.675490549055e-01,4.408826029068e-02,2.151743472729e-01,4.880536130349e+00
1.676489648965e-01,4.411455024911e-02,2.152624261072e-01,4.879624180495e+00
1.677488748875e-01,4.414084020754e-02,2.153505005073e-01,4.878713216484e+00
1.678487848785e-01,4.416713016597e-02,2.154385704825e-01,4.877803236771e+00
1.679486948695e-01,4.419342012441e-02,2.155266360424e-01,4.876894239815e+00
1.680486048605e-01,4.421971008284e-02,2.156146971965e-01,4.875986224076e+00
1.681485148515e-01,4.424600004127e-02,2.157027539543e-01,4.875079188020e+00
1.682484248425e-01,4.427228999970e-02,2.157908063252e-01,4.874173130115e+00
1.683483348335e-01,4.429857995813e-02,2.158788543186e-01,4.873268048833e+00
1.684482448245e-01,4.432486991657e-02,2.159668979440e-01,4.872363942648e+00
1.685481548155e-01,4.435115987500e-02,2.160549372108e-01,4.871460810038e+00
1.686480648065e-01,4.437744983343e-02,2.161429721283e-01,4.870558649486e+00
1.687479747975e-01,4.440373979186e-02,2.162310027060e-01,4.869657459475e+00
1.688478847885e-01,4.443002975029e-02,2.163190289532e-01,4.868757238494e+00
1.689477947795e-01,4.445631970873e-02,2.164070508793e-01,4.867857985032e+00
1.690477047705e-01,4.448260966716e-02,2.164950684935e-01,4.866959697586e+00
1.691476147615e-01,4.450889962559e-02,2.165830818053e-01,4.866062374652e+00
1.692475247525e-01,4.453518958402e-02,2.166710908238e-01,4.865166014731e+00
1.693474347435e-01,4.456147954246e-02,2.167590955584e-01,4.864270616327e+00
1.694473447345e-01,4.458776950089e-02,2.168470960184e-01,4.863376177947e+00
1.695472547255e-01,4.461405945932e-02,2.169350922130e-01,4.862482698101e+00
1.696471647165e-01,4.464034941775e-02,2.170230841515e-01,4.861590175303e+00
1.697470747075e-01,4.466663937618e-02,2.171110718430e-01,4.860698608070e+00
1.698469846985e-01,4.469292933462e-02,2.171990552968e-01,4.859807994921e+00
1.699468946895e-01,4.471921929305e-02,2.172870345221e-01,4.858918334379e+00
1.700468046805e-01,4.474550925148e-02,2.173750095281e-01,4.858029624971e+00
1.701467146715e-01,4.477179920991e-02,2.174629803239e-01,4.857141865225e+00
1.702466246625e-01,4.479808916834e-02,2.175509469187e-01,4.856255053674e+00
1.703465346535e-01,4.482437912678e-02,2.176389093217e-01,4.855369188854e+00
1.704464446445e-01,4.485066908521e-02,2.177268675418e-01,4.854484269302e+00
1.705463546355e-01,4.487695904364e-02,2.178148215884e-01,4.853600293561e+00
1.706462646265e-01,4.490324900207e-02,2.179027714703e-01,4.852717260176e+00
1.707461746175e-01,4.492953896051e-02,2.179907171968e-01,4.851835167693e+00
1.708460846085e-01,4.495582891894e-02,2.180786587769e-01,4.850954014665e+00
1.709459945995e-01,4.498211887737e-02,2.181665962196e-01,4.850073799645e+00
1.710459045905e-01,4.500840883580e-02,2.182545295340e-01,4.849194521189e+00
1.711458145815e-01,4.503469879423e-02,2.183424587291e-01,4.848316177859e+00
1.712457245725e-01,4.506098875267e-02,2.184303838139e-01,4.847438768217e+00
1.713456345635e-01,4.508727871110e-02,2.185183047973e-01,4.846562290830e+00
1.714455445545e-01,4.511356866953e-02,2.186062216885e-01,4.845686744266e+00
1.715454545455e-01,4.513985862796e-02,2.186941344962e-01,4.844812127098e+00
1.716453645365e-01,4.516614858639e-02,2.187820432296e-01,4.843938437901e+00
1.717452745275e-01,4.519243854483e-02,2.188699478974e-01,4.843065675253e+00
1.718451845185e-01,4.521872850326e-02,2.189578485087e-01,4.842193837735e+00
1.719450945095e-01,4.524501846169e-02,2.190457450723e-01,4.841322923931e+00
1.720450045005e-01,4.527130842012e-02,2.191336375971e-01,4.840452932429e+00
1.721449144914e-01,4.529759837856e-02,2.192215260920e-01,4.839583861819e+00
1.722448244824e-01,4.532388833699e-02,2.193094105659e-01,4.838715710694e+00
1.723447344734e-01,4.535017829542e-02,2.193972910276e-01,4.837848477649e+00
1.724446444644e-01,4.537646825385e-02,2.194851674860e-01,4.836982161284e+00
1.725445544554e-01,4.540275821228e-02,2.195730399498e-01,4.836116760201e+00
1.726444644464e-01,4.542904817072e-02,2.196609084278e-01,4.835252273004e+00
1.727443744374e-01,4.545533812915e-02,2.197487729290e-01,4.834388698301e+00
1.728442844284e-01,4.548162808758e-02,2.198366334620e-01,4.833526034703e+00
1.729441944194e-01,4.550791804601e-02,2.199244900356e-01,4.832664280823e+00
1.730441044104e-01,4.553420800444e-02,2.200123426585e-01,4.831803435278e+00
1.731440144014e-01,4.556049796288e-02,2.201001913396e-01,4.830943496688e+00
1.732439243924e-01,4.558678792131e-02,2.201880360875e-01,4.830084463673e+00
1.733438343834e-01,4.561307787974e-02,2.202758769109e-01,4.829226334860e+00
1.734437443744e-01,4.563936783817e-02,2.203637138185e-01,4.828369108877e+00
1.735436543654e-01,4.566565779660e-02,2.204515468190e-01,4.827512784354e+00
1.736435643564e-01,4.569194775504e-02,2.205393759211e-01,4.826657359924e+00
1.737434743474e-01,4.571823771347e-02,2.206272011335e-01,4.825802834226e+00
1.738433843384e-01,4.574452767190e-02,2.207150224647e-01,4.824949205897e+00
1.739432943294e-01,4.577081763033e-02,2.208028399233e-01,4.824096473579e+00
1.740432043204e-01,4.579710758877e-02,2.208906535181e-01,4.823244635919e+00
1.741431143114e-01,4.582339754720e-02,2.209784632576e-01,4.822393691564e+00
1.742430243024e-01,4.584968750563e-02,2.210662691504e-01,4.821543639164e+00
1.743429342934e-01,4.587597746406e-02,2.211540712051e-01,4.820694477373e+00
1.744428442844e-01,4.590226742249e-02,2.212418694302e-01,4.819846204847e+00
1.745427542754e-01,4.592855738093e-02,2.213296638342e-01,4.818998820245e+00
1.746426642664e-01,4.595484733936e-02,2.214174544258e-01,4.818152322229e+00
1.747425742574e-01,4.598113729779e-02,2.215052412134e-01,4.817306709463e+00
1.748424842484e-01,4.600742725622e-02,2.215930242055e-01,4.816461980615e+00
1.749423942394e-01,4.603371721465e-02,2.216808034106e-01,4.815618134354e+00
1.750423042304e-01,4.606000717309e-02,2.217685788373e-01,4.814775169354e+00
1.751422142214e-01,4.608629713152e-02,2.218563504939e-01,4.813933084291e+00
1.752421242124e-01,4.611258708995e-02,2.219441183889e-01,4.813091877841e+00
1.753420342034e-01,4.613887704838e-02,2.220318825307e-01,4.812251548687e+00
1.754419441944e-01,4.616516700682e-02,2.221196429279e-01,4.811412095512e+00
1.755418541854e-01,4.619145696525e-02,2.222073995888e-01,4.810573517002e+00
1.756417641764e-01,4.621774692368e-02,2.222951525217e-01,4.809735811847e+00
1.757416741674e-01,4.624403688211e-02,2.223829017351e-01,4.808898978738e+00
1.758415841584e-01,4.627032684054e-02,2.224706472374e-01,4.808063016371e+00
1.759414941494e-01,4.629661679898e-02,2.225583890369e-01,4.807227923442e+00
1.760414041404e-01,4.632290675741e-02,2.226461271420e-01,4.806393698651e+00
1.761413141314e-01,4.634919671584e-02,2.227338615609e-01,4.805560340700e+00
1.762412241224e-01,4.637548667427e-02,2.228215923021e-01,4.804727848295e+00
1.763411341134e-01,4.640177663270e-02,2.229093193738e-01,4.803896220145e+00
1.764410441044e-01,4.642806659114e-02,2.229970427844e-01,4.803065454958e+00
1.765409540954e-01,4.645435654957e-02,2.230847625420e-01,4.802235551449e+00
1.766408640864e-01,4.648064650800e-02,2.231724786551e-01,4.801406508333e+00
1.767407740774e-01,4.650693646643e-02,2.232601911317e-01,4.800578324329e+00
1.768406840684e-01,4.653322642487e-02,2.233478999803e-01,4.799750998158e+00
1.769405940594e-01,4.655951638330e-02,2.234356052089e-01,4.798924528543e+00
1.770405040504e-01,4.658580634173e-02,2.235233068259e-01,4.798098914211e+00
1.771404140414e-01,4.661209630016e-02,2.236110048394e-01,4.797274153890e+00
1.772403240324e-01,4.663838625859e-02,2.236986992577e-01,4.796450246313e+00
1.773402340234e-01,4.666467621703e-02,2.237863900888e-01,4.795627190212e+00
1.774401440144e-01,4.669096617546e-02,2.238740773411e-01,4.794804984326e+00
1.775400540054e-01,4.671725613389e-02,2.239617610225e-01,4.793983627392e+00
1.776399639964e-01,4.674354609232e-02,2.240494411414e-01,4.793163118153e+00
1.777398739874e-01,4.676983605075e-02,2.241371177058e-01,4.792343455353e+00
1.778397839784e-01,4.679612600919e-02,2.242247907237e-01,4.791524637739e+00
1.779396939694e-01,4.682241596762e-02,2.243124602035e-01,4.790706664060e+00
1.780396039604e-01,4.684870592605e-02,2.244001261530e-01,4.789889533069e+00
1.781395139514e-01,4.687499588448e-02,2.244877885805e-01,4.789073243520e+00
1.782394239424e-01,4.690128584291e-02,2.245754474939e-01,4.788257794169e+00
1.783393339334e-01,4.692757580135e-02,2.246631029014e-01,4.787443183777e+00
1.784392439244e-01,4.695386575978e-02,2.247507548109e-01,4.786629411106e+00
1.785391539154e-01,4.698015571821e-02,2.248384032305e-01,4.785816474920e+00
1.786390639064e-01,4.700644567664e-02,2.249260481683e-01,4.785004373986e+00
1.787389738974e-01,4.703273563508e-02,2.250136896322e-01,4.784193107075e+00
1.788388838884e-01,4.705902559351e-02,2.251013276302e-01,4.783382672957e+00
1.789387938794e-01,4.708531555194e-02,2.251889621703e-01,4.782573070407e+00
1.790387038704e-01,4.711160551037e-02,2.252765932605e-01,4.781764298203e+00
1.791386138614e-01,4.713789546880e-02,2.253642209088e-01,4.780956355124e+00
1.792385238524e-01,4.716418542724e-02,2.254518451230e-01,4.780149239953e+00
1.793384338434e-01,4.719047538567e-02,2.255394659111e-01,4.779342951472e+00
1.794383438344e-01,4.721676534410e-02,2.256270832811e-01,4.778537488470e+00
1.795382538254e-01,4.724305530253e-02,2.257146972408e-01,4.777732849736e+00
1.796381638164e-01,4.726934526096e-02,2.258023077982e-01,4.776929034061e+00
1.797380738074e-01,4.729563521940e-02,2.258899149610e-01,4.776126040240e+00
1.798379837984e-01,4.732192517783e-02,2.259775187373e-01,4.775323867068e+00
1.799378937894e-01,4.734821513626e-02,2.260651191349e-01,4.774522513347e+00
1.800378037804e-01,4.737450509469e-02,2.261527161615e-01,4.773721977875e+00
1.801377137714e-01,4.740079505313e-02,2.262403098251e-01,4.772922259459e+00
1.802376237624e-01,4.742708501156e-02,2.263279001335e-01,4.772123356903e+00
1.803375337534e-01,4.745337496999e-02,2.264154870944e-01,4.771325269017e+00
1.804374437444e-01,4.747966492842e-02,2.265030707158e-01,4.770527994611e+00
1.805373537354e-01,4.750595488685e-02,2.265906510053e-01,4.769731532500e+00
1.806372637264e-01,4.753224484529e-02,2.266782279708e-01,4.768935881498e+00
1.807371737174e-01,4.755853480372e-02,2.267658016200e-01,4.768141040424e+00
1.808370837084e-01,4.758482476215e-02,2.268533719607e-01,4.767347008098e+00
1.809369936994e-01,4.761111472058e-02,2.269409390006e-01,4.766553783344e+00
1.810369036904e-01,4.763740467901e-02,2.270285027475e-01,4.765761364987e+00
1.811368136814e-01,4.766369463745e-02,2.271160632090e-01,4.764969751854e+00
1.812367236724e-01,4.768998459588e-02,2.272036203929e-01,4.764178942775e+00
1.813366336634e-01,4.771627455431e-02,2.272911743069e-01,4.763388936583e+00
1.814365436544e-01,4.774256451274e-02,2.273787249587e-01,4.762599732111e+00
1.815364536454e-01,4.776885447117e-02,2.274662723559e-01,4.761811328198e+00
1.816363636364e-01,4.779514442961e-02,2.275538165062e-01,4.761023723682e+00
1.817362736274e-01,4.782143438804e-02,2.276413574172e-01,4.760236917405e+00
1.818361836184e-01,4.784772434647e-02,2.277288950966e-01,4.759450908210e+00
1.819360936094e-01,4.787401430490e-02,2.278164295520e-01,4.758665694945e+00
1.820360036004e-01,4.790030426334e-02,2.279039607911e-01,4.757881276456e+00
1.821359135914e-01,4.792659422177e-02,2.279914888214e-01,4.757097651596e+00
1.822358235824e-01,4.795288418020e-02,2.280790136505e-01,4.756314819217e+00
1.823357335734e-01,4.797917413863e-02,2.281665352860e-01,4.755532778174e+00
1.824356435644e-01,4.800546409706e-02,2.282540537355e-01,4.754751527325e+00
1.825355535554e-01,4.803175405550e-02,2.283415690065e-01,4.753971065530e+00
1.826354635464e-01,4.805804401393e-02,2.284290811066e-01,4.753191391651e+00
1.827353735374e-01,4.808433397236e-02,2.285165900433e-01,4.752412504553e+00
1.828352835284e-01,4.811062393079e-02,2.286040958242e-01,4.751634403101e+00
1.829351935194e-01,4.813691388922e-02,2.286915984567e-01,4.750857086165e+00
1.830351035104e-01,4.816320384766e-02,2.287790979484e-01,4.750080552615e+00
1.831350135014e-01,4.818949380609e-02,2.288665943067e-01,4.749304801326e+00
1.832349234923e-01,4.821578376452e-02,2.289540875392e-01,4.748529831173e+00
1.833348334833e-01,4.824207372295e-02,2.290415776533e-01,4.747755641033e+00
1.834347434743e-01,4.826836368139e-02,2.291290646564e-01,4.746982229786e+00
1.835346534653e-01,4.829465363982e-02,2.292165485560e-01,4.746209596315e+00
1.836345634563e-01,4.832094359825e-02,2.293040293596e-01,4.745437739504e+00
1.837344734473e-01,4.834723355668e-02,2.293915070745e-01,4.744666658239e+00
1.838343834383e-01,4.837352351511e-02,2.294789817082e-01,4.743896351410e+00
1.839342934293e-01,4.839981347355e-02,2.295664532681e-01,4.743126817907e+00
1.840342034203e-01,4.842610343198e-02,2.296539217616e-01,4.742358056624e+00
1.841341134113e-01,4.845239339041e-02,2.297413871960e-01,4.741590066455e+00
1.842340234023e-01,4.847868334884e-02,2.298288495787e-01,4.740822846299e+00
1.843339333933e-01,4.850497330727e-02,2.299163089171e-01,4.740056395055e+00
1.844338433843e-01,4.853126326571e-02,2.300037652186e-01,4.739290711624e+00
1.845337533753e-01,4.855755322414e-02,2.300912184904e-01,4.738525794911e+00
1.846336633663e-01,4.858384318257e-02,2.301786687399e-01,4.737761643822e+00
1.847335733573e-01,4.861013314100e-02,2.302661159744e-01,4.736998257265e+00
1.848334833483e-01,4.863642309944e-02,2.303535602012e-01,4.736235634151e+00
1.849333933393e-01,4.866271305787e-02,2.304410014276e-01,4.735473773392e+00
1.850333033303e-01,4.868900301630e-02,2.305284396609e-01,4.734712673902e+00
1.851332133213e-01,4.871529297473e-02,2.306158749084e-01,4.733952334599e+00
1.852331233123e-01,4.874158293316e-02,2.307033071773e-01,4.733192754401e+00
1.853330333033e-01,4.876787289160e-02,2.307907364749e-01,4.732433932230e+00
1.854329432943e-01,4.879416285003e-02,2.308781628084e-01,4.731675867009e+00
1.855328532853e-01,4.882045280846e-02,2.309655861850e-01,4.730918557662e+00
1.856327632763e-01,4.884674276689e-02,2.310530066120e-01,4.730162003117e+00
1.857326732673e-01,4.887303272532e-02,2.311404240965e-01,4.729406202304e+00
1.858325832583e-01,4.889932268376e-02,2.312278386459e-01,4.728651154154e+00
1.859324932493e-01,4.892561264219e-02,2.313152502672e-01,4.727896857600e+00
1.860324032403e-01,4.895190260062e-02,2.314026589676e-01,4.727143311579e+00
1.861323132313e-01,4.897819255905e-02,2.314900647543e-01,4.726390515027e+00
1.862322232223e-01,4.900448251748e-02,2.315774676345e-01,4.725638466886e+00
1.863321332133e-01,4.903077247592e-02,2.316648676152e-01,4.724887166096e+00
1.864320432043e-01,4.905706243435e-02,2.317522647037e-01,4.724136611602e+00
1.865319531953e-01,4.908335239278e-02,2.318396589071e-01,4.723386802349e+00
1.866318631863e-01,4.910964235121e-02,2.319270502324e-01,4.722637737285e+00
1.867317731773e-01,4.913593230965e-02,2.320144386868e-01,4.721889415361e+00
1.868316831683e-01,4.916222226808e-02,2.321018242774e-01,4.721141835529e+00
1.869315931593e-01,4.918851222651e-02,2.321892070112e-01,4.720394996743e+00
1.870315031503e-01,4.921480218494e-02,2.322765868954e-01,4.719648897958e+00
1.871314131413e-01,4.924109214337e-02,2.323639639369e-01,4.718903538133e+00
1.872313231323e-01,4.926738210181e-02,2.324513381429e-01,4.718158916229e+00
1.873312331233e-01,4.929367206024e-02,2.325387095203e-01,4.717415031207e+00
1.874311431143e-01,4.931996201867e-02,2.326260780763e-01,4.716671882031e+00
1.875310531053e-01,4.934625197710e-02,2.327134438178e-01,4.715929467668e+00
1.876309630963e-01,4.937254193553e-02,2.328008067518e-01,4.715187787086e+00
1.877308730873e-01,4.939883189397e-02,2.328881668854e-01,4.714446839255e+00
1.878307830783e-01,4.942512185240e-02,2.329755242255e-01,4.713706623148e+00
1.879306930693e-01,4.945141181083e-02,2.330628787792e-01,4.712967137737e+00
1.880306030603e-01,4.947770176926e-02,2.331502305533e-01,4.712228382001e+00
1.881305130513e-01,4.950399172770e-02,2.332375795548e-01,4.711490354915e+00
1.882304230423e-01,4.953028168613e-02,2.333249257908e-01,4.710753055462e+00
1.883303330333e-01,4.955657164456e-02,2.334122692681e-01,4.710016482622e+00
1.884302430243e-01,4.958286160299e-02,2.334996099936e-01,4.709280635379e+00
1.885301530153e-01,4.960915156142e-02,2.335869479744e-01,4.708545512720e+00
1.886300630063e-01,4.963544151986e-02,2.336742832172e-01,4.707811113632e+00
1.887299729973e-01,4.966173147829e-02,2.337616157291e-01,4.707077437106e+00
1.888298829883e-01,4.968802143672e-02,2.338489455168e-01,4.706344482132e+00
1.889297929793e-01,4.971431139515e-02,2.339362725873e-01,4.705612247705e+00
1.890297029703e-01,4.974060135358e-02,2.340235969474e-01,4.704880732821e+00
1.891296129613e-01,4.976689131202e-02,2.341109186040e-01,4.704149936476e+00
1.892295229523e-01,4.979318127045e-02,2.341982375640e-01,4.703419857670e+00
1.893294329433e-01,4.981947122888e-02,2.342855538341e-01,4.702690495405e+00
1.894293429343e-01,4.984576118731e-02,2.343728674213e-01,4.701961848683e+00
1.895292529253e-01,4.987205114575e-02,2.344601783323e-01,4.701233916511e+00
1.896291629163e-01,4.989834110418e-02,2.345474865740e-01,4.700506697894e+00
1.897290729073e-01,4.992463106261e-02,2.346347921531e-01,4.699780191843e+00
1.898289828983e-01,4.995092102104e-02,2.347220950765e-01,4.699054397368e+00
1.899288928893e-01,4.997721097947e-02,2.348093953509e-01,4.698329313481e+00
1.900288028803e-01,5.000350093791e-02,2.348966929831e-01,4.697604939198e+00
1.901287128713e-01,5.002979089634e-02,2.349839879798e-01,4.696881273534e+00
1.902286228623e-01,5.005608085477e-02,2.350712803479e-01,4.696158315509e+00
1.903285328533e-01,5.008237081320e-02,2.351585700940e-01,4.695436064142e+00
1.904284428443e-01,5.010866077163e-02,2.352458572250e-01,4.694714518456e+00
1.905283528353e-01,5.013495073007e-02,2.353331417474e-01,4.693993677474e+00
1.906282628263e-01,5.016124068850e-02,2.354204236681e-01,4.693273540223e+00
1.907281728173e-01,5.018753064693e-02,2.355077029937e-01,4.692554105729e+00
1.908280828083e-01,5.021382060536e-02,2.355949797309e-01,4.691835373024e+00
1.909279927993e-01,5.024011056379e-02,2.356822538865e-01,4.691117341137e+00
1.910279027903e-01,5.026640052223e-02,2.357695254670e-01,4.690400009102e+00
1.911278127813e-01,5.029269048066e-02,2.358567944792e-01,4.689683375955e+00
1.912277227723e-01,5.031898043909e-02,2.359440609297e-01,4.688967440732e+00
1.913276327633e-01,5.034527039752e-02,2.360313248252e-01,4.688252202471e+00
1.914275427543e-01,5.037156035596e-02,2.361185861723e-01,4.687537660214e+00
1.915274527453e-01,5.039785031439e-02,2.362058449776e-01,4.686823813002e+00
1.916273627363e-01,5.042414027282e-02,2.362931012478e-01,4.686110659881e+00
1.917272727273e-01,5.045043023125e-02,2.363803549894e-01,4.685398199894e+00
1.918271827183e-01,5.047672018968e-02,2.364676062091e-01,4.684686432092e+00
1.919270927093e-01,5.050301014812e-02,2.365548549134e-01,4.683975355522e+00
1.920270027003e-01,5.052930010655e-02,2.366421011090e-01,4.683264969236e+00
1.921269126913e-01,5.055559006498e-02,2.367293448024e-01,4.682555272288e+00
1.922268226823e-01,5.058188002341e-02,2.368165860002e-01,4.681846263733e+00
1.923267326733e-01,5.060816998184e-02,2.369038247089e-01,4.681137942626e+00
1.924266426643e-01,5.063445994028e-02,2.369910609350e-01,4.680430308027e+00
1.925265526553e-01,5.066074989871e-02,2.370782946852e-01,4.679723358995e+00
1.926264626463e-01,5.068703985714e-02,2.371655259659e-01,4.679017094593e+00
1.927263726373e-01,5.071332981557e-02,2.372527547837e-01,4.678311513885e+00
1.928262826283e-01,5.073961977401e-02,2.373399811450e-01,4.677606615936e+00
1.929261926193e-01,5.076590973244e-02,2.374272050563e-01,4.676902399813e+00
1.930261026103e-01,5.079219969087e-02,2.375144265242e-01,4.676198864586e+00
1.931260126013e-01,5.081848964930e-02,2.376016455552e-01,4.675496009324e+00
1.932259225923e-01,5.084477960773e-02,2.376888621556e-01,4.674793833102e+00
1.933258325833e-01,5.087106956617e-02,2.377760763320e-01,4.674092334992e+00
1.934257425743e-01,5.089735952460e-02,2.378632880909e-01,4.673391514071e+00
1.935256525653e-01,5.092364948303e-02,2.379504974386e-01,4.672691369417e+00
1.936255625563e-01,5.094993944146e-02,2.380377043815e-01,4.671991900109e+00
1.937254725473e-01,5.097622939989e-02,2.381249089262e-01,4.671293105228e+00
1.938253825383e-01,5.100251935833e-02,2.382121110791e-01,4.670594983857e+00
1.939252925293e-01,5.102880931676e-02,2.382993108465e-01,4.669897535081e+00
1.940252025203e-01,5.105509927519e-02,2.383865082348e-01,4.669200757986e+00
1.941251125113e-01,5.108138923362e-02,2.384737032505e-01,4.668504651661e+00
1.942250225023e-01,5.110767919206e-02,2.385608958999e-01,4.667809215194e+00
1.943249324932e-01,5.113396915049e-02,2.386480861893e-01,4.667114447677e+00
1.944248424842e-01,5.116025910892e-02,2.387352741253e-01,4.666420348204e+00
1.945247524752e-01,5.118654906735e-02,2.388224597140e-01,4.665726915869e+00
1.946246624662e-01,5.121283902578e-02,2.389096429619e-01,4.665034149769e+00
1.947245724572e-01,5.123912898422e-02,2.389968238753e-01,4.664342049002e+00
1.948244824482e-01,5.126541894265e-02,2.390840024605e-01,4.663650612667e+00
1.949243924392e-01,5.129170890108e-02,2.391711787239e-01,4.662959839867e+00
1.950243024302e-01,5.131799885951e-02,2.392583526717e-01,4.662269729704e+00
1.951242124212e-01,5.134428881794e-02,2.393455243102e-01,4.661580281283e+00
1.952241224122e-01,5.137057877638e-02,2.394326936458e-01,4.660891493711e+00
1.953240324032e-01,5.139686873481e-02,2.395198606848e-01,4.660203366096e+00
1.954239423942e-01,5.142315869324e-02,2.396070254333e-01,4.659515897548e+00
1.955238523852e-01,5.144944865167e-02,2.396941878977e-01,4.658829087178e+00
1.956237623762e-01,5.147573861010e-02,2.397813480842e-01,4.658142934100e+00
1.957236723672e-01,5.150202856854e-02,2.398685059992e-01,4.657457437428e+00
1.958235823582e-01,5.152831852697e-02,2.399556616487e-01,4.656772596278e+00
1.959234923492e-01,5.155460848540e-02,2.400428150391e-01,4.656088409770e+00
1.960234023402e-01,5.158089844383e-02,2.401299661766e-01,4.655404877021e+00
1.961233123312e-01,5.160718840227e-02,2.402171150673e-01,4.654721997154e+00
1.962232223222e-01,5.163347836070e-02,2.403042617176e-01,4.654039769292e+00
1.963231323132e-01,5.165976831913e-02,2.403914061335e-01,4.653358192559e+00
1.964230423042e-01,5.168605827756e-02,2.404785483214e-01,4.652677266082e+00
1.965229522952e-01,5.171234823599e-02,2.405656882873e-01,4.651996988987e+00
1.966228622862e-01,5.173863819443e-02,2.406528260374e-01,4.651317360405e+00
1.967227722772e-01,5.176492815286e-02,2.407399615780e-01,4.650638379466e+00
1.968226822682e-01,5.179121811129e-02,2.408270949151e-01,4.649960045304e+00
1.969225922592e-01,5.181750806972e-02,2.409142260549e-01,4.649282357051e+00
1.970225022502e-01,5.184379802815e-02,2.410013550036e-01,4.648605313845e+00
1.971224122412e-01,5.187008798659e-02,2.410884817672e-01,4.647928914822e+00
1.972223222322e-01,5.189637794502e-02,2.411756063519e-01,4.647253159121e+00
1.973222322232e-01,5.192266790345e-02,2.412627287639e-01,4.646578045883e+00
1.974221422142e-01,5.194895786188e-02,2.413498490091e-01,4.645903574250e+00
1.975220522052e-01,5.197524782032e-02,2.414369670938e-01,4.645229743366e+00
1.976219621962e-01,5.200153777875e-02,2.415240830239e-01,4.644556552376e+00
1.977218721872e-01,5.202782773718e-02,2.416111968056e-01,4.643884000426e+00
1.978217821782e-01,5.205411769561e-02,2.416983084450e-01,4.643212086666e+00
1.979216921692e-01,5.208040765404e-02,2.417854179481e-01,4.642540810245e+00
1.980216021602e-01,5.210669761248e-02,2.418725253209e-01,4.641870170314e+00
1.981215121512e-01,5.213298757091e-02,2.419596305696e-01,4.641200166027e+00
1.982214221422e-01,5.215927752934e-02,2.420467337001e-01,4.640530796538e+00
1.983213321332e-01,5.218556748777e-02,2.421338347185e-01,4.639862061004e+00
1.984212421242e-01,5.221185744620e-02,2.422209336308e-01,4.639193958582e+00
1.985211521152e-01,5.223814740464e-02,2.423080304430e-01,4.638526488431e+00
1.986210621062e-01,5.226443736307e-02,2.423951251611e-01,4.637859649713e+00
1.987209720972e-01,5.229072732150e-02,2.424822177912e-01,4.637193441588e+00
1.988208820882e-01,5.231701727993e-02,2.425693083391e-01,4.636527863222e+00
1.989207920792e-01,5.234330723837e-02,2.426563968109e-01,4.635862913780e+00
1.990207020702e-01,5.236959719680e-02,2.427434832126e-01,4.635198592428e+00
1.991206120612e-01,5.239588715523e-02,2.428305675502e-01,4.634534898335e+00
1.992205220522e-01,5.242217711366e-02,2.429176498295e-01,4.633871830671e+00
1.993204320432e-01,5.244846707209e-02,2.430047300565e-01,4.633209388607e+00
1.994203420342e-01,5.247475703053e-02,2.430918082372e-01,4.632547571316e+00
1.995202520252e-01,5.250104698896e-02,2.431788843775e-01,4.631886377973e+00
1.996201620162e-01,5.252733694739e-02,2.432659584833e-01,4.631225807753e+00
1.997200720072e-01,5.255362690582e-02,2.433530305606e-01,4.630565859835e+00
1.998199819982e-01,5.257991686425e-02,2.434401006152e-01,4.629906533396e+00
1.999198919892e-01,5.260620682269e-02,2.435271686531e-01,4.629247827617e+00
2.000198019802e-01,5.263249678112e-02,2.436142346801e-01,4.628589741680e+00
2.001197119712e-01,5.265878673955e-02,2.437012987021e-01,4.627932274769e+00
2.002196219622e-01,5.268507669798e-02,2.437883607251e-01,4.627275426068e+00
2.003195319532e-01,5.271136665641e-02,2.438754207548e-01,4.626619194763e+00
2.004194419442e-01,5.273765661485e-02,2.439624787971e-01,4.625963580044e+00
2.005193519352e-01,5.276394657328e-02,2.440495348580e-01,4.625308581098e+00
2.006192619262e-01,5.279023653171e-02,2.441365889431e-01,4.624654197116e+00
2.007191719172e-01,5.281652649014e-02,2.442236410585e-01,4.624000427291e+00
2.008190819082e-01,5.284281644858e-02,2.443106912098e-01,4.623347270816e+00
2.009189918992e-01,5.286910640701e-02,2.443977394029e-01,4.622694726887e+00
2.010189018902e-01,5.289539636544e-02,2.444847856437e-01,4.622042794700e+00
2.011188118812e-01,5.292168632387e-02,2.445718299379e-01,4.621391473453e+00
2.012187218722e-01,5.294797628230e-02,2.446588722913e-01,4.620740762345e+00
2.013186318632e-01,5.297426624074e-02,2.447459127098e-01,4.620090660578e+00
2.014185418542e-01,5.300055619917e-02,2.448329511990e-01,4.619441167353e+00
2.015184518452e-01,5.302684615760e-02,2.449199877649e-01,4.618792281875e+00
2.016183618362e-01,5.305313611603e-02,2.450070224131e-01,4.618144003348e+00
2.017182718272e-01,5.307942607446e-02,2.450940551494e-01,4.617496330980e+00
2.018181818182e-01,5.310571603290e-02,2.451810859795e-01,4.616849263978e+00
2.019180918092e-01,5.313200599133e-02,2.452681149092e-01,4.616202801552e+00
2.020180018002e-01,5.315829594976e-02,2.453551419443e-01,4.615556942913e+00
2.021179117912e-01,5.318458590819e-02,2.454421670905e-01,4.614911687272e+00
2.022178217822e-01,5.321087586663e-02,2.455291903534e-01,4.614267033845e+00
2.023177317732e-01,5.323716582506e-02,2.456162117388e-01,4.613622981846e+00
2.024176417642e-01,5.326345578349e-02,2.457032312524e-01,4.612979530491e+00
2.025175517552e-01,5.328974574192e-02,2.457902489000e-01,4.612336678999e+00
2.026174617462e-01,5.331603570035e-02,2.458772646871e-01,4.611694426588e+00
2.027173717372e-01,5.334232565879e-02,2.459642786195e-01,4.611052772480e+00
2.028172817282e-01,5.336861561722e-02,2.460512907028e-01,4.610411715897e+00
2.029171917192e-01,5.339490557565e-02,2.461383009428e-01,4.609771256062e+00
2.030171017102e-01,5.342119553408e-02,2.462253093450e-01,4.609131392200e+00
2.031170117012e-01,5.344748549251e-02,2.463123159151e-01,4.608492123537e+00
2.032169216922e-01,5.347377545095e-02,2.463993206589e-01,4.607853449302e+00
2.033168316832e-01,5.350006540938e-02,2.464863235818e-01,4.607215368723e+00
2.034167416742e-01,5.352635536781e-02,2.465733246896e-01,4.606577881031e+00
2.035166516652e-01,5.355264532624e-02,2.466603239878e-01,4.605940985457e+00
2.036165616562e-01,5.357893528468e-02,2.467473214821e-01,4.605304681235e+00
2.037164716472e-01,5.360522524311e-02,2.468343171781e-01,4.604668967599e+00
2.038163816382e-01,5.363151520154e-02,2.469213110814e-01,4.604033843785e+00
2.039162916292e-01,5.365780515997e-02,2.470083031975e-01,4.603399309030e+00
2.040162016202e-01,5.368409511840e-02,2.470952935321e-01,4.602765362574e+00
2.041161116112e-01,5.371038507684e-02,2.471822820908e-01,4.602132003655e+00
2.042160216022e-01,5.373667503527e-02,2.472692688790e-01,4.601499231516e+00
2.043159315932e-01,5.376296499370e-02,2.473562539025e-01,4.600867045399e+00
2.044158415842e-01,5.378925495213e-02,2.474432371666e-01,4.600235444548e+00
2.045157515752e-01,5.381554491056e-02,2.475302186771e-01,4.599604428208e+00
2.046156615662e-01,5.384183486900e-02,2.476171984393e-01,4.598973995627e+00
2.047155715572e-01,5.386812482743e-02,2.477041764589e-01,4.598344146051e+00
2.048154815482e-01,5.389441478586e-02,2.477911527414e-01,4.597714878731e+00
2.049153915392e-01,5.392070474429e-02,2.478781272923e-01,4.597086192917e+00
2.050153015302e-01,5.394699470272e-02,2.479651001171e-01,4.596458087861e+00
2.051152115212e-01,5.397328466116e-02,2.480520712214e-01,4.595830562817e+00
2.052151215122e-01,5.399957461959e-02,2.481390406105e-01,4.595203617039e+00
2.053150315032e-01,5.402586457802e-02,2.482260082900e-01,4.594577249783e+00
2.054149414941e-01,5.405215453645e-02,2.483129742655e-01,4.593951460307e+00
2.055148514851e-01,5.407844449489e-02,2.483999385423e-01,4.593326247869e+00
2.056147614761e-01,5.410473445332e-02,2.484869011259e-01,4.592701611728e+00
2.057146714671e-01,5.413102441175e-02,2.485738620218e-01,4.592077551147e+00
2.058145814581e-01,5.415731437018e-02,2.486608212355e-01,4.591454065388e+00
2.059144914491e-01,5.418360432861e-02,2.487477787723e-01,4.590831153715e+00
2.060144014401e-01,5.420989428705e-02,2.488347346378e-01,4.590208815392e+00
2.061143114311e-01,5.423618424548e-02,2.489216888374e-01,4.589587049686e+00
2.062142214221e-01,5.426247420391e-02,2.490086413765e-01,4.588965855865e+00
2.063141314131e-01,5.428876416234e-02,2.490955922605e-01,4.588345233198e+00
2.064140414041e-01,5.431505412077e-02,2.491825414948e-01,4.587725180955e+00
2.065139513951e-01,5.434134407921e-02,2.492694890848e-01,4.587105698407e+00
2.066138613861e-01,5.436763403764e-02,2.493564350360e-01,4.586486784828e+00
2.067137713771e-01,5.439392399607e-02,2.494433793537e-01,4.585868439492e+00
2.068136813681e-01,5.442021395450e-02,2.495303220433e-01,4.585250661674e+00
2.069135913591e-01,5.444650391294e-02,2.496172631102e-01,4.584633450650e+00
2.070135013501e-01,5.447279387137e-02,2.497042025597e-01,4.584016805699e+00
2.071134113411e-01,5.449908382980e-02,2.497911403973e-01,4.583400726100e+00
2.072133213321e-01,5.452537378823e-02,2.498780766282e-01,4.582785211133e+00
2.073132313231e-01,5.455166374666e-02,2.499650112579e-01,4.582170260080e+00
2.074131413141e-01,5.457795370510e-02,2.500519442916e-01,4.581555872224e+00
2.075130513051e-01,5.460424366353e-02,2.501388757347e-01,4.580942046849e+00
2.076129612961e-01,5.463053362196e-02,2.502258055925e-01,4.580328783241e+00
2.077128712871e-01,5.465682358039e-02,2.503127338704e-01,4.579716080686e+00
2.078127812781e-01,5.468311353882e-02,2.503996605736e-01,4.579103938473e+00
2.079126912691e-01,5.470940349726e-02,2.504865857075e-01,4.578492355890e+00
2.080126012601e-01,5.473569345569e-02,2.505735092774e-01,4.577881332229e+00
2.081125112511e-01,5.476198341412e-02,2.506604312885e-01,4.577270866780e+00
2.082124212421e-01,5.478827337255e-02,2.507473517462e-01,4.576660958836e+00
2.083123312331e-01,5.481456333099e-02,2.508342706557e-01,4.576051607693e+00
2.084122412241e-01,5.484085328942e-02,2.509211880224e-01,4.575442812645e+00
2.085121512151e-01,5.486714324785e-02,2.510081038514e-01,4.574834572988e+00
2.086120612061e-01,5.489343320628e-02,2.510950181480e-01,4.574226888021e+00
2.087119711971e-01,5.491972316471e-02,2.511819309175e-01,4.573619757043e+00
2.088118811881e-01,5.494601312315e-02,2.512688421651e-01,4.573013179354e+00
2.089117911791e-01,5.497230308158e-02,2.513557518961e-01,4.572407154256e+00
2.090117011701e-01,5.499859304001e-02,2.514426601158e-01,4.571801681051e+00
2.091116111611e-01,5.502488299844e-02,2.515295668292e-01,4.571196759043e+00
2.092115211521e-01,5.505117295687e-02,2.516164720417e-01,4.570592387537e+00
2.093114311431e-01,5.507746291531e-02,2.517033757584e-01,4.569988565840e+00
2.094113411341e-01,5.510375287374e-02,2.517902779847e-01,4.569385293259e+00
2.095112511251e-01,5.513004283217e-02,2.518771787255e-01,4.568782569103e+00
2.096111611161e-01,5.515633279060e-02,2.519640779863e-01,4.568180392682e+00
2.097110711071e-01,5.518262274903e-02,2.520509757721e-01,4.567578763307e+00
2.098109810981e-01,5.520891270747e-02,2.521378720881e-01,4.566977680290e+00
2.099108910891e-01,5.523520266590e-02,2.522247669395e-01,4.566377142945e+00
2.100108010801e-01,5.526149262433e-02,2.523116603315e-01,4.565777150587e+00
2.101107110711e-01,5.528778258276e-02,2.523985522692e-01,4.565177702530e+00
2.102106210621e-01,5.531407254120e-02,2.524854427578e-01,4.564578798094e+00
2.103105310531e-01,5.534036249963e-02,2.525723318024e-01,4.563980436595e+00
2.104104410441e-01,5.536665245806e-02,2.526592194081e-01,4.563382617353e+00
2.105103510351e-01,5.539294241649e-02,2.527461055802e-01,4.562785339688e+00
2.106102610261e-01,5.541923237492e-02,2.528329903236e-01,4.562188602924e+00
2.107101710171e-01,5.544552233336e-02,2.529198736437e-01,4.561592406381e+00
2.108100810081e-01,5.547181229179e-02,2.530067555454e-01,4.560996749385e+00
2.109099909991e-01,5.549810225022e-02,2.530936360338e-01,4.560401631261e+00
2.110099009901e-01,5.552439220865e-02,2.531805151141e-01,4.559807051335e+00
2.111098109811e-01,5.555068216708e-02,2.532673927914e-01,4.559213008935e+00
2.112097209721e-01,5.557697212552e-02,2.533542690707e-01,4.558619503389e+00
2.113096309631e-01,5.560326208395e-02,2.534411439571e-01,4.558026534028e+00
2.114095409541e-01,5.562955204238e-02,2.535280174558e-01,4.557434100182e+00
2.115094509451e-01,5.565584200081e-02,2.536148895717e-01,4.556842201183e+00
2.116093609361e-01,5.568213195925e-02,2.537017603099e-01,4.556250836366e+00
2.117092709271e-01,5.570842191768e-02,2.537886296756e-01,4.555660005064e+00
2.118091809181e-01,5.573471187611e-02,2.538754976737e-01,4.555069706613e+00
2.119090909091e-01,5.576100183454e-02,2.539623643092e-01,4.554479940350e+00
2.120090009001e-01,5.578729179297e-02,2.540492295873e-01,4.553890705613e+00
2.121089108911e-01,5.581358175141e-02,2.541360935129e-01,4.553302001740e+00
2.122088208821e-01,5.583987170984e-02,2.542229560912e-01,4.552713828072e+00
2.123087308731e-01,5.586616166827e-02,2.543098173269e-01,4.552126183950e+00
2.124086408641e-01,5.589245162670e-02,2.543966772253e-01,4.551539068717e+00
2.125085508551e-01,5.591874158513e-02,2.544835357913e-01,4.550952481717e+00
2.126084608461e-01,5.594503154357e-02,2.545703930299e-01,4.550366422292e+00
2.127083708371e-01,5.597132150200e-02,2.546572489461e-01,4.549780889791e+00
2.128082808281e-01,5.599761146043e-02,2.547441035449e-01,4.549195883559e+00
2.129081908191e-01,5.602390141886e-02,2.548309568313e-01,4.548611402944e+00
2.130081008101e-01,5.605019137730e-02,2.549178088101e-01,4.548027447296e+00
2.131080108011e-01,5.607648133573e-02,2.550046594865e-01,4.547444015965e+00
2.132079207921e-01,5.610277129416e-02,2.550915088654e-01,4.546861108302e+00
2.133078307831e-01,5.612906125259e-02,2.551783569516e-01,4.546278723660e+00
2.134077407741e-01,5.615535121102e-02,2.552652037503e-01,4.545696861391e+00
2.135076507651e-01,5.618164116946e-02,2.553520492662e-01,4.545115520852e+00
2.136075607561e-01,5.620793112789e-02,2.554388935044e-01,4.544534701397e+00
2.137074707471e-01,5.623422108632e-02,2.555257364698e-01,4.543954402383e+00
2.138073807381e-01,5.626051104475e-02,2.556125781672e-01,4.543374623169e+00
2.139072907291e-01,5.628680100318e-02,2.556994186017e-01,4.542795363113e+00
2.140072007201e-01,5.631309096162e-02,2.557862577781e-01,4.542216621575e+00
2.141071107111e-01,5.633938092005e-02,2.558730957014e-01,4.541638397917e+00
2.142070207021e-01,5.636567087848e-02,2.559599323763e-01,4.541060691501e+00
2.143069306931e-01,5.639196083691e-02,2.560467678079e-01,4.540483501690e+00
2.144068406841e-01,5.641825079534e-02,2.561336020011e-01,4.539906827849e+00
2.145067506751e-01,5.644454075378e-02,2.562204349606e-01,4.539330669343e+00
2.146066606661e-01,5.647083071221e-02,2.563072666914e-01,4.538755025538e+00
2.147065706571e-01,5.649712067064e-02,2.563940971983e-01,4.538179895803e+00
2.148064806481e-01,5.652341062907e-02,2.564809264862e-01,4.537605279506e+00
2.149063906391e-01,5.654970058751e-02,2.565677545600e-01,4.537031176017e+00
2.150063006301e-01,5.657599054594e-02,2.566545814244e-01,4.536457584707e+00
2.151062106211e-01,5.660228050437e-02,2.567414070845e-01,4.535884504948e+00
2.152061206121e-01,5.662857046280e-02,2.568282315449e-01,4.535311936112e+00
2.153060306031e-01,5.665486042123e-02,2.569150548106e-01,4.534739877574e+00
2.154059405941e-01,5.668115037967e-02,2.570018768863e-01,4.534168328709e+00
2.155058505851e-01,5.670744033810e-02,2.570886977768e-01,4.533597288892e+00
2.156057605761e-01,5.673373029653e-02,2.571755174871e-01,4.533026757502e+00
2.157056705671e-01,5.676002025496e-02,2.572623360218e-01,4.532456733916e+00
2.158055805581e-01,5.678631021339e-02,2.573491533859e-01,4.531887217514e+00
2.159054905491e-01,5.681260017183e-02,2.574359695840e-01,4.531318207676e+00
2.160054005401e-01,5.683889013026e-02,2.575227846211e-01,4.530749703784e+00
2.161053105311e-01,5.686518008869e-02,2.576095985018e-01,4.530181705219e+00
2.162052205221e-01,5.689147004712e-02,2.576964112309e-01,4.529614211365e+00
2.163051305131e-01,5.691776000556e-02,2.577832228133e-01,4.529047221607e+00
2.164050405041e-01,5.694404996399e-02,2.578700332536e-01,4.528480735331e+00
2.165049504950e-01,5.697033992242e-02,2.579568425567e-01,4.527914751922e+00
2.166048604860e-01,5.699662988085e-02,2.580436507274e-01,4.527349270769e+00
2.167047704770e-01,5.702291983928e-02,2.581304577702e-01,4.526784291260e+00
2.168046804680e-01,5.704920979772e-02,2.582172636901e-01,4.526219812784e+00
2.169045904590e-01,5.707549975615e-02,2.583040684917e-01,4.525655834733e+00
2.170045004500e-01,5.710178971458e-02,2.583908721798e-01,4.525092356498e+00
2.171044104410e-01,5.712807967301e-02,2.584776747591e-01,4.524529377471e+00
2.172043204320e-01,5.715436963144e-02,2.585644762343e-01,4.523966897047e+00
2.173042304230e-01,5.718065958988e-02,2.586512766101e-01,4.523404914620e+00
2.174041404140e-01,5.720694954831e-02,2.587380758912e-01,4.522843429586e+00
2.175040504050e-01,5.723323950674e-02,2.588248740825e-01,4.522282441342e+00
2.176039603960e-01,5.725952946517e-02,2.589116711884e-01,4.521721949285e+00
2.177038703870e-01,5.728581942361e-02,2.589984672138e-01,4.521161952814e+00
2.178037803780e-01,5.731210938204e-02,2.590852621633e-01,4.520602451329e+00
2.179036903690e-01,5.733839934047e-02,2.591720560416e-01,4.520043444231e+00
2.180036003600e-01,5.736468929890e-02,2.592588488534e-01,4.519484930922e+00
2.181035103510e-01,5.739097925733e-02,2.593456406033e-01,4.518926910803e+00
2.182034203420e-01,5.741726921577e-02,2.594324312960e-01,4.518369383280e+00
2.183033303330e-01,5.744355917420e-02,2.595192209362e-01,4.517812347756e+00
2.184032403240e-01,5.746984913263e-02,2.596060095285e-01,4.517255803637e+00
2.185031503150e-01,5.749613909106e-02,2.596927970776e-01,4.516699750331e+00
2.186030603060e-01,5.752242904949e-02,2.597795835881e-01,4.516144187245e+00
2.187029702970e-01,5.754871900793e-02,2.598663690646e-01,4.515589113787e+00
2.188028802880e-01,5.757500896636e-02,2.599531535118e-01,4.515034529368e+00
2.189027902790e-01,5.760129892479e-02,2.600399369342e-01,4.514480433397e+00
2.190027002700e-01,5.762758888322e-02,2.601267193366e-01,4.513926825287e+00
2.191026102610e-01,5.765387884165e-02,2.602135007235e-01,4.513373704450e+00
2.192025202520e-01,5.768016880009e-02,2.603002810995e-01,4.512821070300e+00
2.193024302430e-01,5.770645875852e-02,2.603870604693e-01,4.512268922251e+00
2.194023402340e-01,5.773274871695e-02,2.604738388373e-01,4.511717259720e+00
2.195022502250e-01,5.775903867538e-02,2.605606162083e-01,4.511166082121e+00
2.196021602160e-01,5.778532863382e-02,2.606473925868e-01,4.510615388873e+00
2.197020702070e-01,5.781161859225e-02,2.607341679773e-01,4.510065179395e+00
2.198019801980e-01,5.783790855068e-02,2.608209423845e-01,4.509515453105e+00
2.199018901890e-01,5.786419850911e-02,2.609077158130e-01,4.508966209424e+00
2.200018001800e-01,5.789048846754e-02,2.609944882672e-01,4.508417447773e+00
2.201017101710e-01,5.791677842598e-02,2.610812597517e-01,4.507869167575e+00
2.202016201620e-01,5.794306838441e-02,2.611680302711e-01,4.507321368252e+00
2.203015301530e-01,5.796935834284e-02,2.612547998300e-01,4.506774049229e+00
2.204014401440e-01,5.799564830127e-02,2.613415684328e-01,4.506227209932e+00
2.205013501350e-01,5.802193825970e-02,2.614283360842e-01,4.505680849785e+00
2.206012601260e-01,5.804822821814e-02,2.615151027885e-01,4.505134968217e+00
2.207011701170e-01,5.807451817657e-02,2.616018685505e-01,4.504589564654e+00
2.208010801080e-01,5.810080813500e-02,2.616886333745e-01,4.504044638526e+00
2.209009900990e-01,5.812709809343e-02,2.617753972651e-01,4.503500189264e+00
2.210009000900e-01,5.815338805187e-02,2.618621602268e-01,4.502956216296e+00
2.211008100810e-01,5.817967801030e-02,2.619489222642e-01,4.502412719056e+00
2.212007200720e-01,5.820596796873e-02,2.620356833816e-01,4.501869696976e+00
2.213006300630e-01,5.823225792716e-02,2.621224435836e-01,4.501327149489e+00
2.214005400540e-01,5.825854788559e-02,2.622092028747e-01,4.500785076030e+00
2.215004500450e-01,5.828483784403e-02,2.622959612593e-01,4.500243476035e+00
2.216003600360e-01,5.831112780246e-02,2.623827187420e-01,4.499702348939e+00
2.217002700270e-01,5.833741776089e-02,2.624694753272e-01,4.499161694180e+00
2.218001800180e-01,5.836370771932e-02,2.625562310193e-01,4.498621511196e+00
2.219000900090e-01,5.838999767775e-02,2.626429858229e-01,4.498081799427e+00
2.220000000000e-01,5.841628763619e-02,2.627297397423e-01,4.497542558312e+00
2.220999099910e-01,5.844257759462e-02,2.628164927821e-01,4.497003787292e+00
2.221998199820e-01,5.846886755305e-02,2.629032449467e-01,4.496465485810e+00
2.222997299730e-01,5.849515751148e-02,2.629899962404e-01,4.495927653307e+00
2.223996399640e-01,5.852144746991e-02,2.630767466679e-01,4.495390289229e+00
2.224995499550e-01,5.854773742835e-02,2.631634962333e-01,4.494853393018e+00
2.225994599460e-01,5.857402738678e-02,2.632502449413e-01,4.494316964121e+00
2.226993699370e-01,5.860031734521e-02,2.633369927962e-01,4.493781001985e+00
2.227992799280e-01,5.862660730364e-02,2.634237398024e-01,4.493245506056e+00
2.228991899190e-01,5.865289726208e-02,2.635104859643e-01,4.492710475782e+00
2.229990999100e-01,5.867918722051e-02,2.635972312864e-01,4.492175910614e+00
2.230990099010e-01,5.870547717894e-02,2.636839757730e-01,4.491641810000e+00
2.231989198920e-01,5.873176713737e-02,2.637707194284e-01,4.491108173393e+00
2.232988298830e-01,5.875805709580e-02,2.638574622572e-01,4.490575000243e+00
2.233987398740e-01,5.878434705424e-02,2.639442042637e-01,4.490042290003e+00
2.234986498650e-01,5.881063701267e-02,2.640309454522e-01,4.489510042127e+00
2.235985598560e-01,5.883692697110e-02,2.641176858272e-01,4.488978256069e+00
2.236984698470e-01,5.886321692953e-02,2.642044253929e-01,4.488446931285e+00
2.237983798380e-01,5.888950688796e-02,2.642911641538e-01,4.487916067232e+00
2.238982898290e-01,5.891579684640e-02,2.643779021142e-01,4.487385663365e+00
2.239981998200e-01,5.894208680483e-02,2.644646392785e-01,4.486855719143e+00
2.240981098110e-01,5.896837676326e-02,2.645513756509e-01,4.486326234026e+00
2.241980198020e-01,5.899466672169e-02,2.646381112359e-01,4.485797207472e+00
2.242979297930e-01,5.902095668013e-02,2.647248460378e-01,4.485268638943e+00
2.243978397840e-01,5.904724663856e-02,2.648115800608e-01,4.484740527900e+00
2.244977497750e-01,5.907353659699e-02,2.648983133094e-01,4.484212873805e+00
2.245976597660e-01,5.909982655542e-02,2.649850457878e-01,4.483685676121e+00
2.246975697570e-01,5.912611651385e-02,2.650717775004e-01,4.483158934314e+00
2.247974797480e-01,5.915240647229e-02,2.651585084514e-01,4.482632647847e+00
2.248973897390e-01,5.917869643072e-02,2.652452386452e-01,4.482106816187e+00
2.249972997300e-01,5.920498638915e-02,2.653319680861e-01,4.481581438801e+00
2.250972097210e-01,5.923127634758e-02,2.654186967783e-01,4.481056515155e+00
2.251971197120e-01,5.925756630601e-02,2.655054247261e-01,4.480532044719e+00
2.252970297030e-01,5.928385626445e-02,2.655921519339e-01,4.480008026961e+00
2.253969396940e-01,5.931014622288e-02,2.656788784059e-01,4.479484461352e+00
2.254968496850e-01,5.933643618131e-02,2.657656041464e-01,4.478961347363e+00
2.255967596760e-01,5.936272613974e-02,2.658523291596e-01,4.478438684466e+00
2.256966696670e-01,5.938901609818e-02,2.659390534498e-01,4.477916472134e+00
2.257965796580e-01,5.941530605661e-02,2.660257770213e-01,4.477394709839e+00
2.258964896490e-01,5.944159601504e-02,2.661124998784e-01,4.476873397057e+00
2.259963996400e-01,5.946788597347e-02,2.661992220252e-01,4.476352533263e+00
2.260963096310e-01,5.949417593190e-02,2.662859434660e-01,4.475832117933e+00
2.261962196220e-01,5.952046589034e-02,2.663726642050e-01,4.475312150543e+00
2.262961296130e-01,5.954675584877e-02,2.664593842465e-01,4.474792630572e+00
2.263960396040e-01,5.957304580720e-02,2.665461035948e-01,4.474273557498e+00
2.264959495950e-01,5.959933576563e-02,2.666328222540e-01,4.473754930801e+00
2.265958595860e-01,5.962562572406e-02,2.667195402283e-01,4.473236749961e+00
2.266957695770e-01,5.965191568250e-02,2.668062575220e-01,4.472719014459e+00
2.267956795680e-01,5.967820564093e-02,2.668929741393e-01,4.472201723778e+00
2.268955895590e-01,5.970449559936e-02,2.669796900844e-01,4.471684877399e+00
2.269954995500e-01,5.973078555779e-02,2.670664053614e-01,4.471168474806e+00
2.270954095410e-01,5.975707551622e-02,2.671531199746e-01,4.470652515485e+00
2.271953195320e-01,5.978336547466e-02,2.672398339282e-01,4.470136998920e+00
2.272952295230e-01,5.980965543309e-02,2.673265472263e-01,4.469621924597e+00
2.273951395140e-01,5.983594539152e-02,2.674132598732e-01,4.469107292004e+00
2.274950495050e-01,5.986223534995e-02,2.674999718729e-01,4.468593100628e+00
2.275949594959e-01,5.988852530839e-02,2.675866832298e-01,4.468079349957e+00
2.276948694869e-01,5.991481526682e-02,2.676733939478e-01,4.467566039481e+00
2.277947794779e-01,5.994110522525e-02,2.677601040313e-01,4.467053168691e+00
2.278946894689e-01,5.996739518368e-02,2.678468134843e-01,4.466540737076e+00
2.279945994599e-01,5.999368514211e-02,2.679335223110e-01,4.466028744130e+00
2.280945094509e-01,6.001997510055e-02,2.680202305155e-01,4.465517189344e+00
2.281944194419e-01,6.004626505898e-02,2.681069381020e-01,4.465006072213e+00
2.282943294329e-01,6.007255501741e-02,2.681936450747e-01,4.464495392230e+00
2.283942394239e-01,6.009884497584e-02,2.682803514376e-01,4.463985148890e+00
2.284941494149e-01,6.012513493427e-02,2.683670571949e-01,4.463475341690e+00
2.285940594059e-01,6.015142489271e-02,2.684537623507e-01,4.462965970125e+00
2.286939693969e-01,6.017771485114e-02,2.685404669091e-01,4.462457033694e+00
2.287938793879e-01,6.020400480957e-02,2.686271708743e-01,4.461948531895e+00
2.288937893789e-01,6.023029476800e-02,2.687138742502e-01,4.461440464226e+00
2.289936993699e-01,6.025658472644e-02,2.688005770412e-01,4.460932830188e+00
2.290936093609e-01,6.028287468487e-02,2.688872792511e-01,4.460425629281e+00
2.291935193519e-01,6.030916464330e-02,2.689739808842e-01,4.459918861007e+00
2.292934293429e-01,6.033545460173e-02,2.690606819446e-01,4.459412524868e+00
2.293933393339e-01,6.036174456016e-02,2.691473824362e-01,4.458906620367e+00
2.294932493249e-01,6.038803451860e-02,2.692340823632e-01,4.458401147007e+00
2.295931593159e-01,6.041432447703e-02,2.693207817297e-01,4.457896104294e+00
2.296930693069e-01,6.044061443546e-02,2.694074805397e-01,4.457391491732e+00
2.297929792979e-01,6.046690439389e-02,2.694941787973e-01,4.456887308829e+00
2.298928892889e-01,6.049319435232e-02,2.695808765066e-01,4.456383555090e+00
2.299927992799e-01,6.051948431076e-02,2.696675736715e-01,4.455880230024e+00
2.300927092709e-01,6.054577426919e-02,2.697542702963e-01,4.455377333139e+00
2.301926192619e-01,6.057206422762e-02,2.698409663848e-01,4.454874863944e+00
2.302925292529e-01,6.059835418605e-02,2.699276619412e-01,4.454372821949e+00
2.303924392439e-01,6.062464414449e-02,2.700143569695e-01,4.453871206666e+00
2.304923492349e-01,6.065093410292e-02,2.701010514737e-01,4.453370017606e+00
2.305922592259e-01,6.067722406135e-02,2.701877454579e-01,4.452869254281e+00
2.306921692169e-01,6.070351401978e-02,2.702744389260e-01,4.452368916204e+00
2.307920792079e-01,6.072980397821e-02,2.703611318822e-01,4.451869002889e+00
2.308919891989e-01,6.075609393665e-02,2.704478243303e-01,4.451369513852e+00
2.309918991899e-01,6.078238389508e-02,2.705345162745e-01,4.450870448607e+00
2.310918091809e-01,6.080867385351e-02,2.706212077187e-01,4.450371806670e+00
2.311917191719e-01,6.083496381194e-02,2.707078986669e-01,4.449873587559e+00
2.312916291629e-01,6.086125377037e-02,2.707945891231e-01,4.449375790791e+00
2.313915391539e-01,6.088754372881e-02,2.708812790914e-01,4.448878415885e+00
2.314914491449e-01,6.091383368724e-02,2.709679685756e-01,4.448381462360e+00
2.315913591359e-01,6.094012364567e-02,2.710546575798e-01,4.447884929736e+00
2.316912691269e-01,6.096641360410e-02,2.711413461080e-01,4.447388817534e+00
2.317911791179e-01,6.099270356253e-02,2.712280341642e-01,4.446893125275e+00
2.318910891089e-01,6.101899352097e-02,2.713147217522e-01,4.446397852481e+00
2.319909990999e-01,6.104528347940e-02,2.714014088761e-01,4.445902998676e+00
2.320909090909e-01,6.107157343783e-02,2.714880955399e-01,4.445408563384e+00
2.321908190819e-01,6.109786339626e-02,2.715747817474e-01,4.444914546128e+00
2.322907290729e-01,6.112415335470e-02,2.716614675026e-01,4.444420946434e+00
2.323906390639e-01,6.115044331313e-02,2.717481528096e-01,4.443927763828e+00
2.324905490549e-01,6.117673327156e-02,2.718348376722e-01,4.443434997837e+00
2.325904590459e-01,6.120302322999e-02,2.719215220943e-01,4.442942647988e+00
2.326903690369e-01,6.122931318842e-02,2.720082060799e-01,4.442450713809e+00
2.327902790279e-01,6.125560314686e-02,2.720948896330e-01,4.441959194829e+00
2.328901890189e-01,6.128189310529e-02,2.721815727574e-01,4.441468090579e+00
2.329900990099e-01,6.130818306372e-02,2.722682554571e-01,4.440977400588e+00
2.330900090009e-01,6.133447302215e-02,2.723549377360e-01,4.440487124388e+00
2.331899189919e-01,6.136076298058e-02,2.724416195980e-01,4.439997261510e+00
2.332898289829e-01,6.138705293902e-02,2.725283010470e-01,4.439507811487e+00
2.333897389739e-01,6.141334289745e-02,2.726149820868e-01,4.439018773853e+00
2.334896489649e-01,6.143963285588e-02,2.727016627215e-01,4.438530148141e+00
2.335895589559e-01,6.146592281431e-02,2.727883429550e-01,4.438041933887e+00
2.336894689469e-01,6.149221277275e-02,2.728750227910e-01,4.437554130625e+00
2.337893789379e-01,6.151850273118e-02,2.729617022334e-01,4.437066737892e+00
2.338892889289e-01,6.154479268961e-02,2.730483812863e-01,4.436579755225e+00
2.339891989199e-01,6.157108264804e-02,2.731350599533e-01,4.436093182162e+00
2.340891089109e-01,6.159737260647e-02,2.732217382385e-01,4.435607018241e+00
2.341890189019e-01,6.162366256491e-02,2.733084161456e-01,4.435121263002e+00
2.342889288929e-01,6.164995252334e-02,2.733950936786e-01,4.434635915983e+00
2.343888388839e-01,6.167624248177e-02,2.734817708413e-01,4.434150976726e+00
2.344887488749e-01,6.170253244020e-02,2.735684476376e-01,4.433666444772e+00
2.345886588659e-01,6.172882239863e-02,2.736551240712e-01,4.433182319662e+00
2.346885688569e-01,6.175511235707e-02,2.737418001461e-01,4.432698600940e+00
2.347884788479e-01,6.178140231550e-02,2.738284758661e-01,4.432215288149e+00
2.348883888389e-01,6.180769227393e-02,2.739151512350e-01,4.431732380833e+00
2.349882988299e-01,6.183398223236e-02,2.740018262566e-01,4.431249878537e+00
2.350882088209e-01,6.186027219080e-02,2.740885009349e-01,4.430767780807e+00
2.351881188119e-01,6.188656214923e-02,2.741751752736e-01,4.430286087187e+00
2.352880288029e-01,6.191285210766e-02,2.742618492765e-01,4.429804797227e+00
2.353879387939e-01,6.193914206609e-02,2.743485229475e-01,4.429323910472e+00
2.354878487849e-01,6.196543202452e-02,2.744351962903e-01,4.428843426472e+00
2.355877587759e-01,6.199172198296e-02,2.745218693088e-01,4.428363344775e+00
2.356876687669e-01,6.201801194139e-02,2.746085420068e-01,4.427883664932e+00
2.357875787579e-01,6.204430189982e-02,2.746952143881e-01,4.427404386492e+00
2.358874887489e-01,6.207059185825e-02,2.747818864564e-01,4.426925509007e+00
2.359873987399e-01,6.209688181668e-02,2.748685582157e-01,4.426447032028e+00
2.360873087309e-01,6.212317177512e-02,2.749552296695e-01,4.425968955108e+00
2.361872187219e-01,6.214946173355e-02,2.750419008218e-01,4.425491277801e+00
2.362871287129e-01,6.217575169198e-02,2.751285716763e-01,4.425013999659e+00
2.363870387039e-01,6.220204165041e-02,2.752152422368e-01,4.424537120238e+00
2.364869486949e-01,6.222833160884e-02,2.753019125071e-01,4.424060639092e+00
2.365868586859e-01,6.225462156728e-02,2.753885824909e-01,4.423584555779e+00
2.366867686769e-01,6.228091152571e-02,2.754752521919e-01,4.423108869854e+00
2.367866786679e-01,6.230720148414e-02,2.755619216140e-01,4.422633580874e+00
2.368865886589e-01,6.233349144257e-02,2.756485907610e-01,4.422158688398e+00
2.369864986499e-01,6.235978140101e-02,2.757352596364e-01,4.421684191984e+00
2.370864086409e-01,6.238607135944e-02,2.758219282442e-01,4.421210091192e+00
2.371863186319e-01,6.241236131787e-02,2.759085965880e-01,4.420736385581e+00
2.372862286229e-01,6.243865127630e-02,2.759952646715e-01,4.420263074713e+00
2.373861386139e-01,6.246494123473e-02,2.760819324986e-01,4.419790158148e+00
2.374860486049e-01,6.249123119317e-02,2.761686000729e-01,4.419317635449e+00
2.375859585959e-01,6.251752115160e-02,2.762552673981e-01,4.418845506178e+00
2.376858685869e-01,6.254381111003e-02,2.763419344781e-01,4.418373769899e+00
2.377857785779e-01,6.257010106846e-02,2.764286013164e-01,4.417902426175e+00
2.378856885689e-01,6.259639102689e-02,2.765152679168e-01,4.417431474572e+00
2.379855985599e-01,6.262268098533e-02,2.766019342831e-01,4.416960914655e+00
2.380855085509e-01,6.264897094376e-02,2.766886004189e-01,4.416490745990e+00
2.381854185419e-01,6.267526090219e-02,2.767752663279e-01,4.416020968143e+00
2.382853285329e-01,6.270155086062e-02,2.768619320138e-01,4.415551580682e+00
2.383852385239e-01,6.272784081906e-02,2.769485974804e-01,4.415082583175e+00
2.384851485149e-01,6.275413077749e-02,2.770352627312e-01,4.414613975190e+00
2.385850585059e-01,6.278042073592e-02,2.771219277700e-01,4.414145756298e+00
2.386849684968e-01,6.280671069435e-02,2.772085926005e-01,4.413677926067e+00
2.387848784878e-01,6.283300065278e-02,2.772952572264e-01,4.413210484069e+00
2.388847884788e-01,6.285929061122e-02,2.773819216512e-01,4.412743429875e+00
2.389846984698e-01,6.288558056965e-02,2.774685858787e-01,4.412276763056e+00
2.390846084608e-01,6.291187052808e-02,2.775552499126e-01,4.411810483186e+00
2.391845184518e-01,6.293816048651e-02,2.776419137565e-01,4.411344589838e+00
2.392844284428e-01,6.296445044494e-02,2.777285774141e-01,4.410879082585e+00
2.393843384338e-01,6.299074040338e-02,2.778152408889e-01,4.410413961003e+00
2.394842484248e-01,6.301703036181e-02,2.779019041848e-01,4.409949224665e+00
2.395841584158e-01,6.304332032024e-02,2.779885673052e-01,4.409484873149e+00
2.396840684068e-01,6.306961027867e-02,2.780752302539e-01,4.409020906031e+00
2.397839783978e-01,6.309590023711e-02,2.781618930345e-01,4.408557322888e+00
2.398838883888e-01,6.312219019554e-02,2.782485556506e-01,4.408094123297e+00
2.399837983798e-01,6.314848015397e-02,2.783352181058e-01,4.407631306838e+00
2.400837083708e-01,6.317477011240e-02,2.784218804039e-01,4.407168873088e+00
2.401836183618e-01,6.320106007083e-02,2.785085425483e-01,4.406706821628e+00
2.402835283528e-01,6.322735002927e-02,2.785952045427e-01,4.406245152039e+00
2.403834383438e-01,6.325363998770e-02,2.786818663908e-01,4.405783863901e+00
2.404833483348e-01,6.327992994613e-02,2.787685280961e-01,4.405322956795e+00
2.405832583258e-01,6.330621990456e-02,2.788551896622e-01,4.404862430305e+00
2.406831683168e-01,6.333250986299e-02,2.789418510928e-01,4.404402284012e+00
2.407830783078e-01,6.335879982143e-02,2.790285123914e-01,4.403942517500e+00
2.408829882988e-01,6.338508977986e-02,2.791151735616e-01,4.403483130355e+00
2.409828982898e-01,6.341137973829e-02,2.792018346071e-01,4.403024122159e+00
2.410828082808e-01,6.343766969672e-02,2.792884955314e-01,4.402565492499e+00
2.411827182718e-01,6.346395965515e-02,2.793751563380e-01,4.402107240961e+00
2.412826282628e-01,6.349024961359e-02,2.794618170306e-01,4.401649367131e+00
2.413825382538e-01,6.351653957202e-02,2.795484776128e-01,4.401191870597e+00
2.414824482448e-01,6.354282953045e-02,2.796351380881e-01,4.400734750946e+00
2.415823582358e-01,6.356911948888e-02,2.797217984601e-01,4.400278007767e+00
2.416822682268e-01,6.359540944732e-02,2.798084587323e-01,4.399821640650e+00
2.417821782178e-01,6.362169940575e-02,2.798951189083e-01,4.399365649183e+00
2.418820882088e-01,6.364798936418e-02,2.799817789917e-01,4.398910032958e+00
2.419819981998e-01,6.367427932261e-02,2.800684389859e-01,4.398454791564e+00
2.420819081908e-01,6.370056928104e-02,2.801550988947e-01,4.397999924595e+00
2.421818181818e-01,6.372685923948e-02,2.802417587214e-01,4.397545431641e+00
2.422817281728e-01,6.375314919791e-02,2.803284184697e-01,4.397091312297e+00
2.423816381638e-01,6.377943915634e-02,2.804150781430e-01,4.396637566155e+00
2.424815481548e-01,6.380572911477e-02,2.805017377450e-01,4.396184192809e+00
2.425814581458e-01,6.383201907320e-02,2.805883972791e-01,4.395731191854e+00
2.426813681368e-01,6.385830903164e-02,2.806750567489e-01,4.395278562886e+00
2.427812781278e-01,6.388459899007e-02,2.807617161578e-01,4.394826305499e+00
2.428811881188e-01,6.391088894850e-02,2.808483755095e-01,4.394374419292e+00
2.429810981098e-01,6.393717890693e-02,2.809350348073e-01,4.393922903860e+00
2.430810081008e-01,6.396346886537e-02,2.810216940549e-01,4.393471758801e+00
2.431809180918e-01,6.398975882380e-02,2.811083532558e-01,4.393020983714e+00
2.432808280828e-01,6.401604878223e-02,2.811950124133e-01,4.392570578198e+00
2.433807380738e-01,6.404233874066e-02,2.812816715311e-01,4.392120541852e+00
2.434806480648e-01,6.406862869909e-02,2.813683306126e-01,4.391670874277e+00
2.435805580558e-01,6.409491865753e-02,2.814549896614e-01,4.391221575072e+00
2.436804680468e-01,6.412120861596e-02,2.815416486808e-01,4.390772643839e+00
2.437803780378e-01,6.414749857439e-02,2.816283076745e-01,4.390324080181e+00
2.438802880288e-01,6.417378853282e-02,2.817149666458e-01,4.389875883699e+00
2.439801980198e-01,6.420007849125e-02,2.818016255983e-01,4.389428053996e+00
2.440801080108e-01,6.422636844969e-02,2.818882845354e-01,4.388980590677e+00
2.441800180018e-01,6.425265840812e-02,2.819749434605e-01,4.388533493346e+00
2.442799279928e-01,6.427894836655e-02,2.820616023773e-01,4.388086761607e+00
2.443798379838e-01,6.430523832498e-02,2.821482612890e-01,4.387640395066e+00
2.444797479748e-01,6.433152828342e-02,2.822349201993e-01,4.387194393329e+00
2.445796579658e-01,6.435781824185e-02,2.823215791114e-01,4.386748756002e+00
2.446795679568e-01,6.438410820028e-02,2.824082380290e-01,4.386303482693e+00
2.447794779478e-01,6.441039815871e-02,2.824948969554e-01,4.385858573010e+00
2.448793879388e-01,6.443668811714e-02,2.825815558940e-01,4.385414026561e+00
2.449792979298e-01,6.446297807558e-02,2.826682148484e-01,4.384969842954e+00
2.450792079208e-01,6.448926803401e-02,2.827548738219e-01,4.384526021800e+00
2.451791179118e-01,6.451555799244e-02,2.828415328180e-01,4.384082562708e+00
2.452790279028e-01,6.454184795087e-02,2.829281918401e-01,4.383639465289e+00
2.453789378938e-01,6.456813790930e-02,2.830148508917e-01,4.383196729155e+00
2.454788478848e-01,6.459442786774e-02,2.831015099761e-01,4.382754353917e+00
2.455787578758e-01,6.462071782617e-02,2.831881690968e-01,4.382312339188e+00
2.456786678668e-01,6.464700778460e-02,2.832748282572e-01,4.381870684581e+00
2.457785778578e-01,6.467329774303e-02,2.833614874607e-01,4.381429389709e+00
2.458784878488e-01,6.469958770146e-02,2.834481467107e-01,4.380988454186e+00
2.459783978398e-01,6.472587765990e-02,2.835348060106e-01,4.380547877627e+00
2.460783078308e-01,6.475216761833e-02,2.836214653639e-01,4.380107659648e+00
2.461782178218e-01,6.477845757676e-02,2.837081247738e-01,4.379667799865e+00
2.462781278128e-01,6.480474753519e-02,2.837947842439e-01,4.379228297893e+00
2.463780378038e-01,6.483103749363e-02,2.838814437775e-01,4.378789153349e+00
2.464779477948e-01,6.485732745206e-02,2.839681033779e-01,4.378350365852e+00
2.465778577858e-01,6.488361741049e-02,2.840547630487e-01,4.377911935020e+00
2.466777677768e-01,6.490990736892e-02,2.841414227930e-01,4.377473860471e+00
2.467776777678e-01,6.493619732735e-02,2.842280826144e-01,4.377036141824e+00
2.468775877588e-01,6.496248728579e-02,2.843147425162e-01,4.376598778699e+00
2.469774977498e-01,6.498877724422e-02,2.844014025018e-01,4.376161770716e+00
2.470774077408e-01,6.501506720265e-02,2.844880625744e-01,4.375725117498e+00
2.471773177318e-01,6.504135716108e-02,2.845747227376e-01,4.375288818664e+00
2.472772277228e-01,6.506764711951e-02,2.846613829946e-01,4.374852873837e+00
2.473771377138e-01,6.509393707795e-02,2.847480433489e-01,4.374417282640e+00
2.474770477048e-01,6.512022703638e-02,2.848347038037e-01,4.373982044696e+00
2.475769576958e-01,6.514651699481e-02,2.849213643623e-01,4.373547159629e+00
2.476768676868e-01,6.517280695324e-02,2.850080250283e-01,4.373112627062e+00
2.477767776778e-01,6.519909691168e-02,2.850946858048e-01,4.372678446621e+00
2.478766876688e-01,6.522538687011e-02,2.851813466953e-01,4.372244617931e+00
2.479765976598e-01,6.525167682854e-02,2.852680077030e-01,4.371811140618e+00
2.480765076508e-01,6.527796678697e-02,2.853546688313e-01,4.371378014308e+00
2.481764176418e-01,6.530425674540e-02,2.854413300835e-01,4.370945238629e+00
2.482763276328e-01,6.533054670384e-02,2.855279914630e-01,4.370512813208e+00
2.483762376238e-01,6.535683666227e-02,2.856146529730e-01,4.370080737673e+00
2.484761476148e-01,6.538312662070e-02,2.857013146169e-01,4.369649011653e+00
2.485760576058e-01,6.540941657913e-02,2.857879763980e-01,4.369217634777e+00
2.486759675968e-01,6.543570653756e-02,2.858746383196e-01,4.368786606675e+00
2.487758775878e-01,6.546199649600e-02,2.859613003851e-01,4.368355926977e+00
2.488757875788e-01,6.548828645443e-02,2.860479625976e-01,4.367925595314e+00
2.489756975698e-01,6.551457641286e-02,2.861346249605e-01,4.367495611318e+00
2.490756075608e-01,6.554086637129e-02,2.862212874772e-01,4.367065974620e+00
2.491755175518e-01,6.556715632973e-02,2.863079501508e-01,4.366636684852e+00
2.492754275428e-01,6.559344628816e-02,2.863946129848e-01,4.366207741649e+00
2.493753375338e-01,6.561973624659e-02,2.864812759823e-01,4.365779144642e+00
2.494752475248e-01,6.564602620502e-02,2.865679391467e-01,4.365350893467e+00
2.495751575158e-01,6.567231616345e-02,2.866546024812e-01,4.364922987758e+00
2.496750675068e-01,6.569860612189e-02,2.867412659891e-01,4.364495427150e+00
2.497749774977e-01,6.572489608032e-02,2.868279296737e-01,4.364068211279e+00
2.498748874887e-01,6.575118603875e-02,2.869145935383e-01,4.363641339781e+00
2.499747974797e-01,6.577747599718e-02,2.870012575861e-01,4.363214812292e+00
2.500747074707e-01,6.580376595561e-02,2.870879218204e-01,4.362788628451e+00
2.501746174617e-01,6.583005591405e-02,2.871745862444e-01,4.362362787894e+00
2.502745274527e-01,6.585634587248e-02,2.872612508615e-01,4.361937290261e+00
2.503744374437e-01,6.588263583091e-02,2.873479156748e-01,4.361512135189e+00
2.504743474347e-01,6.590892578934e-02,2.874345806876e-01,4.361087322319e+00
2.505742574257e-01,6.593521574777e-02,2.875212459031e-01,4.360662851290e+00
2.506741674167e-01,6.596150570621e-02,2.876079113246e-01,4.360238721742e+00
2.507740774077e-01,6.598779566464e-02,2.876945769554e-01,4.359814933318e+00
2.508739873987e-01,6.601408562307e-02,2.877812427986e-01,4.359391485657e+00
2.509738973897e-01,6.604037558150e-02,2.878679088576e-01,4.358968378402e+00
2.510738073807e-01,6.606666553994e-02,2.879545751354e-01,4.358545611196e+00
2.511737173717e-01,6.609295549837e-02,2.880412416355e-01,4.358123183682e+00
2.512736273627e-01,6.611924545680e-02,2.881279083609e-01,4.357701095502e+00
2.513735373537e-01,6.614553541523e-02,2.882145753149e-01,4.357279346302e+00
2.514734473447e-01,6.617182537366e-02,2.883012425007e-01,4.356857935726e+00
2.515733573357e-01,6.619811533210e-02,2.883879099215e-01,4.356436863418e+00
2.516732673267e-01,6.622440529053e-02,2.884745775806e-01,4.356016129025e+00
2.517731773177e-01,6.625069524896e-02,2.885612454812e-01,4.355595732193e+00
2.518730873087e-01,6.627698520739e-02,2.886479136263e-01,4.355175672567e+00
2.519729972997e-01,6.630327516582e-02,2.887345820194e-01,4.354755949797e+00
2.520729072907e-01,6.632956512426e-02,2.888212506635e-01,4.354336563528e+00
2.521728172817e-01,6.635585508269e-02,2.889079195618e-01,4.353917513409e+00
2.522727272727e-01,6.638214504112e-02,2.889945887175e-01,4.353498799090e+00
2.523726372637e-01,6.640843499955e-02,2.890812581339e-01,4.353080420218e+00
2.524725472547e-01,6.643472495799e-02,2.891679278140e-01,4.352662376444e+00
2.525724572457e-01,6.646101491642e-02,2.892545977612e-01,4.352244667418e+00
2.526723672367e-01,6.648730487485e-02,2.893412679785e-01,4.351827292791e+00
2.527722772277e-01,6.651359483328e-02,2.894279384691e-01,4.351410252214e+00
2.528721872187e-01,6.653988479171e-02,2.895146092363e-01,4.350993545338e+00
2.529720972097e-01,6.656617475015e-02,2.896012802831e-01,4.350577171816e+00
2.530720072007e-01,6.659246470858e-02,2.896879516128e-01,4.350161131301e+00
2.531719171917e-01,6.661875466701e-02,2.897746232284e-01,4.349745423445e+00
2.532718271827e-01,6.664504462544e-02,2.898612951332e-01,4.349330047903e+00
2.533717371737e-01,6.667133458387e-02,2.899479673304e-01,4.348915004328e+00
2.534716471647e-01,6.669762454231e-02,2.900346398230e-01,4.348500292375e+00
2.535715571557e-01,6.672391450074e-02,2.901213126142e-01,4.348085911700e+00
2.536714671467e-01,6.675020445917e-02,2.902079857071e-01,4.347671861959e+00
2.537713771377e-01,6.677649441760e-02,2.902946591050e-01,4.347258142807e+00
2.538712871287e-01,6.680278437604e-02,2.903813328109e-01,4.346844753901e+00
2.539711971197e-01,6.682907433447e-02,2.904680068280e-01,4.346431694898e+00
2.540711071107e-01,6.685536429290e-02,2.905546811594e-01,4.346018965456e+00
2.541710171017e-01,6.688165425133e-02,2.906413558083e-01,4.345606565233e+00
2.542709270927e-01,6.690794420976e-02,2.907280307777e-01,4.345194493889e+00
2.543708370837e-01,6.693423416820e-02,2.908147060708e-01,4.344782751081e+00
2.544707470747e-01,6.696052412663e-02,2.909013816907e-01,4.344371336469e+00
2.545706570657e-01,6.698681408506e-02,2.909880576405e-01,4.343960249715e+00
2.546705670567e-01,6.701310404349e-02,2.910747339234e-01,4.343549490478e+00
2.547704770477e-01,6.703939400192e-02,2.911614105425e-01,4.343139058419e+00
2.548703870387e-01,6.706568396036e-02,2.912480875008e-01,4.342728953200e+00
2.549702970297e-01,6.709197391879e-02,2.913347648015e-01,4.342319174483e+00
2.550702070207e-01,6.711826387722e-02,2.914214424476e-01,4.341909721931e+00
2.551701170117e-01,6.714455383565e-02,2.915081204424e-01,4.341500595206e+00
2.552700270027e-01,6.717084379408e-02,2.915947987888e-01,4.341091793973e+00
2.553699369937e-01,6.719713375252e-02,2.916814774899e-01,4.340683317895e+00
2.554698469847e-01,6.722342371095e-02,2.917681565489e-01,4.340275166636e+00
2.555697569757e-01,6.724971366938e-02,2.918548359688e-01,4.339867339862e+00
2.556696669667e-01,6.727600362781e-02,2.919415157528e-01,4.339459837238e+00
2.557695769577e-01,6.730229358625e-02,2.920281959038e-01,4.339052658430e+00
2.558694869487e-01,6.732858354468e-02,2.921148764251e-01,4.338645803104e+00
2.559693969397e-01,6.735487350311e-02,2.922015573196e-01,4.338239270928e+00
2.560693069307e-01,6.738116346154e-02,2.922882385904e-01,4.337833061568e+00
2.561692169217e-01,6.740745341997e-02,2.923749202406e-01,4.337427174692e+00
2.562691269127e-01,6.743374337841e-02,2.924616022732e-01,4.337021609969e+00
2.563690369037e-01,6.746003333684e-02,2.925482846914e-01,4.336616367067e+00
2.564689468947e-01,6.748632329527e-02,2.926349674981e-01,4.336211445655e+00
2.565688568857e-01,6.751261325370e-02,2.927216506965e-01,4.335806845404e+00
2.566687668767e-01,6.753890321213e-02,2.928083342896e-01,4.335402565984e+00
2.567686768677e-01,6.756519317057e-02,2.928950182804e-01,4.334998607064e+00
2.568685868587e-01,6.759148312900e-02,2.929817026720e-01,4.334594968317e+00
2.569684968497e-01,6.761777308743e-02,2.930683874674e-01,4.334191649413e+00
2.570684068407e-01,6.764406304586e-02,2.931550726697e-01,4.333788650025e+00
2.571683168317e-01,6.767035300430e-02,2.932417582819e-01,4.333385969825e+00
2.572682268227e-01,6.769664296273e-02,2.933284443071e-01,4.332983608487e+00
2.573681368137e-01,6.772293292116e-02,2.934151307482e-01,4.332581565683e+00
2.574680468047e-01,6.774922287959e-02,2.935018176083e-01,4.332179841088e+00
2.575679567957e-01,6.777551283802e-02,2.935885048905e-01,4.331778434376e+00
2.576678667867e-01,6.780180279646e-02,2.936751925977e-01,4.331377345221e+00
2.577677767777e-01,6.782809275489e-02,2.937618807330e-01,4.330976573300e+00
2.578676867687e-01,6.785438271332e-02,2.938485692994e-01,4.330576118287e+00
2.579675967597e-01,6.788067267175e-02,2.939352582999e-01,4.330175979859e+00
2.580675067507e-01,6.790696263018e-02,2.940219477375e-01,4.329776157693e+00
2.581674167417e-01,6.793325258862e-02,2.941086376152e-01,4.329376651465e+00
2.582673267327e-01,6.795954254705e-02,2.941953279361e-01,4.328977460854e+00
2.583672367237e-01,6.798583250548e-02,2.942820187031e-01,4.328578585537e+00
2.584671467147e-01,6.801212246391e-02,2.943687099192e-01,4.328180025192e+00
2.585670567057e-01,6.803841242235e-02,2.944554015875e-01,4.327781779500e+00
2.586669666967e-01,6.806470238078e-02,2.945420937109e-01,4.327383848138e+00
2.587668766877e-01,6.809099233921e-02,2.946287862924e-01,4.326986230788e+00
2.588667866787e-01,6.811728229764e-02,2.947154793351e-01,4.326588927128e+00
2.589666966697e-01,6.814357225607e-02,2.948021728418e-01,4.326191936841e+00
2.590666066607e-01,6.816986221451e-02,2.948888668155e-01,4.325795259607e+00
2.591665166517e-01,6.819615217294e-02,2.949755612594e-01,4.325398895107e+00
2.592664266427e-01,6.822244213137e-02,2.950622561762e-01,4.325002843024e+00
2.593663366337e-01,6.824873208980e-02,2.951489515691e-01,4.324607103041e+00
2.594662466247e-01,6.827502204823e-02,2.952356474409e-01,4.324211674840e+00
2.595661566157e-01,6.830131200667e-02,2.953223437947e-01,4.323816558105e+00
2.596660666067e-01,6.832760196510e-02,2.954090406334e-01,4.323421752519e+00
2.597659765977e-01,6.835389192353e-02,2.954957379599e-01,4.323027257768e+00
2.598658865887e-01,6.838018188196e-02,2.955824357773e-01,4.322633073535e+00
2.599657965797e-01,6.840647184039e-02,2.956691340885e-01,4.322239199506e+00
2.600657065707e-01,6.843276179883e-02,2.957558328963e-01,4.321845635367e+00
2.601656165617e-01,6.845905175726e-02,2.958425322039e-01,4.321452380803e+00
2.602655265527e-01,6.848534171569e-02,2.959292320141e-01,4.321059435501e+00
2.603654365437e-01,6.851163167412e-02,2.960159323299e-01,4.320666799149e+00
2.604653465347e-01,6.853792163256e-02,2.961026331542e-01,4.320274471433e+00
2.605652565257e-01,6.856421159099e-02,2.961893344900e-01,4.319882452042e+00
2.606651665167e-01,6.859050154942e-02,2.962760363401e-01,4.319490740663e+00
2.607650765077e-01,6.861679150785e-02,2.963627387076e-01,4.319099336985e+00
2.608649864986e-01,6.864308146628e-02,2.964494415954e-01,4.318708240698e+00
2.609648964896e-01,6.866937142472e-02,2.965361450063e-01,4.318317451492e+00
2.610648064806e-01,6.869566138315e-02,2.966228489434e-01,4.317926969055e+00
2.611647164716e-01,6.872195134158e-02,2.967095534095e-01,4.317536793079e+00
2.612646264626e-01,6.874824130001e-02,2.967962584075e-01,4.317146923254e+00
2.613645364536e-01,6.877453125844e-02,2.968829639404e-01,4.316757359272e+00
2.614644464446e-01,6.880082121688e-02,2.969696700111e-01,4.316368100825e+00
2.615643564356e-01,6.882711117531e-02,2.970563766225e-01,4.315979147604e+00
2.616642664266e-01,6.885340113374e-02,2.971430837775e-01,4.315590499303e+00
2.617641764176e-01,6.887969109217e-02,2.972297914790e-01,4.315202155614e+00
2.618640864086e-01,6.890598105061e-02,2.973164997299e-01,4.314814116231e+00
2.619639963996e-01,6.893227100904e-02,2.974032085331e-01,4.314426380848e+00
2.620639063906e-01,6.895856096747e-02,2.974899178916e-01,4.314038949158e+00
2.621638163816e-01,6.898485092590e-02,2.975766278081e-01,4.313651820858e+00
2.622637263726e-01,6.901114088433e-02,2.976633382856e-01,4.313264995641e+00
2.623636363636e-01,6.903743084277e-02,2.977500493271e-01,4.312878473204e+00
2.624635463546e-01,6.906372080120e-02,2.978367609352e-01,4.312492253242e+00
2.625634563456e-01,6.909001075963e-02,2.979234731131e-01,4.312106335453e+00
2.626633663366e-01,6.911630071806e-02,2.980101858635e-01,4.311720719532e+00
2.627632763276e-01,6.914259067649e-02,2.980968991892e-01,4.311335405177e+00
2.628631863186e-01,6.916888063493e-02,2.981836130933e-01,4.310950392086e+00
2.629630963096e-01,6.919517059336e-02,2.982703275785e-01,4.310565679958e+00
2.630630063006e-01,6.922146055179e-02,2.983570426478e-01,4.310181268489e+00
2.631629162916e-01,6.924775051022e-02,2.984437583039e-01,4.309797157380e+00
2.632628262826e-01,6.927404046865e-02,2.985304745498e-01,4.309413346330e+00
2.633627362736e-01,6.930033042709e-02,2.986171913884e-01,4.309029835039e+00
2.634626462646e-01,6.932662038552e-02,2.987039088224e-01,4.308646623206e+00
2.635625562556e-01,6.935291034395e-02,2.987906268547e-01,4.308263710533e+00
2.636624662466e-01,6.937920030238e-02,2.988773454882e-01,4.307881096721e+00
2.637623762376e-01,6.940549026082e-02,2.989640647258e-01,4.307498781470e+00
2.638622862286e-01,6.943178021925e-02,2.990507845703e-01,4.307116764484e+00
2.639621962196e-01,6.945807017768e-02,2.991375050244e-01,4.306735045463e+00
2.640621062106e-01,6.948436013611e-02,2.992242260912e-01,4.306353624111e+00
2.641620162016e-01,6.951065009454e-02,2.993109477734e-01,4.305972500131e+00
2.642619261926e-01,6.953694005298e-02,2.993976700738e-01,4.305591673227e+00
2.643618361836e-01,6.956323001141e-02,2.994843929953e-01,4.305211143102e+00
2.644617461746e-01,6.958951996984e-02,2.995711165407e-01,4.304830909461e+00
2.645616561656e-01,6.961580992827e-02,2.996578407129e-01,4.304450972008e+00
2.646615661566e-01,6.964209988670e-02,2.997445655146e-01,4.304071330448e+00
2.647614761476e-01,6.966838984514e-02,2.998312909487e-01,4.303691984488e+00
2.648613861386e-01,6.969467980357e-02,2.999180170181e-01,4.303312933833e+00
2.649612961296e-01,6.972096976200e-02,3.000047437254e-01,4.302934178190e+00
2.650612061206e-01,6.974725972043e-02,3.000914710737e-01,4.302555717264e+00
2.651611161116e-01,6.977354967887e-02,3.001781990656e-01,4.302177550765e+00
2.652610261026e-01,6.979983963730e-02,3.002649277039e-01,4.301799678398e+00
2.653609360936e-01,6.982612959573e-02,3.003516569916e-01,4.301422099872e+00
2.654608460846e-01,6.985241955416e-02,3.004383869313e-01,4.301044814895e+00
2.655607560756e-01,6.987870951259e-02,3.005251175259e-01,4.300667823177e+00
2.656606660666e-01,6.990499947103e-02,3.006118487782e-01,4.300291124426e+00
2.657605760576e-01,6.993128942946e-02,3.006985806910e-01,4.299914718352e+00
2.658604860486e-01,6.995757938789e-02,3.007853132671e-01,4.299538604664e+00
2.659603960396e-01,6.998386934632e-02,3.008720465093e-01,4.299162783075e+00
2.660603060306e-01,7.001015930475e-02,3.009587804203e-01,4.298787253293e+00
2.661602160216e-01,7.003644926319e-02,3.010455150029e-01,4.298412015030e+00
2.662601260126e-01,7.006273922162e-02,3.011322502600e-01,4.298037067998e+00
2.663600360036e-01,7.008902918005e-02,3.012189861943e-01,4.297662411909e+00
2.664599459946e-01,7.011531913848e-02,3.013057228086e-01,4.297288046476e+00
2.665598559856e-01,7.014160909692e-02,3.013924601057e-01,4.296913971410e+00
2.666597659766e-01,7.016789905535e-02,3.014791980883e-01,4.296540186425e+00
2.667596759676e-01,7.019418901378e-02,3.015659367592e-01,4.296166691235e+00
2.668595859586e-01,7.022047897221e-02,3.016526761212e-01,4.295793485553e+00
2.669594959496e-01,7.024676893064e-02,3.017394161771e-01,4.295420569094e+00
2.670594059406e-01,7.027305888908e-02,3.018261569296e-01,4.295047941573e+00
2.671593159316e-01,7.029934884751e-02,3.019128983814e-01,4.294675602705e+00
2.672592259226e-01,7.032563880594e-02,3.019996405354e-01,4.294303552204e+00
2.673591359136e-01,7.035192876437e-02,3.020863833943e-01,4.293931789788e+00
2.674590459046e-01,7.037821872280e-02,3.021731269608e-01,4.293560315172e+00
2.675589558956e-01,7.040450868124e-02,3.022598712377e-01,4.293189128074e+00
2.676588658866e-01,7.043079863967e-02,3.023466162277e-01,4.292818228209e+00
2.677587758776e-01,7.045708859810e-02,3.024333619336e-01,4.292447615296e+00
2.678586858686e-01,7.048337855653e-02,3.025201083582e-01,4.292077289052e+00
2.679585958596e-01,7.050966851496e-02,3.026068555041e-01,4.291707249196e+00
2.680585058506e-01,7.053595847340e-02,3.026936033741e-01,4.291337495446e+00
2.681584158416e-01,7.056224843183e-02,3.027803519710e-01,4.290968027521e+00
2.682583258326e-01,7.058853839026e-02,3.028671012974e-01,4.290598845140e+00
2.683582358236e-01,7.061482834869e-02,3.029538513561e-01,4.290229948024e+00
2.684581458146e-01,7.064111830713e-02,3.030406021499e-01,4.289861335892e+00
2.685580558056e-01,7.066740826556e-02,3.031273536815e-01,4.289493008465e+00
2.686579657966e-01,7.069369822399e-02,3.032141059535e-01,4.289124965464e+00
2.687578757876e-01,7.071998818242e-02,3.033008589687e-01,4.288757206609e+00
2.688577857786e-01,7.074627814085e-02,3.033876127298e-01,4.288389731623e+00
2.689576957696e-01,7.077256809929e-02,3.034743672396e-01,4.288022540228e+00
2.690576057606e-01,7.079885805772e-02,3.035611225007e-01,4.287655632146e+00
2.691575157516e-01,7.082514801615e-02,3.036478785159e-01,4.287289007100e+00
2.692574257426e-01,7.085143797458e-02,3.037346352878e-01,4.286922664813e+00
2.693573357336e-01,7.087772793301e-02,3.038213928192e-01,4.286556605008e+00
2.694572457246e-01,7.090401789145e-02,3.039081511128e-01,4.286190827410e+00
2.695571557156e-01,7.093030784988e-02,3.039949101713e-01,4.285825331742e+00
2.696570657066e-01,7.095659780831e-02,3.040816699973e-01,4.285460117729e+00
2.697569756976e-01,7.098288776674e-02,3.041684305936e-01,4.285095185097e+00
2.698568856886e-01,7.100917772518e-02,3.042551919628e-01,4.284730533571e+00
2.699567956796e-01,7.103546768361e-02,3.043419541077e-01,4.284366162876e+00
2.700567056706e-01,7.106175764204e-02,3.044287170310e-01,4.284002072739e+00
2.701566156616e-01,7.108804760047e-02,3.045154807352e-01,4.283638262886e+00
2.702565256526e-01,7.111433755890e-02,3.046022452232e-01,4.283274733044e+00
2.703564356436e-01,7.114062751734e-02,3.046890104975e-01,4.282911482940e+00
2.704563456346e-01,7.116691747577e-02,3.047757765610e-01,4.282548512302e+00
2.705562556256e-01,7.119320743420e-02,3.048625434161e-01,4.282185820858e+00
2.706561656166e-01,7.121949739263e-02,3.049493110657e-01,4.281823408336e+00
2.707560756076e-01,7.124578735106e-02,3.050360795124e-01,4.281461274465e+00
2.708559855986e-01,7.127207730950e-02,3.051228487588e-01,4.281099418974e+00
2.709558955896e-01,7.129836726793e-02,3.052096188076e-01,4.280737841593e+00
2.710558055806e-01,7.132465722636e-02,3.052963896615e-01,4.280376542051e+00
2.711557155716e-01,7.135094718479e-02,3.053831613232e-01,4.280015520078e+00
2.712556255626e-01,7.137723714323e-02,3.054699337952e-01,4.279654775405e+00
2.713555355536e-01,7.140352710166e-02,3.055567070803e-01,4.279294307763e+00
2.714554455446e-01,7.142981706009e-02,3.056434811812e-01,4.278934116884e+00
2.715553555356e-01,7.145610701852e-02,3.057302561004e-01,4.278574202498e+00
2.716552655266e-01,7.148239697695e-02,3.058170318406e-01,4.278214564338e+00
2.717551755176e-01,7.150868693539e-02,3.059038084045e-01,4.277855202136e+00
2.718550855086e-01,7.153497689382e-02,3.059905857946e-01,4.277496115625e+00
2.719549954995e-01,7.156126685225e-02,3.060773640137e-01,4.277137304538e+00
2.720549054905e-01,7.158755681068e-02,3.061641430645e-01,4.276778768608e+00
2.721548154815e-01,7.161384676911e-02,3.062509229494e-01,4.276420507570e+00
2.722547254725e-01,7.164013672755e-02,3.063377036712e-01,4.276062521156e+00
2.723546354635e-01,7.166642668598e-02,3.064244852324e-01,4.275704809103e+00
2.724545454545e-01,7.169271664441e-02,3.065112676358e-01,4.275347371144e+00
2.725544554455e-01,7.171900660284e-02,3.065980508840e-01,4.274990207015e+00
2.726543654365e-01,7.174529656127e-02,3.066848349795e-01,4.274633316451e+00
2.727542754275e-01,7.177158651971e-02,3.067716199250e-01,4.274276699189e+00
2.728541854185e-01,7.179787647814e-02,3.068584057231e-01,4.273920354964e+00
2.729540954095e-01,7.182416643657e-02,3.069451923765e-01,4.273564283514e+00
2.730540054005e-01,7.185045639500e-02,3.070319798877e-01,4.273208484575e+00
2.731539153915e-01,7.187674635344e-02,3.071187682594e-01,4.272852957884e+00
2.732538253825e-01,7.190303631187e-02,3.072055574941e-01,4.272497703180e+00
2.733537353735e-01,7.192932627030e-02,3.072923475945e-01,4.272142720200e+00
2.734536453645e-01,7.195561622873e-02,3.073791385633e-01,4.271788008683e+00
2.735535553555e-01,7.198190618716e-02,3.074659304029e-01,4.271433568367e+00
2.736534653465e-01,7.200819614560e-02,3.075527231160e-01,4.271079398991e+00
2.737533753375e-01,7.203448610403e-02,3.076395167052e-01,4.270725500296e+00
2.738532853285e-01,7.206077606246e-02,3.077263111731e-01,4.270371872020e+00
2.739531953195e-01,7.208706602089e-02,3.078131065223e-01,4.270018513904e+00
2.740531053105e-01,7.211335597932e-02,3.078999027553e-01,4.269665425689e+00
2.741530153015e-01,7.213964593776e-02,3.079866998748e-01,4.269312607114e+00
2.742529252925e-01,7.216593589619e-02,3.080734978834e-01,4.268960057922e+00
2.743528352835e-01,7.219222585462e-02,3.081602967836e-01,4.268607777854e+00
2.744527452745e-01,7.221851581305e-02,3.082470965781e-01,4.268255766652e+00
2.745526552655e-01,7.224480577149e-02,3.083338972694e-01,4.267904024057e+00
2.746525652565e-01,7.227109572992e-02,3.084206988600e-01,4.267552549813e+00
2.747524752475e-01,7.229738568835e-02,3.085075013526e-01,4.267201343662e+00
2.748523852385e-01,7.232367564678e-02,3.085943047497e-01,4.266850405348e+00
2.749522952295e-01,7.234996560521e-02,3.086811090540e-01,4.266499734614e+00
2.750522052205e-01,7.237625556365e-02,3.087679142679e-01,4.266149331204e+00
2.751521152115e-01,7.240254552208e-02,3.088547203941e-01,4.265799194862e+00
2.752520252025e-01,7.242883548051e-02,3.089415274350e-01,4.265449325333e+00
2.753519351935e-01,7.245512543894e-02,3.090283353934e-01,4.265099722362e+00
2.754518451845e-01,7.248141539737e-02,3.091151442716e-01,4.264750385694e+00
2.755517551755e-01,7.250770535581e-02,3.092019540724e-01,4.264401315075e+00
2.756516651665e-01,7.253399531424e-02,3.092887647982e-01,4.264052510251e+00
2.757515751575e-01,7.256028527267e-02,3.093755764516e-01,4.263703970967e+00
2.758514851485e-01,7.258657523110e-02,3.094623890351e-01,4.263355696971e+00
2.759513951395e-01,7.261286518954e-02,3.095492025514e-01,4.263007688010e+00
2.760513051305e-01,7.263915514797e-02,3.096360170029e-01,4.262659943830e+00
2.761512151215e-01,7.266544510640e-02,3.097228323922e-01,4.262312464180e+00
2.762511251125e-01,7.269173506483e-02,3.098096487218e-01,4.261965248807e+00
2.763510351035e-01,7.271802502326e-02,3.098964659943e-01,4.261618297459e+00
2.764509450945e-01,7.274431498170e-02,3.099832842121e-01,4.261271609887e+00
2.765508550855e-01,7.277060494013e-02,3.100701033780e-01,4.260925185837e+00
2.766507650765e-01,7.279689489856e-02,3.101569234943e-01,4.260579025060e+00
2.767506750675e-01,7.282318485699e-02,3.102437445636e-01,4.260233127305e+00
2.768505850585e-01,7.284947481542e-02,3.103305665885e-01,4.259887492322e+00
2.769504950495e-01,7.287576477386e-02,3.104173895714e-01,4.259542119862e+00
2.770504050405e-01,7.290205473229e-02,3.105042135149e-01,4.259197009675e+00
2.771503150315e-01,7.292834469072e-02,3.105910384215e-01,4.258852161512e+00
2.772502250225e-01,7.295463464915e-02,3.106778642938e-01,4.258507575123e+00
2.773501350135e-01,7.298092460758e-02,3.107646911342e-01,4.258163250262e+00
2.774500450045e-01,7.300721456602e-02,3.108515189452e-01,4.257819186680e+00
2.775499549955e-01,7.303350452445e-02,3.109383477295e-01,4.257475384129e+00
2.776498649865e-01,7.305979448288e-02,3.110251774894e-01,4.257131842361e+00
2.777497749775e-01,7.308608444131e-02,3.111120082275e-01,4.256788561130e+00
2.778496849685e-01,7.311237439975e-02,3.111988399464e-01,4.256445540188e+00
2.779495949595e-01,7.313866435818e-02,3.112856726484e-01,4.256102779290e+00
2.780495049505e-01,7.316495431661e-02,3.113725063362e-01,4.255760278189e+00
2.781494149415e-01,7.319124427504e-02,3.114593410121e-01,4.255418036640e+00
2.782493249325e-01,7.321753423347e-02,3.115461766788e-01,4.255076054396e+00
2.783492349235e-01,7.324382419191e-02,3.116330133386e-01,4.254734331213e+00
2.784491449145e-01,7.327011415034e-02,3.117198509942e-01,4.254392866846e+00
2.785490549055e-01,7.329640410877e-02,3.118066896480e-01,4.254051661051e+00
2.786489648965e-01,7.332269406720e-02,3.118935293024e-01,4.253710713582e+00
2.787488748875e-01,7.334898402563e-02,3.119803699600e-01,4.253370024198e+00
2.788487848785e-01,7.337527398407e-02,3.120672116232e-01,4.253029592653e+00
2.789486948695e-01,7.340156394250e-02,3.121540542946e-01,4.252689418704e+00
2.790486048605e-01,7.342785390093e-02,3.122408979766e-01,4.252349502110e+00
2.791485148515e-01,7.345414385936e-02,3.123277426717e-01,4.252009842626e+00
2.792484248425e-01,7.348043381780e-02,3.124145883823e-01,4.251670440012e+00
2.793483348335e-01,7.350672377623e-02,3.125014351110e-01,4.251331294024e+00
2.794482448245e-01,7.353301373466e-02,3.125882828603e-01,4.250992404421e+00
2.795481548155e-01,7.355930369309e-02,3.126751316324e-01,4.250653770963e+00
2.796480648065e-01,7.358559365152e-02,3.127619814301e-01,4.250315393407e+00
2.797479747975e-01,7.361188360996e-02,3.128488322557e-01,4.249977271514e+00
2.798478847885e-01,7.363817356839e-02,3.129356841116e-01,4.249639405043e+00
2.799477947795e-01,7.366446352682e-02,3.130225370004e-01,4.249301793753e+00
2.800477047705e-01,7.369075348525e-02,3.131093909245e-01,4.248964437406e+00
2.801476147615e-01,7.371704344368e-02,3.131962458863e-01,4.248627335761e+00
2.802475247525e-01,7.374333340212e-02,3.132831018884e-01,4.248290488580e+00
2.803474347435e-01,7.376962336055e-02,3.133699589331e-01,4.247953895623e+00
2.804473447345e-01,7.379591331898e-02,3.134568170229e-01,4.247617556653e+00
2.805472547255e-01,7.382220327741e-02,3.135436761603e-01,4.247281471431e+00
2.806471647165e-01,7.384849323585e-02,3.136305363478e-01,4.246945639719e+00
2.807470747075e-01,7.387478319428e-02,3.137173975876e-01,4.246610061279e+00
2.808469846985e-01,7.390107315271e-02,3.138042598824e-01,4.246274735875e+00
2.809468946895e-01,7.392736311114e-02,3.138911232345e-01,4.245939663269e+00
2.810468046805e-01,7.395365306957e-02,3.139779876464e-01,4.245604843225e+00
2.811467146715e-01,7.397994302801e-02,3.140648531205e-01,4.245270275507e+00
2.812466246625e-01,7.400623298644e-02,3.141517196592e-01,4.244935959878e+00
2.813465346535e-01,7.403252294487e-02,3.142385872651e-01,4.244601896103e+00
2.814464446445e-01,7.405881290330e-02,3.143254559404e-01,4.244268083946e+00
2.815463546355e-01,7.408510286173e-02,3.144123256877e-01,4.243934523172e+00
2.816462646265e-01,7.411139282017e-02,3.144991965093e-01,4.243601213547e+00
2.817461746175e-01,7.413768277860e-02,3.145860684077e-01,4.243268154835e+00
2.818460846085e-01,7.416397273703e-02,3.146729413853e-01,4.242935346803e+00
2.819459945995e-01,7.419026269546e-02,3.147598154446e-01,4.242602789218e+00
2.820459045905e-01,7.421655265389e-02,3.148466905878e-01,4.242270481844e+00
2.821458145815e-01,7.424284261233e-02,3.149335668176e-01,4.241938424449e+00
2.822457245725e-01,7.426913257076e-02,3.150204441362e-01,4.241606616801e+00
2.823456345635e-01,7.429542252919e-02,3.151073225461e-01,4.241275058666e+00
2.824455445545e-01,7.432171248762e-02,3.151942020497e-01,4.240943749812e+00
2.825454545455e-01,7.434800244606e-02,3.152810826494e-01,4.240612690006e+00
2.826453645365e-01,7.437429240449e-02,3.153679643476e-01,4.240281879018e+00
2.827452745275e-01,7.440058236292e-02,3.154548471466e-01,4.239951316616e+00
2.828451845185e-01,7.442687232135e-02,3.155417310490e-01,4.239621002568e+00
2.829450945095e-01,7.445316227978e-02,3.156286160571e-01,4.239290936644e+00
2.830450045005e-01,7.447945223822e-02,3.157155021734e-01,4.238961118613e+00
2.831449144914e-01,7.450574219665e-02,3.158023894001e-01,4.238631548244e+00
2.832448244824e-01,7.453203215508e-02,3.158892777397e-01,4.238302225309e+00
2.833447344734e-01,7.455832211351e-02,3.159761671945e-01,4.237973149576e+00
2.834446444644e-01,7.458461207194e-02,3.160630577671e-01,4.237644320818e+00
2.835445544554e-01,7.461090203038e-02,3.161499494597e-01,4.237315738804e+00
2.836444644464e-01,7.463719198881e-02,3.162368422747e-01,4.236987403306e+00
2.837443744374e-01,7.466348194724e-02,3.163237362146e-01,4.236659314095e+00
2.838442844284e-01,7.468977190567e-02,3.164106312816e-01,4.236331470944e+00
2.839441944194e-01,7.471606186411e-02,3.164975274783e-01,4.236003873624e+00
2.840441044104e-01,7.474235182254e-02,3.165844248069e-01,4.235676521908e+00
2.841440144014e-01,7.476864178097e-02,3.166713232698e-01,4.235349415568e+00
2.842439243924e-01,7.479493173940e-02,3.167582228695e-01,4.235022554377e+00
2.843438343834e-01,7.482122169783e-02,3.168451236082e-01,4.234695938109e+00
2.844437443744e-01,7.484751165627e-02,3.169320254884e-01,4.234369566537e+00
2.845436543654e-01,7.487380161470e-02,3.170189285123e-01,4.234043439436e+00
2.846435643564e-01,7.490009157313e-02,3.171058326825e-01,4.233717556578e+00
2.847434743474e-01,7.492638153156e-02,3.171927380012e-01,4.233391917739e+00
2.848433843384e-01,7.495267148999e-02,3.172796444708e-01,4.233066522694e+00
2.849432943294e-01,7.497896144843e-02,3.173665520936e-01,4.232741371216e+00
2.850432043204e-01,7.500525140686e-02,3.174534608721e-01,4.232416463083e+00
2.851431143114e-01,7.503154136529e-02,3.175403708085e-01,4.232091798069e+00
2.852430243024e-01,7.505783132372e-02,3.176272819052e-01,4.231767375949e+00
2.853429342934e-01,7.508412128216e-02,3.177141941647e-01,4.231443196501e+00
2.854428442844e-01,7.511041124059e-02,3.178011075891e-01,4.231119259501e+00
2.855427542754e-01,7.513670119902e-02,3.178880221809e-01,4.230795564726e+00
2.856426642664e-01,7.516299115745e-02,3.179749379424e-01,4.230472111951e+00
2.857425742574e-01,7.518928111588e-02,3.180618548760e-01,4.230148900956e+00
2.858424842484e-01,7.521557107432e-02,3.181487729840e-01,4.229825931517e+00
2.859423942394e-01,7.524186103275e-02,3.182356922687e-01,4.229503203412e+00
2.860423042304e-01,7.526815099118e-02,3.183226127325e-01,4.229180716420e+00
2.861422142214e-01,7.529444094961e-02,3.184095343777e-01,4.228858470319e+00
2.862421242124e-01,7.532073090804e-02,3.184964572066e-01,4.228536464887e+00
2.863420342034e-01,7.534702086648e-02,3.185833812216e-01,4.228214699904e+00
2.864419441944e-01,7.537331082491e-02,3.186703064250e-01,4.227893175149e+00
2.865418541854e-01,7.539960078334e-02,3.187572328191e-01,4.227571890402e+00
2.866417641764e-01,7.542589074177e-02,3.188441604063e-01,4.227250845441e+00
2.867416741674e-01,7.545218070020e-02,3.189310891889e-01,4.226930040049e+00
2.868415841584e-01,7.547847065864e-02,3.190180191692e-01,4.226609474004e+00
2.869414941494e-01,7.550476061707e-02,3.191049503494e-01,4.226289147088e+00
2.870414041404e-01,7.553105057550e-02,3.191918827320e-01,4.225969059082e+00
2.871413141314e-01,7.555734053393e-02,3.192788163193e-01,4.225649209767e+00
2.872412241224e-01,7.558363049237e-02,3.193657511135e-01,4.225329598924e+00
2.873411341134e-01,7.560992045080e-02,3.194526871170e-01,4.225010226336e+00
2.874410441044e-01,7.563621040923e-02,3.195396243321e-01,4.224691091783e+00
2.875409540954e-01,7.566250036766e-02,3.196265627611e-01,4.224372195050e+00
2.876408640864e-01,7.568879032609e-02,3.197135024063e-01,4.224053535918e+00
2.877407740774e-01,7.571508028453e-02,3.198004432700e-01,4.223735114171e+00
2.878406840684e-01,7.574137024296e-02,3.198873853545e-01,4.223416929591e+00
2.879405940594e-01,7.576766020139e-02,3.199743286621e-01,4.223098981962e+00
2.880405040504e-01,7.579395015982e-02,3.200612731951e-01,4.222781271067e+00
2.881404140414e-01,7.582024011825e-02,3.201482189558e-01,4.222463796692e+00
2.882403240324e-01,7.584653007669e-02,3.202351659465e-01,4.222146558620e+00
2.883402340234e-01,7.587282003512e-02,3.203221141696e-01,4.221829556636e+00
2.884401440144e-01,7.589910999355e-02,3.204090636271e-01,4.221512790524e+00
2.885400540054e-01,7.592539995198e-02,3.204960143216e-01,4.221196260070e+00
2.886399639964e-01,7.595168991042e-02,3.205829662552e-01,4.220879965059e+00
2.887398739874e-01,7.597797986885e-02,3.206699194303e-01,4.220563905276e+00
2.888397839784e-01,7.600426982728e-02,3.207568738491e-01,4.220248080509e+00
2.889396939694e-01,7.603055978571e-02,3.208438295139e-01,4.219932490542e+00
2.890396039604e-01,7.605684974414e-02,3.209307864269e-01,4.219617135163e+00
2.891395139514e-01,7.608313970258e-02,3.210177445906e-01,4.219302014159e+00
2.892394239424e-01,7.610942966101e-02,3.211047040071e-01,4.218987127315e+00
2.893393339334e-01,7.613571961944e-02,3.211916646787e-01,4.218672474420e+00
2.894392439244e-01,7.616200957787e-02,3.212786266077e-01,4.218358055261e+00
2.895391539154e-01,7.618829953630e-02,3.213655897963e-01,4.218043869626e+00
2.896390639064e-01,7.621458949474e-02,3.214525542469e-01,4.217729917303e+00
2.897389738974e-01,7.624087945317e-02,3.215395199617e-01,4.217416198080e+00
2.898388838884e-01,7.626716941160e-02,3.216264869429e-01,4.217102711747e+00
2.899387938794e-01,7.629345937003e-02,3.217134551929e-01,4.216789458091e+00
2.900387038704e-01,7.631974932847e-02,3.218004247138e-01,4.216476436903e+00
2.901386138614e-01,7.634603928690e-02,3.218873955080e-01,4.216163647971e+00
2.902385238524e-01,7.637232924533e-02,3.219743675777e-01,4.215851091086e+00
2.903384338434e-01,7.639861920376e-02,3.220613409251e-01,4.215538766036e+00
2.904383438344e-01,7.642490916219e-02,3.221483155525e-01,4.215226672614e+00
2.905382538254e-01,7.645119912063e-02,3.222352914623e-01,4.214914810608e+00
2.906381638164e-01,7.647748907906e-02,3.223222686565e-01,4.214603179810e+00
2.907380738074e-01,7.650377903749e-02,3.224092471374e-01,4.214291780011e+00
2.908379837984e-01,7.653006899592e-02,3.224962269074e-01,4.213980611002e+00
2.909378937894e-01,7.655635895435e-02,3.225832079687e-01,4.213669672574e+00
2.910378037804e-01,7.658264891279e-02,3.226701903234e-01,4.213358964520e+00
2.911377137714e-01,7.660893887122e-02,3.227571739738e-01,4.213048486632e+00
2.912376237624e-01,7.663522882965e-02,3.228441589223e-01,4.212738238701e+00
2.913375337534e-01,7.666151878808e-02,3.229311451709e-01,4.212428220521e+00
2.914374437444e-01,7.668780874651e-02,3.230181327220e-01,4.212118431884e+00
2.915373537354e-01,7.671409870495e-02,3.231051215778e-01,4.211808872584e+00
2.916372637264e-01,7.674038866338e-02,3.231921117405e-01,4.211499542414e+00
2.917371737174e-01,7.676667862181e-02,3.232791032123e-01,4.211190441167e+00
2.918370837084e-01,7.679296858024e-02,3.233660959955e-01,4.210881568637e+00
2.919369936994e-01,7.681925853868e-02,3.234530900923e-01,4.210572924620e+00
2.920369036904e-01,7.684554849711e-02,3.235400855049e-01,4.210264508908e+00
2.921368136814e-01,7.687183845554e-02,3.236270822356e-01,4.209956321297e+00
2.922367236724e-01,7.689812841397e-02,3.237140802865e-01,4.209648361581e+00
2.923366336634e-01,7.692441837240e-02,3.238010796599e-01,4.209340629556e+00
2.924365436544e-01,7.695070833084e-02,3.238880803581e-01,4.209033125018e+00
2.925364536454e-01,7.697699828927e-02,3.239750823831e-01,4.208725847761e+00
2.926363636364e-01,7.700328824770e-02,3.240620857373e-01,4.208418797582e+00
2.927362736274e-01,7.702957820613e-02,3.241490904228e-01,4.208111974278e+00
2.928361836184e-01,7.705586816456e-02,3.242360964419e-01,4.207805377644e+00
2.929360936094e-01,7.708215812300e-02,3.243231037967e-01,4.207499007477e+00
2.930360036004e-01,7.710844808143e-02,3.244101124895e-01,4.207192863575e+00
2.931359135914e-01,7.713473803986e-02,3.244971225225e-01,4.206886945734e+00
2.932358235824e-01,7.716102799829e-02,3.245841338979e-01,4.206581253753e+00
2.933357335734e-01,7.718731795673e-02,3.246711466179e-01,4.206275787428e+00
2.934356435644e-01,7.721360791516e-02,3.247581606846e-01,4.205970546558e+00
2.935355535554e-01,7.723989787359e-02,3.248451761003e-01,4.205665530941e+00
2.936354635464e-01,7.726618783202e-02,3.249321928673e-01,4.205360740375e+00
2.937353735374e-01,7.729247779045e-02,3.250192109875e-01,4.205056174660e+00
2.938352835284e-01,7.731876774889e-02,3.251062304634e-01,4.204751833594e+00
2.939351935194e-01,7.734505770732e-02,3.251932512970e-01,4.204447716977e+00
2.940351035104e-01,7.737134766575e-02,3.252802734905e-01,4.204143824607e+00
2.941350135014e-01,7.739763762418e-02,3.253672970462e-01,4.203840156286e+00
2.942349234923e-01,7.742392758261e-02,3.254543219662e-01,4.203536711812e+00
2.943348334833e-01,7.745021754105e-02,3.255413482527e-01,4.203233490986e+00
2.944347434743e-01,7.747650749948e-02,3.256283759079e-01,4.202930493609e+00
2.945346534653e-01,7.750279745791e-02,3.257154049339e-01,4.202627719481e+00
2.946345634563e-01,7.752908741634e-02,3.258024353330e-01,4.202325168403e+00
2.947344734473e-01,7.755537737477e-02,3.258894671074e-01,4.202022840177e+00
2.948343834383e-01,7.758166733321e-02,3.259765002591e-01,4.201720734604e+00
2.949342934293e-01,7.760795729164e-02,3.260635347904e-01,4.201418851486e+00
2.950342034203e-01,7.763424725007e-02,3.261505707034e-01,4.201117190624e+00
2.951341134113e-01,7.766053720850e-02,3.262376080004e-01,4.200815751821e+00
2.952340234023e-01,7.768682716694e-02,3.263246466834e-01,4.200514534880e+00
2.953339333933e-01,7.771311712537e-02,3.264116867547e-01,4.200213539603e+00
2.954338433843e-01,7.773940708380e-02,3.264987282164e-01,4.199912765793e+00
2.955337533753e-01,7.776569704223e-02,3.265857710707e-01,4.199612213254e+00
2.956336633663e-01,7.779198700066e-02,3.266728153198e-01,4.199311881788e+00
2.957335733573e-01,7.781827695910e-02,3.267598609657e-01,4.199011771200e+00
2.958334833483e-01,7.784456691753e-02,3.268469080107e-01,4.198711881293e+00
2.959333933393e-01,7.787085687596e-02,3.269339564569e-01,4.198412211872e+00
2.960333033303e-01,7.789714683439e-02,3.270210063065e-01,4.198112762741e+00
2.961332133213e-01,7.792343679282e-02,3.271080575617e-01,4.197813533704e+00
2.962331233123e-01,7.794972675126e-02,3.271951102245e-01,4.197514524567e+00
2.963330333033e-01,7.797601670969e-02,3.272821642971e-01,4.197215735135e+00
2.964329432943e-01,7.800230666812e-02,3.273692197817e-01,4.196917165213e+00
2.965328532853e-01,7.802859662655e-02,3.274562766804e-01,4.196618814607e+00
2.966327632763e-01,7.805488658499e-02,3.275433349954e-01,4.196320683123e+00
2.967326732673e-01,7.808117654342e-02,3.276303947288e-01,4.196022770567e+00
2.968325832583e-01,7.810746650185e-02,3.277174558828e-01,4.195725076744e+00
2.969324932493e-01,7.813375646028e-02,3.278045184594e-01,4.195427601463e+00
2.970324032403e-01,7.816004641871e-02,3.278915824609e-01,4.195130344529e+00
2.971323132313e-01,7.818633637715e-02,3.279786478894e-01,4.194833305749e+00
2.972322232223e-01,7.821262633558e-02,3.280657147469e-01,4.194536484932e+00
2.973321332133e-01,7.823891629401e-02,3.281527830357e-01,4.194239881884e+00
2.974320432043e-01,7.826520625244e-02,3.282398527579e-01,4.193943496413e+00
2.975319531953e-01,7.829149621087e-02,3.283269239155e-01,4.193647328328e+00
2.976318631863e-01,7.831778616931e-02,3.284139965108e-01,4.193351377436e+00
2.977317731773e-01,7.834407612774e-02,3.285010705459e-01,4.193055643547e+00
2.978316831683e-01,7.837036608617e-02,3.285881460228e-01,4.192760126468e+00
2.979315931593e-01,7.839665604460e-02,3.286752229437e-01,4.192464826009e+00
2.980315031503e-01,7.842294600304e-02,3.287623013107e-01,4.192169741978e+00
2.981314131413e-01,7.844923596147e-02,3.288493811260e-01,4.191874874187e+00
2.982313231323e-01,7.847552591990e-02,3.289364623917e-01,4.191580222443e+00
2.983312331233e-01,7.850181587833e-02,3.290235451098e-01,4.191285786557e+00
2.984311431143e-01,7.852810583676e-02,3.291106292825e-01,4.190991566340e+00
2.985310531053e-01,7.855439579520e-02,3.291977149119e-01,4.190697561600e+00
2.986309630963e-01,7.858068575363e-02,3.292848020002e-01,4.190403772150e+00
2.987308730873e-01,7.860697571206e-02,3.293718905493e-01,4.190110197800e+00
2.988307830783e-01,7.863326567049e-02,3.294589805615e-01,4.189816838361e+00
2.989306930693e-01,7.865955562892e-02,3.295460720389e-01,4.189523693644e+00
2.990306030603e-01,7.868584558736e-02,3.296331649835e-01,4.189230763461e+00
2.991305130513e-01,7.871213554579e-02,3.297202593974e-01,4.188938047623e+00
2.992304230423e-01,7.873842550422e-02,3.298073552829e-01,4.188645545943e+00
2.993303330333e-01,7.876471546265e-02,3.298944526418e-01,4.188353258233e+00
2.994302430243e-01,7.879100542108e-02,3.299815514764e-01,4.188061184305e+00
2.995301530153e-01,7.881729537952e-02,3.300686517888e-01,4.187769323972e+00
2.996300630063e-01,7.884358533795e-02,3.301557535810e-01,4.187477677047e+00
2.997299729973e-01,7.886987529638e-02,3.302428568552e-01,4.187186243343e+00
2.998298829883e-01,7.889616525481e-02,3.303299616134e-01,4.186895022673e+00
2.999297929793e-01,7.892245521325e-02,3.304170678577e-01,4.186604014852e+00
3.000297029703e-01,7.894874517168e-02,3.305041755903e-01,4.186313219692e+00
3.001296129613e-01,7.897503513011e-02,3.305912848131e-01,4.186022637007e+00
3.002295229523e-01,7.900132508854e-02,3.306783955283e-01,4.185732266613e+00
3.003294329433e-01,7.902761504697e-02,3.307655077380e-01,4.185442108324e+00
3.004293429343e-01,7.905390500541e-02,3.308526214443e-01,4.185152161954e+00
3.005292529253e-01,7.908019496384e-02,3.309397366491e-01,4.184862427318e+00
3.006291629163e-01,7.910648492227e-02,3.310268533547e-01,4.184572904232e+00
3.007290729073e-01,7.913277488070e-02,3.311139715631e-01,4.184283592510e+00
3.008289828983e-01,7.915906483913e-02,3.312010912764e-01,4.183994491970e+00
3.009288928893e-01,7.918535479757e-02,3.312882124966e-01,4.183705602425e+00
3.010288028803e-01,7.921164475600e-02,3.313753352258e-01,4.183416923693e+00
3.011287128713e-01,7.923793471443e-02,3.314624594662e-01,4.183128455590e+00
3.012286228623e-01,7.926422467286e-02,3.315495852196e-01,4.182840197933e+00
3.013285328533e-01,7.929051463130e-02,3.316367124883e-01,4.182552150537e+00
3.014284428443e-01,7.931680458973e-02,3.317238412743e-01,4.182264313221e+00
3.015283528353e-01,7.934309454816e-02,3.318109715797e-01,4.181976685801e+00
3.016282628263e-01,7.936938450659e-02,3.318981034065e-01,4.181689268094e+00
3.017281728173e-01,7.939567446502e-02,3.319852367568e-01,4.181402059920e+00
3.018280828083e-01,7.942196442346e-02,3.320723716326e-01,4.181115061094e+00
3.019279927993e-01,7.944825438189e-02,3.321595080360e-01,4.180828271435e+00
3.020279027903e-01,7.947454434032e-02,3.322466459691e-01,4.180541690763e+00
3.021278127813e-01,7.950083429875e-02,3.323337854339e-01,4.180255318894e+00
3.022277227723e-01,7.952712425718e-02,3.324209264325e-01,4.179969155649e+00
3.023276327633e-01,7.955341421562e-02,3.325080689669e-01,4.179683200845e+00
3.024275427543e-01,7.957970417405e-02,3.325952130392e-01,4.179397454303e+00
3.025274527453e-01,7.960599413248e-02,3.326823586514e-01,4.179111915841e+00
3.026273627363e-01,7.963228409091e-02,3.327695058056e-01,4.178826585279e+00
3.027272727273e-01,7.965857404935e-02,3.328566545038e-01,4.178541462437e+00
3.028271827183e-01,7.968486400778e-02,3.329438047481e-01,4.178256547135e+00
3.029270927093e-01,7.971115396621e-02,3.330309565405e-01,4.177971839194e+00
3.030270027003e-01,7.973744392464e-02,3.331181098830e-01,4.177687338434e+00
3.031269126913e-01,7.976373388307e-02,3.332052647778e-01,4.177403044675e+00
3.032268226823e-01,7.979002384151e-02,3.332924212268e-01,4.177118957739e+00
3.033267326733e-01,7.981631379994e-02,3.333795792320e-01,4.176835077446e+00
3.034266426643e-01,7.984260375837e-02,3.334667387956e-01,4.176551403619e+00
3.035265526553e-01,7.986889371680e-02,3.335538999195e-01,4.176267936078e+00
3.036264626463e-01,7.989518367523e-02,3.336410626058e-01,4.175984674645e+00
3.037263726373e-01,7.992147363367e-02,3.337282268564e-01,4.175701619144e+00
3.038262826283e-01,7.994776359210e-02,3.338153926736e-01,4.175418769394e+00
3.039261926193e-01,7.997405355053e-02,3.339025600591e-01,4.175136125221e+00
3.040261026103e-01,8.000034350896e-02,3.339897290152e-01,4.174853686444e+00
3.041260126013e-01,8.002663346739e-02,3.340768995438e-01,4.174571452889e+00
3.042259225923e-01,8.005292342583e-02,3.341640716469e-01,4.174289424377e+00
3.043258325833e-01,8.007921338426e-02,3.342512453266e-01,4.174007600733e+00
3.044257425743e-01,8.010550334269e-02,3.343384205849e-01,4.173725981779e+00
3.045256525653e-01,8.013179330112e-02,3.344255974238e-01,4.173444567340e+00
3.046255625563e-01,8.015808325956e-02,3.345127758452e-01,4.173163357238e+00
3.047254725473e-01,8.018437321799e-02,3.345999558514e-01,4.172882351300e+00
3.048253825383e-01,8.021066317642e-02,3.346871374442e-01,4.172601549348e+00
3.049252925293e-01,8.023695313485e-02,3.347743206256e-01,4.172320951208e+00
3.050252025203e-01,8.026324309328e-02,3.348615053977e-01,4.172040556703e+00
3.051251125113e-01,8.028953305172e-02,3.349486917625e-01,4.171760365660e+00
3.052250225023e-01,8.031582301015e-02,3.350358797220e-01,4.171480377904e+00
3.053249324932e-01,8.034211296858e-02,3.351230692782e-01,4.171200593259e+00
3.054248424842e-01,8.036840292701e-02,3.352102604331e-01,4.170921011552e+00
3.055247524752e-01,8.039469288544e-02,3.352974531887e-01,4.170641632608e+00
3.056246624662e-01,8.042098284388e-02,3.353846475471e-01,4.170362456253e+00
3.057245724572e-01,8.044727280231e-02,3.354718435101e-01,4.170083482314e+00
3.058244824482e-01,8.047356276074e-02,3.355590410799e-01,4.169804710617e+00
3.059243924392e-01,8.049985271917e-02,3.356462402584e-01,4.169526140989e+00
3.060243024302e-01,8.052614267761e-02,3.357334410476e-01,4.169247773257e+00
3.061242124212e-01,8.055243263604e-02,3.358206434495e-01,4.168969607247e+00
3.062241224122e-01,8.057872259447e-02,3.359078474660e-01,4.168691642787e+00
3.063240324032e-01,8.060501255290e-02,3.359950530993e-01,4.168413879705e+00
3.064239423942e-01,8.063130251133e-02,3.360822603513e-01,4.168136317828e+00
3.065238523852e-01,8.065759246977e-02,3.361694692239e-01,4.167858956985e+00
3.066237623762e-01,8.068388242820e-02,3.362566797193e-01,4.167581797003e+00
3.067236723672e-01,8.071017238663e-02,3.363438918392e-01,4.167304837710e+00
3.068235823582e-01,8.073646234506e-02,3.364311055858e-01,4.167028078935e+00
3.069234923492e-01,8.076275230349e-02,3.365183209610e-01,4.166751520508e+00
3.070234023402e-01,8.078904226193e-02,3.366055379668e-01,4.166475162256e+00
3.071233123312e-01,8.081533222036e-02,3.366927566052e-01,4.166199004010e+00
3.072232223222e-01,8.084162217879e-02,3.367799768781e-01,4.165923045597e+00
3.073231323132e-01,8.086791213722e-02,3.368671987876e-01,4.165647286849e+00
3.074230423042e-01,8.089420209566e-02,3.369544223356e-01,4.165371727595e+00
3.075229522952e-01,8.092049205409e-02,3.370416475240e-01,4.165096367664e+00
3.076228622862e-01,8.094678201252e-02,3.371288743550e-01,4.164821206887e+00
3.077227722772e-01,8.097307197095e-02,3.372161028303e-01,4.164546245094e+00
3.078226822682e-01,8.099936192938e-02,3.373033329521e-01,4.164271482116e+00
3.079225922592e-01,8.102565188782e-02,3.373905647222e-01,4.163996917783e+00
3.080225022502e-01,8.105194184625e-02,3.374777981427e-01,4.163722551927e+00
3.081224122412e-01,8.107823180468e-02,3.375650332155e-01,4.163448384379e+00
3.082223222322e-01,8.110452176311e-02,3.376522699426e-01,4.163174414970e+00
3.083222322232e-01,8.113081172154e-02,3.377395083259e-01,4.162900643532e+00
3.084221422142e-01,8.115710167998e-02,3.378267483674e-01,4.162627069896e+00
3.085220522052e-01,8.118339163841e-02,3.379139900690e-01,4.162353693895e+00
3.086219621962e-01,8.120968159684e-02,3.380012334328e-01,4.162080515360e+00
3.087218721872e-01,8.123597155527e-02,3.380884784606e-01,4.161807534124e+00
3.088217821782e-01,8.126226151370e-02,3.381757251545e-01,4.161534750020e+00
3.089216921692e-01,8.128855147214e-02,3.382629735164e-01,4.161262162880e+00
3.090216021602e-01,8.131484143057e-02,3.383502235482e-01,4.160989772538e+00
3.091215121512e-01,8.134113138900e-02,3.384374752518e-01,4.160717578826e+00
3.092214221422e-01,8.136742134743e-02,3.385247286294e-01,4.160445581579e+00
3.093213321332e-01,8.139371130587e-02,3.386119836827e-01,4.160173780628e+00
3.094212421242e-01,8.142000126430e-02,3.386992404138e-01,4.159902175809e+00
3.095211521152e-01,8.144629122273e-02,3.387864988245e-01,4.159630766956e+00
3.096210621062e-01,8.147258118116e-02,3.388737589169e-01,4.159359553901e+00
3.097209720972e-01,8.149887113959e-02,3.389610206928e-01,4.159088536481e+00
3.098208820882e-01,8.152516109803e-02,3.390482841543e-01,4.158817714529e+00
3.099207920792e-01,8.155145105646e-02,3.391355493032e-01,4.158547087880e+00
3.100207020702e-01,8.157774101489e-02,3.392228161415e-01,4.158276656369e+00
3.101206120612e-01,8.160403097332e-02,3.393100846712e-01,4.158006419831e+00
3.102205220522e-01,8.163032093175e-02,3.393973548941e-01,4.157736378102e+00
3.103204320432e-01,8.165661089019e-02,3.394846268122e-01,4.157466531017e+00
3.104203420342e-01,8.168290084862e-02,3.395719004275e-01,4.157196878412e+00
3.105202520252e-01,8.170919080705e-02,3.396591757418e-01,4.156927420122e+00
3.106201620162e-01,8.173548076548e-02,3.397464527572e-01,4.156658155984e+00
3.107200720072e-01,8.176177072392e-02,3.398337314754e-01,4.156389085835e+00
3.108199819982e-01,8.178806068235e-02,3.399210118986e-01,4.156120209510e+00
3.109198919892e-01,8.181435064078e-02,3.400082940285e-01,4.155851526847e+00
3.110198019802e-01,8.184064059921e-02,3.400955778671e-01,4.155583037682e+00
3.111197119712e-01,8.186693055764e-02,3.401828634164e-01,4.155314741852e+00
3.112196219622e-01,8.189322051608e-02,3.402701506782e-01,4.155046639195e+00
3.113195319532e-01,8.191951047451e-02,3.403574396545e-01,4.154778729549e+00
3.114194419442e-01,8.194580043294e-02,3.404447303472e-01,4.154511012750e+00
3.115193519352e-01,8.197209039137e-02,3.405320227583e-01,4.154243488636e+00
3.116192619262e-01,8.199838034980e-02,3.406193168895e-01,4.153976157047e+00
3.117191719172e-01,8.202467030824e-02,3.407066127430e-01,4.153709017819e+00
3.118190819082e-01,8.205096026667e-02,3.407939103204e-01,4.153442070792e+00
3.119189918992e-01,8.207725022510e-02,3.408812096239e-01,4.153175315804e+00
3.120189018902e-01,8.210354018353e-02,3.409685106553e-01,4.152908752693e+00
3.121188118812e-01,8.212983014197e-02,3.410558134164e-01,4.152642381299e+00
3.122187218722e-01,8.215612010040e-02,3.411431179093e-01,4.152376201462e+00
3.123186318632e-01,8.218241005883e-02,3.412304241358e-01,4.152110213019e+00
3.124185418542e-01,8.220870001726e-02,3.413177320978e-01,4.151844415812e+00
3.125184518452e-01,8.223498997569e-02,3.414050417973e-01,4.151578809679e+00
3.126183618362e-01,8.226127993413e-02,3.414923532361e-01,4.151313394461e+00
3.127182718272e-01,8.228756989256e-02,3.415796664161e-01,4.151048169998e+00
3.128181818182e-01,8.231385985099e-02,3.416669813392e-01,4.150783136130e+00
3.129180918092e-01,8.234014980942e-02,3.417542980074e-01,4.150518292697e+00
3.130180018002e-01,8.236643976785e-02,3.418416164226e-01,4.150253639541e+00
3.131179117912e-01,8.239272972629e-02,3.419289365865e-01,4.149989176502e+00
3.132178217822e-01,8.241901968472e-02,3.420162585012e-01,4.149724903421e+00
3.133177317732e-01,8.244530964315e-02,3.421035821685e-01,4.149460820140e+00
3.134176417642e-01,8.247159960158e-02,3.421909075904e-01,4.149196926499e+00
3.135175517552e-01,8.249788956001e-02,3.422782347686e-01,4.148933222341e+00
3.136174617462e-01,8.252417951845e-02,3.423655637051e-01,4.148669707508e+00
3.137173717372e-01,8.255046947688e-02,3.424528944019e-01,4.148406381841e+00
3.138172817282e-01,8.257675943531e-02,3.425402268606e-01,4.148143245182e+00
3.139171917192e-01,8.260304939374e-02,3.426275610834e-01,4.147880297375e+00
3.140171017102e-01,8.262933935218e-02,3.427148970720e-01,4.147617538261e+00
3.141170117012e-01,8.265562931061e-02,3.428022348283e-01,4.147354967683e+00
3.142169216922e-01,8.268191926904e-02,3.428895743542e-01,4.147092585484e+00
3.143168316832e-01,8.270820922747e-02,3.429769156517e-01,4.146830391508e+00
3.144167416742e-01,8.273449918590e-02,3.430642587225e-01,4.146568385597e+00
3.145166516652e-01,8.276078914434e-02,3.431516035685e-01,4.146306567595e+00
3.146165616562e-01,8.278707910277e-02,3.432389501917e-01,4.146044937346e+00
3.147164716472e-01,8.281336906120e-02,3.433262985938e-01,4.145783494693e+00
3.148163816382e-01,8.283965901963e-02,3.434136487769e-01,4.145522239481e+00
3.149162916292e-01,8.286594897806e-02,3.435010007427e-01,4.145261171553e+00
3.150162016202e-01,8.289223893650e-02,3.435883544931e-01,4.145000290755e+00
3.151161116112e-01,8.291852889493e-02,3.436757100300e-01,4.144739596930e+00
3.152160216022e-01,8.294481885336e-02,3.437630673553e-01,4.144479089924e+00
3.153159315932e-01,8.297110881179e-02,3.438504264708e-01,4.144218769581e+00
3.154158415842e-01,8.299739877023e-02,3.439377873784e-01,4.143958635746e+00
3.155157515752e-01,8.302368872866e-02,3.440251500799e-01,4.143698688265e+00
3.156156615662e-01,8.304997868709e-02,3.441125145773e-01,4.143438926984e+00
3.157155715572e-01,8.307626864552e-02,3.441998808723e-01,4.143179351747e+00
3.158154815482e-01,8.310255860395e-02,3.442872489669e-01,4.142919962401e+00
3.159153915392e-01,8.312884856239e-02,3.443746188630e-01,4.142660758792e+00
3.160153015302e-01,8.315513852082e-02,3.444619905622e-01,4.142401740766e+00
3.161152115212e-01,8.318142847925e-02,3.445493640667e-01,4.142142908168e+00
3.162151215122e-01,8.320771843768e-02,3.446367393780e-01,4.141884260847e+00
3.163150315032e-01,8.323400839611e-02,3.447241164983e-01,4.141625798648e+00
3.164149414941e-01,8.326029835455e-02,3.448114954292e-01,4.141367521419e+00
3.165148514851e-01,8.328658831298e-02,3.448988761726e-01,4.141109429006e+00
3.166147614761e-01,8.331287827141e-02,3.449862587305e-01,4.140851521257e+00
3.167146714671e-01,8.333916822984e-02,3.450736431046e-01,4.140593798019e+00
3.168145814581e-01,8.336545818828e-02,3.451610292967e-01,4.140336259140e+00
3.169144914491e-01,8.339174814671e-02,3.452484173089e-01,4.140078904468e+00
3.170144014401e-01,8.341803810514e-02,3.453358071428e-01,4.139821733850e+00
3.171143114311e-01,8.344432806357e-02,3.454231988003e-01,4.139564747134e+00
3.172142214221e-01,8.347061802200e-02,3.455105922833e-01,4.139307944170e+00
3.173141314131e-01,8.349690798044e-02,3.455979875936e-01,4.139051324806e+00
3.174140414041e-01,8.352319793887e-02,3.456853847331e-01,4.138794888889e+00
3.175139513951e-01,8.354948789730e-02,3.457727837035e-01,4.138538636270e+00
3.176138613861e-01,8.357577785573e-02,3.458601845068e-01,4.138282566796e+00
3.177137713771e-01,8.360206781416e-02,3.459475871448e-01,4.138026680318e+00
3.178136813681e-01,8.362835777260e-02,3.460349916193e-01,4.137770976685e+00
3.179135913591e-01,8.365464773103e-02,3.461223979321e-01,4.137515455745e+00
3.180135013501e-01,8.368093768946e-02,3.462098060850e-01,4.137260117350e+00
3.181134113411e-01,8.370722764789e-02,3.462972160800e-01,4.137004961348e+00
3.182133213321e-01,8.373351760632e-02,3.463846279189e-01,4.136749987590e+00
3.183132313231e-01,8.375980756476e-02,3.464720416033e-01,4.136495195927e+00
3.184131413141e-01,8.378609752319e-02,3.465594571353e-01,4.136240586207e+00
3.185130513051e-01,8.381238748162e-02,3.466468745166e-01,4.135986158283e+00
3.186129612961e-01,8.383867744005e-02,3.467342937491e-01,4.135731912005e+00
3.187128712871e-01,8.386496739849e-02,3.468217148345e-01,4.135477847223e+00
3.188127812781e-01,8.389125735692e-02,3.469091377747e-01,4.135223963789e+00
3.189126912691e-01,8.391754731535e-02,3.469965625716e-01,4.134970261555e+00
3.190126012601e-01,8.394383727378e-02,3.470839892268e-01,4.134716740371e+00
3.191125112511e-01,8.397012723221e-02,3.471714177424e-01,4.134463400089e+00
3.192124212421e-01,8.399641719065e-02,3.472588481200e-01,4.134210240561e+00
3.193123312331e-01,8.402270714908e-02,3.473462803615e-01,4.133957261639e+00
3.194122412241e-01,8.404899710751e-02,3.474337144687e-01,4.133704463175e+00
3.195121512151e-01,8.407528706594e-02,3.475211504434e-01,4.133451845021e+00
3.196120612061e-01,8.410157702437e-02,3.476085882875e-01,4.133199407031e+00
3.197119711971e-01,8.412786698281e-02,3.476960280027e-01,4.132947149055e+00
3.198118811881e-01,8.415415694124e-02,3.477834695909e-01,4.132695070948e+00
3.199117911791e-01,8.418044689967e-02,3.478709130538e-01,4.132443172563e+00
3.200117011701e-01,8.420673685810e-02,3.479583583934e-01,4.132191453751e+00
3.201116111611e-01,8.423302681654e-02,3.480458056113e-01,4.131939914368e+00
3.202115211521e-01,8.425931677497e-02,3.481332547094e-01,4.131688554265e+00
3.203114311431e-01,8.428560673340e-02,3.482207056895e-01,4.131437373298e+00
3.204113411341e-01,8.431189669183e-02,3.483081585534e-01,4.131186371319e+00
3.205112511251e-01,8.433818665026e-02,3.483956133029e-01,4.130935548183e+00
3.206111611161e-01,8.436447660870e-02,3.484830699398e-01,4.130684903743e+00
3.207110711071e-01,8.439076656713e-02,3.485705284659e-01,4.130434437855e+00
3.208109810981e-01,8.441705652556e-02,3.486579888830e-01,4.130184150372e+00
3.209108910891e-01,8.444334648399e-02,3.487454511929e-01,4.129934041150e+00
3.210108010801e-01,8.446963644242e-02,3.488329153974e-01,4.129684110043e+00
3.211107110711e-01,8.449592640086e-02,3.489203814983e-01,4.129434356906e+00
3.212106210621e-01,8.452221635929e-02,3.490078494974e-01,4.129184781594e+00
3.213105310531e-01,8.454850631772e-02,3.490953193964e-01,4.128935383962e+00
3.214104410441e-01,8.457479627615e-02,3.491827911972e-01,4.128686163867e+00
3.215103510351e-01,8.460108623459e-02,3.492702649016e-01,4.128437121164e+00
3.216102610261e-01,8.462737619302e-02,3.493577405114e-01,4.128188255708e+00
3.217101710171e-01,8.465366615145e-02,3.494452180282e-01,4.127939567355e+00
3.218100810081e-01,8.467995610988e-02,3.495326974540e-01,4.127691055962e+00
3.219099909991e-01,8.470624606831e-02,3.496201787905e-01,4.127442721385e+00
3.220099009901e-01,8.473253602675e-02,3.497076620395e-01,4.127194563481e+00
3.221098109811e-01,8.475882598518e-02,3.497951472028e-01,4.126946582106e+00
3.222097209721e-01,8.478511594361e-02,3.498826342822e-01,4.126698777116e+00
3.223096309631e-01,8.481140590204e-02,3.499701232793e-01,4.126451148370e+00
3.224095409541e-01,8.483769586047e-02,3.500576141961e-01,4.126203695723e+00
3.225094509451e-01,8.486398581891e-02,3.501451070343e-01,4.125956419034e+00
3.226093609361e-01,8.489027577734e-02,3.502326017957e-01,4.125709318160e+00
3.227092709271e-01,8.491656573577e-02,3.503200984820e-01,4.125462392957e+00
3.228091809181e-01,8.494285569420e-02,3.504075970951e-01,4.125215643285e+00
3.229090909091e-01,8.496914565263e-02,3.504950976366e-01,4.124969069002e+00
3.230090009001e-01,8.499543561107e-02,3.505826001084e-01,4.124722669964e+00
3.231089108911e-01,8.502172556950e-02,3.506701045123e-01,4.124476446031e+00
3.232088208821e-01,8.504801552793e-02,3.507576108500e-01,4.124230397061e+00
3.233087308731e-01,8.507430548636e-02,3.508451191232e-01,4.123984522912e+00
3.234086408641e-01,8.510059544480e-02,3.509326293338e-01,4.123738823443e+00
3.235085508551e-01,8.512688540323e-02,3.510201414836e-01,4.123493298514e+00
3.236084608461e-01,8.515317536166e-02,3.511076555742e-01,4.123247947983e+00
3.237083708371e-01,8.517946532009e-02,3.511951716074e-01,4.123002771709e+00
3.238082808281e-01,8.520575527852e-02,3.512826895851e-01,4.122757769552e+00
3.239081908191e-01,8.523204523696e-02,3.513702095089e-01,4.122512941372e+00
3.240081008101e-01,8.525833519539e-02,3.514577313807e-01,4.122268287028e+00
3.241080108011e-01,8.528462515382e-02,3.515452552022e-01,4.122023806379e+00
3.242079207921e-01,8.531091511225e-02,3.516327809751e-01,4.121779499287e+00
3.243078307831e-01,8.533720507068e-02,3.517203087012e-01,4.121535365611e+00
3.244077407741e-01,8.536349502912e-02,3.518078383823e-01,4.121291405212e+00
3.245076507651e-01,8.538978498755e-02,3.518953700201e-01,4.121047617949e+00
3.246075607561e-01,8.541607494598e-02,3.519829036164e-01,4.120804003685e+00
3.247074707471e-01,8.544236490441e-02,3.520704391729e-01,4.120560562279e+00
3.248073807381e-01,8.546865486285e-02,3.521579766914e-01,4.120317293592e+00
3.249072907291e-01,8.549494482128e-02,3.522455161737e-01,4.120074197486e+00
3.250072007201e-01,8.552123477971e-02,3.523330576214e-01,4.119831273822e+00
3.251071107111e-01,8.554752473814e-02,3.524206010363e-01,4.119588522462e+00
3.252070207021e-01,8.557381469657e-02,3.525081464202e-01,4.119345943267e+00
3.253069306931e-01,8.560010465501e-02,3.525956937748e-01,4.119103536098e+00
3.254068406841e-01,8.562639461344e-02,3.526832431019e-01,4.118861300818e+00
3.255067506751e-01,8.565268457187e-02,3.527707944032e-01,4.118619237289e+00
3.256066606661e-01,8.567897453030e-02,3.528583476804e-01,4.118377345374e+00
3.257065706571e-01,8.570526448873e-02,3.529459029354e-01,4.118135624933e+00
3.258064806481e-01,8.573155444717e-02,3.530334601697e-01,4.117894075831e+00
3.259063906391e-01,8.575784440560e-02,3.531210193853e-01,4.117652697929e+00
3.260063006301e-01,8.578413436403e-02,3.532085805837e-01,4.117411491091e+00
3.261062106211e-01,8.581042432246e-02,3.532961437668e-01,4.117170455179e+00
3.262061206121e-01,8.583671428090e-02,3.533837089363e-01,4.116929590057e+00
3.263060306031e-01,8.586300423933e-02,3.534712760939e-01,4.116688895589e+00
3.264059405941e-01,8.588929419776e-02,3.535588452414e-01,4.116448371636e+00
3.265058505851e-01,8.591558415619e-02,3.536464163804e-01,4.116208018064e+00
3.266057605761e-01,8.594187411462e-02,3.537339895127e-01,4.115967834736e+00
3.267056705671e-01,8.596816407306e-02,3.538215646401e-01,4.115727821516e+00
3.268055805581e-01,8.599445403149e-02,3.539091417643e-01,4.115487978268e+00
3.269054905491e-01,8.602074398992e-02,3.539967208869e-01,4.115248304856e+00
3.270054005401e-01,8.604703394835e-02,3.540843020098e-01,4.115008801144e+00
3.271053105311e-01,8.607332390678e-02,3.541718851347e-01,4.114769466998e+00
3.272052205221e-01,8.609961386522e-02,3.542594702632e-01,4.114530302282e+00
3.273051305131e-01,8.612590382365e-02,3.543470573971e-01,4.114291306860e+00
3.274050405041e-01,8.615219378208e-02,3.544346465381e-01,4.114052480598e+00
3.275049504950e-01,8.617848374051e-02,3.545222376880e-01,4.113813823361e+00
3.276048604860e-01,8.620477369894e-02,3.546098308485e-01,4.113575335015e+00
3.277047704770e-01,8.623106365738e-02,3.546974260212e-01,4.113337015423e+00
3.278046804680e-01,8.625735361581e-02,3.547850232080e-01,4.113098864454e+00
3.279045904590e-01,8.628364357424e-02,3.548726224104e-01,4.112860881971e+00
3.280045004500e-01,8.630993353267e-02,3.549602236303e-01,4.112623067841e+00
3.281044104410e-01,8.633622349111e-02,3.550478268693e-01,4.112385421930e+00
3.282043204320e-01,8.636251344954e-02,3.551354321292e-01,4.112147944105e+00
3.283042304230e-01,8.638880340797e-02,3.552230394117e-01,4.111910634231e+00
3.284041404140e-01,8.641509336640e-02,3.553106487185e-01,4.111673492175e+00
3.285040504050e-01,8.644138332483e-02,3.553982600512e-01,4.111436517804e+00
3.286039603960e-01,8.646767328327e-02,3.554858734117e-01,4.111199710985e+00
3.287038703870e-01,8.649396324170e-02,3.555734888016e-01,4.110963071584e+00
3.288037803780e-01,8.652025320013e-02,3.556611062226e-01,4.110726599469e+00
3.289036903690e-01,8.654654315856e-02,3.557487256764e-01,4.110490294507e+00
3.290036003600e-01,8.657283311699e-02,3.558363471647e-01,4.110254156565e+00
3.291035103510e-01,8.659912307543e-02,3.559239706893e-01,4.110018185511e+00
3.292034203420e-01,8.662541303386e-02,3.560115962518e-01,4.109782381213e+00
3.293033303330e-01,8.665170299229e-02,3.560992238540e-01,4.109546743538e+00
3.294032403240e-01,8.667799295072e-02,3.561868534975e-01,4.109311272355e+00
3.295031503150e-01,8.670428290916e-02,3.562744851840e-01,4.109075967531e+00
3.296030603060e-01,8.673057286759e-02,3.563621189153e-01,4.108840828936e+00
3.297029702970e-01,8.675686282602e-02,3.564497546930e-01,4.108605856436e+00
3.298028802880e-01,8.678315278445e-02,3.565373925189e-01,4.108371049902e+00
3.299027902790e-01,8.680944274288e-02,3.566250323945e-01,4.108136409201e+00
3.300027002700e-01,8.683573270132e-02,3.567126743217e-01,4.107901934203e+00
3.301026102610e-01,8.686202265975e-02,3.568003183021e-01,4.107667624777e+00
3.302025202520e-01,8.688831261818e-02,3.568879643374e-01,4.107433480792e+00
3.303024302430e-01,8.691460257661e-02,3.569756124293e-01,4.107199502116e+00
3.304023402340e-01,8.694089253504e-02,3.570632625795e-01,4.106965688620e+00
3.305022502250e-01,8.696718249348e-02,3.571509147896e-01,4.106732040174e+00
3.306021602160e-01,8.699347245191e-02,3.572385690614e-01,4.106498556646e+00
3.307020702070e-01,8.701976241034e-02,3.573262253966e-01,4.106265237908e+00
3.308019801980e-01,8.704605236877e-02,3.574138837968e-01,4.106032083828e+00
3.309018901890e-01,8.707234232721e-02,3.575015442637e-01,4.105799094278e+00
3.310018001800e-01,8.709863228564e-02,3.575892067990e-01,4.105566269127e+00
3.311017101710e-01,8.712492224407e-02,3.576768714044e-01,4.105333608246e+00
3.312016201620e-01,8.715121220250e-02,3.577645380815e-01,4.105101111505e+00
3.313015301530e-01,8.717750216093e-02,3.578522068321e-01,4.104868778776e+00
3.314014401440e-01,8.720379211937e-02,3.579398776578e-01,4.104636609929e+00
3.315013501350e-01,8.723008207780e-02,3.580275505603e-01,4.104404604836e+00
3.316012601260e-01,8.725637203623e-02,3.581152255413e-01,4.104172763367e+00
3.317011701170e-01,8.728266199466e-02,3.582029026025e-01,4.103941085394e+00
3.318010801080e-01,8.730895195309e-02,3.582905817454e-01,4.103709570789e+00
3.319009900990e-01,8.733524191153e-02,3.583782629719e-01,4.103478219422e+00
3.320009000900e-01,8.736153186996e-02,3.584659462836e-01,4.103247031167e+00
3.321008100810e-01,8.738782182839e-02,3.585536316821e-01,4.103016005894e+00
3.322007200720e-01,8.741411178682e-02,3.586413191691e-01,4.102785143476e+00
3.323006300630e-01,8.744040174525e-02,3.587290087463e-01,4.102554443785e+00
3.324005400540e-01,8.746669170369e-02,3.588167004154e-01,4.102323906693e+00
3.325004500450e-01,8.749298166212e-02,3.589043941779e-01,4.102093532073e+00
3.326003600360e-01,8.751927162055e-02,3.589920900357e-01,4.101863319797e+00
3.327002700270e-01,8.754556157898e-02,3.590797879904e-01,4.101633269739e+00
3.328001800180e-01,8.757185153742e-02,3.591674880435e-01,4.101403381771e+00
3.329000900090e-01,8.759814149585e-02,3.592551901968e-01,4.101173655766e+00
3.330000000000e-01,8.762443145428e-02,3.593428944520e-01,4.100944091598e+00
3.330999099910e-01,8.765072141271e-02,3.594306008107e-01,4.100714689139e+00
3.331998199820e-01,8.767701137114e-02,3.595183092746e-01,4.100485448263e+00
3.332997299730e-01,8.770330132958e-02,3.596060198453e-01,4.100256368844e+00
3.333996399640e-01,8.772959128801e-02,3.596937325244e-01,4.100027450756e+00
3.334995499550e-01,8.775588124644e-02,3.597814473137e-01,4.099798693872e+00
3.335994599460e-01,8.778217120487e-02,3.598691642149e-01,4.099570098067e+00
3.336993699370e-01,8.780846116330e-02,3.599568832294e-01,4.099341663214e+00
3.337992799280e-01,8.783475112174e-02,3.600446043591e-01,4.099113389188e+00
3.338991899190e-01,8.786104108017e-02,3.601323276055e-01,4.098885275863e+00
3.339990999100e-01,8.788733103860e-02,3.602200529704e-01,4.098657323115e+00
3.340990099010e-01,8.791362099703e-02,3.603077804553e-01,4.098429530817e+00
3.341989198920e-01,8.793991095547e-02,3.603955100619e-01,4.098201898845e+00
3.342988298830e-01,8.796620091390e-02,3.604832417919e-01,4.097974427073e+00
3.343987398740e-01,8.799249087233e-02,3.605709756470e-01,4.097747115377e+00
3.344986498650e-01,8.801878083076e-02,3.606587116286e-01,4.097519963632e+00
3.345985598560e-01,8.804507078919e-02,3.607464497386e-01,4.097292971714e+00
3.346984698470e-01,8.807136074763e-02,3.608341899785e-01,4.097066139497e+00
3.347983798380e-01,8.809765070606e-02,3.609219323501e-01,4.096839466858e+00
3.348982898290e-01,8.812394066449e-02,3.610096768548e-01,4.096612953673e+00
3.349981998200e-01,8.815023062292e-02,3.610974234945e-01,4.096386599817e+00
3.350981098110e-01,8.817652058135e-02,3.611851722707e-01,4.096160405166e+00
3.351980198020e-01,8.820281053979e-02,3.612729231850e-01,4.095934369597e+00
3.352979297930e-01,8.822910049822e-02,3.613606762391e-01,4.095708492987e+00
3.353978397840e-01,8.825539045665e-02,3.614484314347e-01,4.095482775210e+00
3.354977497750e-01,8.828168041508e-02,3.615361887733e-01,4.095257216146e+00
3.355976597660e-01,8.830797037351e-02,3.616239482567e-01,4.095031815669e+00
3.356975697570e-01,8.833426033195e-02,3.617117098864e-01,4.094806573657e+00
3.357974797480e-01,8.836055029038e-02,3.617994736641e-01,4.094581489987e+00
3.358973897390e-01,8.838684024881e-02,3.618872395914e-01,4.094356564537e+00
3.359972997300e-01,8.841313020724e-02,3.619750076700e-01,4.094131797183e+00
3.360972097210e-01,8.843942016568e-02,3.620627779014e-01,4.093907187803e+00
3.361971197120e-01,8.846571012411e-02,3.621505502873e-01,4.093682736274e+00
3.362970297030e-01,8.849200008254e-02,3.622383248294e-01,4.093458442475e+00
3.363969396940e-01,8.851829004097e-02,3.623261015292e-01,4.093234306283e+00
3.364968496850e-01,8.854457999940e-02,3.624138803885e-01,4.093010327576e+00
3.365967596760e-01,8.857086995784e-02,3.625016614087e-01,4.092786506233e+00
3.366966696670e-01,8.859715991627e-02,3.625894445916e-01,4.092562842131e+00
3.367965796580e-01,8.862344987470e-02,3.626772299388e-01,4.092339335148e+00
3.368964896490e-01,8.864973983313e-02,3.627650174519e-01,4.092115985165e+00
3.369963996400e-01,8.867602979156e-02,3.628528071324e-01,4.091892792058e+00
3.370963096310e-01,8.870231975000e-02,3.629405989821e-01,4.091669755707e+00
3.371962196220e-01,8.872860970843e-02,3.630283930026e-01,4.091446875991e+00
3.372961296130e-01,8.875489966686e-02,3.631161891954e-01,4.091224152789e+00
3.373960396040e-01,8.878118962529e-02,3.632039875623e-01,4.091001585980e+00
3.374959495950e-01,8.880747958373e-02,3.632917881047e-01,4.090779175444e+00
3.375958595860e-01,8.883376954216e-02,3.633795908244e-01,4.090556921059e+00
3.376957695770e-01,8.886005950059e-02,3.634673957229e-01,4.090334822705e+00
3.377956795680e-01,8.888634945902e-02,3.635552028019e-01,4.090112880263e+00
3.378955895590e-01,8.891263941745e-02,3.636430120629e-01,4.089891093612e+00
3.379954995500e-01,8.893892937589e-02,3.637308235077e-01,4.089669462631e+00
3.380954095410e-01,8.896521933432e-02,3.638186371377e-01,4.089447987202e+00
3.381953195320e-01,8.899150929275e-02,3.639064529546e-01,4.089226667204e+00
3.382952295230e-01,8.901779925118e-02,3.639942709601e-01,4.089005502517e+00
3.383951395140e-01,8.904408920961e-02,3.640820911557e-01,4.088784493023e+00
3.384950495050e-01,8.907037916805e-02,3.641699135430e-01,4.088563638602e+00
3.385949594959e-01,8.909666912648e-02,3.642577381236e-01,4.088342939134e+00
3.386948694869e-01,8.912295908491e-02,3.643455648992e-01,4.088122394501e+00
3.387947794779e-01,8.914924904334e-02,3.644333938713e-01,4.087902004583e+00
3.388946894689e-01,8.917553900178e-02,3.645212250416e-01,4.087681769261e+00
3.389945994599e-01,8.920182896021e-02,3.646090584117e-01,4.087461688418e+00
3.390945094509e-01,8.922811891864e-02,3.646968939831e-01,4.087241761934e+00
3.391944194419e-01,8.925440887707e-02,3.647847317575e-01,4.087021989691e+00
3.392943294329e-01,8.928069883550e-02,3.648725717364e-01,4.086802371570e+00
3.393942394239e-01,8.930698879394e-02,3.649604139215e-01,4.086582907454e+00
3.394941494149e-01,8.933327875237e-02,3.650482583143e-01,4.086363597224e+00
3.395940594059e-01,8.935956871080e-02,3.651361049165e-01,4.086144440762e+00
3.396939693969e-01,8.938585866923e-02,3.652239537297e-01,4.085925437951e+00
3.397938793879e-01,8.941214862766e-02,3.653118047554e-01,4.085706588672e+00
3.398937893789e-01,8.943843858610e-02,3.653996579952e-01,4.085487892809e+00
3.399936993699e-01,8.946472854453e-02,3.654875134508e-01,4.085269350243e+00
3.400936093609e-01,8.949101850296e-02,3.655753711237e-01,4.085050960858e+00
3.401935193519e-01,8.951730846139e-02,3.656632310155e-01,4.084832724536e+00
3.402934293429e-01,8.954359841982e-02,3.657510931278e-01,4.084614641161e+00
3.403933393339e-01,8.956988837826e-02,3.658389574623e-01,4.084396710615e+00
3.404932493249e-01,8.959617833669e-02,3.659268240204e-01,4.084178932781e+00
3.405931593159e-01,8.962246829512e-02,3.660146928038e-01,4.083961307543e+00
3.406930693069e-01,8.964875825355e-02,3.661025638141e-01,4.083743834785e+00
3.407929792979e-01,8.967504821199e-02,3.661904370528e-01,4.083526514389e+00
3.408928892889e-01,8.970133817042e-02,3.662783125215e-01,4.083309346240e+00
3.409927992799e-01,8.972762812885e-02,3.663661902219e-01,4.083092330221e+00
3.410927092709e-01,8.975391808728e-02,3.664540701554e-01,4.082875466217e+00
3.411926192619e-01,8.978020804571e-02,3.665419523238e-01,4.082658754111e+00
3.412925292529e-01,8.980649800415e-02,3.666298367285e-01,4.082442193788e+00
3.413924392439e-01,8.983278796258e-02,3.667177233712e-01,4.082225785132e+00
3.414923492349e-01,8.985907792101e-02,3.668056122533e-01,4.082009528028e+00
3.415922592259e-01,8.988536787944e-02,3.668935033766e-01,4.081793422359e+00
3.416921692169e-01,8.991165783787e-02,3.669813967426e-01,4.081577468011e+00
3.417920792079e-01,8.993794779631e-02,3.670692923528e-01,4.081361664869e+00
3.418919891989e-01,8.996423775474e-02,3.671571902089e-01,4.081146012817e+00
3.419918991899e-01,8.999052771317e-02,3.672450903124e-01,4.080930511741e+00
3.420918091809e-01,9.001681767160e-02,3.673329926649e-01,4.080715161526e+00
3.421917191719e-01,9.004310763004e-02,3.674208972679e-01,4.080499962057e+00
3.422916291629e-01,9.006939758847e-02,3.675088041230e-01,4.080284913220e+00
3.423915391539e-01,9.009568754690e-02,3.675967132319e-01,4.080070014900e+00
3.424914491449e-01,9.012197750533e-02,3.676846245960e-01,4.079855266982e+00
3.425913591359e-01,9.014826746376e-02,3.677725382170e-01,4.079640669354e+00
3.426912691269e-01,9.017455742220e-02,3.678604540963e-01,4.079426221900e+00
3.427911791179e-01,9.020084738063e-02,3.679483722357e-01,4.079211924507e+00
3.428910891089e-01,9.022713733906e-02,3.680362926366e-01,4.078997777061e+00
3.429909990999e-01,9.025342729749e-02,3.681242153006e-01,4.078783779448e+00
3.430909090909e-01,9.027971725592e-02,3.682121402292e-01,4.078569931554e+00
3.431908190819e-01,9.030600721436e-02,3.683000674241e-01,4.078356233267e+00
3.432907290729e-01,9.033229717279e-02,3.683879968869e-01,4.078142684473e+00
3.433906390639e-01,9.035858713122e-02,3.684759286189e-01,4.077929285059e+00
3.434905490549e-01,9.038487708965e-02,3.685638626219e-01,4.077716034911e+00
3.435904590459e-01,9.041116704809e-02,3.686517988974e-01,4.077502933917e+00
3.436903690369e-01,9.043745700652e-02,3.687397374470e-01,4.077289981964e+00
3.437902790279e-01,9.046374696495e-02,3.688276782721e-01,4.077077178939e+00
3.438901890189e-01,9.049003692338e-02,3.689156213744e-01,4.076864524730e+00
3.439900990099e-01,9.051632688181e-02,3.690035667554e-01,4.076652019223e+00
3.440900090009e-01,9.054261684025e-02,3.690915144167e-01,4.076439662308e+00
3.441899189919e-01,9.056890679868e-02,3.691794643599e-01,4.076227453871e+00
3.442898289829e-01,9.059519675711e-02,3.692674165864e-01,4.076015393801e+00
3.443897389739e-01,9.062148671554e-02,3.693553710978e-01,4.075803481984e+00
3.444896489649e-01,9.064777667397e-02,3.694433278958e-01,4.075591718311e+00
3.445895589559e-01,9.067406663241e-02,3.695312869817e-01,4.075380102668e+00
3.446894689469e-01,9.070035659084e-02,3.696192483573e-01,4.075168634945e+00
3.447893789379e-01,9.072664654927e-02,3.697072120240e-01,4.074957315029e+00
3.448892889289e-01,9.075293650770e-02,3.697951779834e-01,4.074746142810e+00
3.449891989199e-01,9.077922646613e-02,3.698831462371e-01,4.074535118175e+00
3.450891089109e-01,9.080551642457e-02,3.699711167865e-01,4.074324241015e+00
3.451890189019e-01,9.083180638300e-02,3.700590896333e-01,4.074113511217e+00
3.452889288929e-01,9.085809634143e-02,3.701470647789e-01,4.073902928672e+00
3.453888388839e-01,9.088438629986e-02,3.702350422250e-01,4.073692493267e+00
3.454887488749e-01,9.091067625830e-02,3.703230219730e-01,4.073482204893e+00
3.455886588659e-01,9.093696621673e-02,3.704110040245e-01,4.073272063439e+00
3.456885688569e-01,9.096325617516e-02,3.704989883811e-01,4.073062068795e+00
3.457884788479e-01,9.098954613359e-02,3.705869750443e-01,4.072852220849e+00
3.458883888389e-01,9.101583609202e-02,3.706749640156e-01,4.072642519493e+00
3.459882988299e-01,9.104212605046e-02,3.707629552966e-01,4.072432964616e+00
3.460882088209e-01,9.106841600889e-02,3.708509488888e-01,4.072223556107e+00
3.461881188119e-01,9.109470596732e-02,3.709389447937e-01,4.072014293858e+00
3.462880288029e-01,9.112099592575e-02,3.710269430129e-01,4.071805177758e+00
3.463879387939e-01,9.114728588418e-02,3.711149435480e-01,4.071596207697e+00
3.464878487849e-01,9.117357584262e-02,3.712029464004e-01,4.071387383567e+00
3.465877587759e-01,9.119986580105e-02,3.712909515716e-01,4.071178705258e+00
3.466876687669e-01,9.122615575948e-02,3.713789590633e-01,4.070970172661e+00
3.467875787579e-01,9.125244571791e-02,3.714669688770e-01,4.070761785665e+00
3.468874887489e-01,9.127873567635e-02,3.715549810141e-01,4.070553544164e+00
3.469873987399e-01,9.130502563478e-02,3.716429954763e-01,4.070345448047e+00
3.470873087309e-01,9.133131559321e-02,3.717310122650e-01,4.070137497205e+00
3.471872187219e-01,9.135760555164e-02,3.718190313818e-01,4.069929691531e+00
3.472871287129e-01,9.138389551007e-02,3.719070528282e-01,4.069722030915e+00
3.473870387039e-01,9.141018546851e-02,3.719950766057e-01,4.069514515249e+00
3.474869486949e-01,9.143647542694e-02,3.720831027158e-01,4.069307144425e+00
3.475868586859e-01,9.146276538537e-02,3.721711311602e-01,4.069099918334e+00
3.476867686769e-01,9.148905534380e-02,3.722591619402e-01,4.068892836868e+00
3.477866786679e-01,9.151534530223e-02,3.723471950575e-01,4.068685899920e+00
3.478865886589e-01,9.154163526067e-02,3.724352305136e-01,4.068479107382e+00
3.479864986499e-01,9.156792521910e-02,3.725232683099e-01,4.068272459145e+00
3.480864086409e-01,9.159421517753e-02,3.726113084480e-01,4.068065955102e+00
3.481863186319e-01,9.162050513596e-02,3.726993509294e-01,4.067859595146e+00
3.482862286229e-01,9.164679509440e-02,3.727873957557e-01,4.067653379169e+00
3.483861386139e-01,9.167308505283e-02,3.728754429283e-01,4.067447307063e+00
3.484860486049e-01,9.169937501126e-02,3.729634924488e-01,4.067241378723e+00
3.485859585959e-01,9.172566496969e-02,3.730515443187e-01,4.067035594040e+00
3.486858685869e-01,9.175195492812e-02,3.731395985395e-01,4.066829952907e+00
3.487857785779e-01,9.177824488656e-02,3.732276551127e-01,4.066624455218e+00
3.488856885689e-01,9.180453484499e-02,3.733157140398e-01,4.066419100867e+00
3.489855985599e-01,9.183082480342e-02,3.734037753224e-01,4.066213889745e+00
3.490855085509e-01,9.185711476185e-02,3.734918389620e-01,4.066008821748e+00
3.491854185419e-01,9.188340472028e-02,3.735799049600e-01,4.065803896768e+00
3.492853285329e-01,9.190969467872e-02,3.736679733181e-01,4.065599114699e+00
3.493852385239e-01,9.193598463715e-02,3.737560440376e-01,4.065394475435e+00
3.494851485149e-01,9.196227459558e-02,3.738441171201e-01,4.065189978871e+00
3.495850585059e-01,9.198856455401e-02,3.739321925671e-01,4.064985624899e+00
3.496849684968e-01,9.201485451244e-02,3.740202703802e-01,4.064781413414e+00
3.497848784878e-01,9.204114447088e-02,3.741083505608e-01,4.064577344311e+00
3.498847884788e-01,9.206743442931e-02,3.741964331104e-01,4.064373417484e+00
3.499846984698e-01,9.209372438774e-02,3.742845180306e-01,4.064169632827e+00
3.500846084608e-01,9.212001434617e-02,3.743726053228e-01,4.063965990235e+00
3.501845184518e-01,9.214630430461e-02,3.744606949886e-01,4.063762489603e+00
3.502844284428e-01,9.217259426304e-02,3.745487870294e-01,4.063559130825e+00
3.503843384338e-01,9.219888422147e-02,3.746368814467e-01,4.063355913796e+00
3.504842484248e-01,9.222517417990e-02,3.747249782422e-01,4.063152838413e+00
3.505841584158e-01,9.225146413833e-02,3.748130774171e-01,4.062949904568e+00
3.506840684068e-01,9.227775409677e-02,3.749011789732e-01,4.062747112159e+00
3.507839783978e-01,9.230404405520e-02,3.749892829118e-01,4.062544461080e+00
3.508838883888e-01,9.233033401363e-02,3.750773892344e-01,4.062341951227e+00
3.509837983798e-01,9.235662397206e-02,3.751654979426e-01,4.062139582496e+00
3.510837083708e-01,9.238291393049e-02,3.752536090378e-01,4.061937354781e+00
3.511836183618e-01,9.240920388893e-02,3.753417225216e-01,4.061735267980e+00
3.512835283528e-01,9.243549384736e-02,3.754298383954e-01,4.061533321988e+00
3.513834383438e-01,9.246178380579e-02,3.755179566608e-01,4.061331516700e+00
3.514833483348e-01,9.248807376422e-02,3.756060773191e-01,4.061129852014e+00
3.515832583258e-01,9.251436372266e-02,3.756942003720e-01,4.060928327825e+00
3.516831683168e-01,9.254065368109e-02,3.757823258209e-01,4.060726944030e+00
3.517830783078e-01,9.256694363952e-02,3.758704536673e-01,4.060525700525e+00
3.518829882988e-01,9.259323359795e-02,3.759585839127e-01,4.060324597207e+00
3.519828982898e-01,9.261952355638e-02,3.760467165585e-01,4.060123633972e+00
3.520828082808e-01,9.264581351482e-02,3.761348516063e-01,4.059922810718e+00
3.521827182718e-01,9.267210347325e-02,3.762229890576e-01,4.059722127341e+00
3.522826282628e-01,9.269839343168e-02,3.763111289138e-01,4.059521583739e+00
3.523825382538e-01,9.272468339011e-02,3.763992711764e-01,4.059321179808e+00
3.524824482448e-01,9.275097334854e-02,3.764874158470e-01,4.059120915445e+00
3.525823582358e-01,9.277726330698e-02,3.765755629269e-01,4.058920790549e+00
3.526822682268e-01,9.280355326541e-02,3.766637124177e-01,4.058720805016e+00
3.527821782178e-01,9.282984322384e-02,3.767518643209e-01,4.058520958744e+00
3.528820882088e-01,9.285613318227e-02,3.768400186379e-01,4.058321251631e+00
3.529819981998e-01,9.288242314071e-02,3.769281753702e-01,4.058121683575e+00
3.530819081908e-01,9.290871309914e-02,3.770163345194e-01,4.057922254472e+00
3.531818181818e-01,9.293500305757e-02,3.771044960868e-01,4.057722964223e+00
3.532817281728e-01,9.296129301600e-02,3.771926600740e-01,4.057523812723e+00
3.533816381638e-01,9.298758297443e-02,3.772808264824e-01,4.057324799873e+00
3.534815481548e-01,9.301387293287e-02,3.773689953136e-01,4.057125925569e+00
3.535814581458e-01,9.304016289130e-02,3.774571665689e-01,4.056927189711e+00
3.536813681368e-01,9.306645284973e-02,3.775453402499e-01,4.056728592197e+00
3.537812781278e-01,9.309274280816e-02,3.776335163580e-01,4.056530132926e+00
3.538811881188e-01,9.311903276659e-02,3.777216948948e-01,4.056331811796e+00
3.539810981098e-01,9.314532272503e-02,3.778098758616e-01,4.056133628706e+00
3.540810081008e-01,9.317161268346e-02,3.778980592601e-01,4.055935583555e+00
3.541809180918e-01,9.319790264189e-02,3.779862450915e-01,4.055737676243e+00
3.542808280828e-01,9.322419260032e-02,3.780744333575e-01,4.055539906667e+00
3.543807380738e-01,9.325048255875e-02,3.781626240594e-01,4.055342274729e+00
3.544806480648e-01,9.327677251719e-02,3.782508171988e-01,4.055144780326e+00
3.545805580558e-01,9.330306247562e-02,3.783390127771e-01,4.054947423359e+00
3.546804680468e-01,9.332935243405e-02,3.784272107957e-01,4.054750203727e+00
3.547803780378e-01,9.335564239248e-02,3.785154112562e-01,4.054553121330e+00
3.548802880288e-01,9.338193235092e-02,3.786036141601e-01,4.054356176068e+00
3.549801980198e-01,9.340822230935e-02,3.786918195087e-01,4.054159367839e+00
3.550801080108e-01,9.343451226778e-02,3.787800273035e-01,4.053962696546e+00
3.551800180018e-01,9.346080222621e-02,3.788682375461e-01,4.053766162087e+00
3.552799279928e-01,9.348709218464e-02,3.789564502378e-01,4.053569764362e+00
3.553798379838e-01,9.351338214308e-02,3.790446653802e-01,4.053373503273e+00
3.554797479748e-01,9.353967210151e-02,3.791328829746e-01,4.053177378719e+00
3.555796579658e-01,9.356596205994e-02,3.792211030226e-01,4.052981390601e+00
3.556795679568e-01,9.359225201837e-02,3.793093255257e-01,4.052785538820e+00
3.557794779478e-01,9.361854197680e-02,3.793975504852e-01,4.052589823276e+00
3.558793879388e-01,9.364483193524e-02,3.794857779026e-01,4.052394243871e+00
3.559792979298e-01,9.367112189367e-02,3.795740077794e-01,4.052198800504e+00
3.560792079208e-01,9.369741185210e-02,3.796622401171e-01,4.052003493078e+00
3.561791179118e-01,9.372370181053e-02,3.797504749171e-01,4.051808321493e+00
3.562790279028e-01,9.374999176897e-02,3.798387121808e-01,4.051613285651e+00
3.563789378938e-01,9.377628172740e-02,3.799269519098e-01,4.051418385453e+00
3.564788478848e-01,9.380257168583e-02,3.800151941054e-01,4.051223620799e+00
3.565787578758e-01,9.382886164426e-02,3.801034387691e-01,4.051028991593e+00
3.566786678668e-01,9.385515160269e-02,3.801916859024e-01,4.050834497736e+00
3.567785778578e-01,9.388144156113e-02,3.802799355068e-01,4.050640139129e+00
3.568784878488e-01,9.390773151956e-02,3.803681875836e-01,4.050445915674e+00
3.569783978398e-01,9.393402147799e-02,3.804564421343e-01,4.050251827273e+00
3.570783078308e-01,9.396031143642e-02,3.805446991604e-01,4.050057873828e+00
3.571782178218e-01,9.398660139485e-02,3.806329586633e-01,4.049864055242e+00
3.572781278128e-01,9.401289135329e-02,3.807212206446e-01,4.049670371416e+00
3.573780378038e-01,9.403918131172e-02,3.808094851055e-01,4.049476822253e+00
3.574779477948e-01,9.406547127015e-02,3.808977520476e-01,4.049283407656e+00
3.575778577858e-01,9.409176122858e-02,3.809860214723e-01,4.049090127527e+00
3.576777677768e-01,9.411805118702e-02,3.810742933810e-01,4.048896981768e+00
3.577776777678e-01,9.414434114545e-02,3.811625677753e-01,4.048703970283e+00
3.578775877588e-01,9.417063110388e-02,3.812508446565e-01,4.048511092975e+00
3.579774977498e-01,9.419692106231e-02,3.813391240261e-01,4.048318349745e+00
3.580774077408e-01,9.422321102074e-02,3.814274058855e-01,4.048125740498e+00
3.581773177318e-01,9.424950097918e-02,3.815156902361e-01,4.047933265137e+00
3.582772277228e-01,9.427579093761e-02,3.816039770795e-01,4.047740923564e+00
3.583771377138e-01,9.430208089604e-02,3.816922664171e-01,4.047548715684e+00
3.584770477048e-01,9.432837085447e-02,3.817805582502e-01,4.047356641399e+00
3.585769576958e-01,9.435466081290e-02,3.818688525803e-01,4.047164700613e+00
3.586768676868e-01,9.438095077134e-02,3.819571494090e-01,4.046972893231e+00
3.587767776778e-01,9.440724072977e-02,3.820454487375e-01,4.046781219155e+00
3.588766876688e-01,9.443353068820e-02,3.821337505673e-01,4.046589678290e+00
3.589765976598e-01,9.445982064663e-02,3.822220548999e-01,4.046398270539e+00
3.590765076508e-01,9.448611060506e-02,3.823103617368e-01,4.046206995806e+00
3.591764176418e-01,9.451240056350e-02,3.823986710792e-01,4.046015853997e+00
3.592763276328e-01,9.453869052193e-02,3.824869829288e-01,4.045824845014e+00
3.593762376238e-01,9.456498048036e-02,3.825752972868e-01,4.045633968763e+00
3.594761476148e-01,9.459127043879e-02,3.826636141548e-01,4.045443225148e+00
3.595760576058e-01,9.461756039723e-02,3.827519335341e-01,4.045252614073e+00
3.596759675968e-01,9.464385035566e-02,3.828402554262e-01,4.045062135443e+00
3.597758775878e-01,9.467014031409e-02,3.829285798326e-01,4.044871789163e+00
3.598757875788e-01,9.469643027252e-02,3.830169067546e-01,4.044681575138e+00
3.599756975698e-01,9.472272023095e-02,3.831052361937e-01,4.044491493273e+00
3.600756075608e-01,9.474901018939e-02,3.831935681513e-01,4.044301543472e+00
3.601755175518e-01,9.477530014782e-02,3.832819026289e-01,4.044111725640e+00
3.602754275428e-01,9.480159010625e-02,3.833702396278e-01,4.043922039684e+00
3.603753375338e-01,9.482788006468e-02,3.834585791495e-01,4.043732485509e+00
3.604752475248e-01,9.485417002311e-02,3.835469211954e-01,4.043543063019e+00
3.605751575158e-01,9.488045998155e-02,3.836352657669e-01,4.043353772121e+00
3.606750675068e-01,9.490674993998e-02,3.837236128655e-01,4.043164612719e+00
3.607749774977e-01,9.493303989841e-02,3.838119624926e-01,4.042975584721e+00
3.608748874887e-01,9.495932985684e-02,3.839003146496e-01,4.042786688031e+00
3.609747974797e-01,9.498561981528e-02,3.839886693379e-01,4.042597922556e+00
3.610747074707e-01,9.501190977371e-02,3.840770265589e-01,4.042409288201e+00
3.611746174617e-01,9.503819973214e-02,3.841653863142e-01,4.042220784873e+00
3.612745274527e-01,9.506448969057e-02,3.842537486049e-01,4.042032412478e+00
3.613744374437e-01,9.509077964900e-02,3.843421134327e-01,4.041844170922e+00
3.614743474347e-01,9.511706960744e-02,3.844304807989e-01,4.041656060111e+00
3.615742574257e-01,9.514335956587e-02,3.845188507049e-01,4.041468079953e+00
3.616741674167e-01,9.516964952430e-02,3.846072231522e-01,4.041280230353e+00
3.617740774077e-01,9.519593948273e-02,3.846955981422e-01,4.041092511219e+00
3.618739873987e-01,9.522222944116e-02,3.847839756762e-01,4.040904922457e+00
3.619738973897e-01,9.524851939960e-02,3.848723557557e-01,4.040717463975e+00
3.620738073807e-01,9.527480935803e-02,3.849607383821e-01,4.040530135678e+00
3.621737173717e-01,9.530109931646e-02,3.850491235568e-01,4.040342937474e+00
3.622736273627e-01,9.532738927489e-02,3.851375112812e-01,4.040155869271e+00
3.623735373537e-01,9.535367923333e-02,3.852259015568e-01,4.039968930975e+00
3.624734473447e-01,9.537996919176e-02,3.853142943850e-01,4.039782122495e+00
3.625733573357e-01,9.540625915019e-02,3.854026897670e-01,4.039595443737e+00
3.626732673267e-01,9.543254910862e-02,3.854910877045e-01,4.039408894608e+00
3.627731773177e-01,9.545883906705e-02,3.855794881987e-01,4.039222475018e+00
3.628730873087e-01,9.548512902549e-02,3.856678912511e-01,4.039036184872e+00
3.629729972997e-01,9.551141898392e-02,3.857562968631e-01,4.038850024080e+00
3.630729072907e-01,9.553770894235e-02,3.858447050361e-01,4.038663992549e+00
3.631728172817e-01,9.556399890078e-02,3.859331157715e-01,4.038478090187e+00
3.632727272727e-01,9.559028885921e-02,3.860215290707e-01,4.038292316903e+00
3.633726372637e-01,9.561657881765e-02,3.861099449351e-01,4.038106672604e+00
3.634725472547e-01,9.564286877608e-02,3.861983633661e-01,4.037921157198e+00
3.635724572457e-01,9.566915873451e-02,3.862867843651e-01,4.037735770595e+00
3.636723672367e-01,9.569544869294e-02,3.863752079335e-01,4.037550512703e+00
3.637722772277e-01,9.572173865137e-02,3.864636340727e-01,4.037365383429e+00
3.638721872187e-01,9.574802860981e-02,3.865520627842e-01,4.037180382684e+00
3.639720972097e-01,9.577431856824e-02,3.866404940693e-01,4.036995510376e+00
3.640720072007e-01,9.580060852667e-02,3.867289279293e-01,4.036810766413e+00
3.641719171917e-01,9.582689848510e-02,3.868173643658e-01,4.036626150704e+00
3.642718271827e-01,9.585318844354e-02,3.869058033801e-01,4.036441663159e+00
3.643717371737e-01,9.587947840197e-02,3.869942449736e-01,4.036257303687e+00
3.644716471647e-01,9.590576836040e-02,3.870826891477e-01,4.036073072197e+00
3.645715571557e-01,9.593205831883e-02,3.871711359038e-01,4.035888968598e+00
3.646714671467e-01,9.595834827726e-02,3.872595852433e-01,4.035704992799e+00
3.647713771377e-01,9.598463823570e-02,3.873480371676e-01,4.035521144711e+00
3.648712871287e-01,9.601092819413e-02,3.874364916781e-01,4.035337424243e+00
3.649711971197e-01,9.603721815256e-02,3.875249487761e-01,4.035153831304e+00
3.650711071107e-01,9.606350811099e-02,3.876134084631e-01,4.034970365805e+00
3.651710171017e-01,9.608979806942e-02,3.877018707405e-01,4.034787027655e+00
3.652709270927e-01,9.611608802786e-02,3.877903356096e-01,4.034603816764e+00
3.653708370837e-01,9.614237798629e-02,3.878788030718e-01,4.034420733042e+00
3.654707470747e-01,9.616866794472e-02,3.879672731286e-01,4.034237776399e+00
3.655706570657e-01,9.619495790315e-02,3.880557457813e-01,4.034054946746e+00
3.656705670567e-01,9.622124786159e-02,3.881442210313e-01,4.033872243993e+00
3.657704770477e-01,9.624753782002e-02,3.882326988799e-01,4.033689668051e+00
3.658703870387e-01,9.627382777845e-02,3.883211793287e-01,4.033507218829e+00
3.659702970297e-01,9.630011773688e-02,3.884096623789e-01,4.033324896239e+00
3.660702070207e-01,9.632640769531e-02,3.884981480320e-01,4.033142700191e+00
3.661701170117e-01,9.635269765375e-02,3.885866362893e-01,4.032960630596e+00
3.662700270027e-01,9.637898761218e-02,3.886751271522e-01,4.032778687365e+00
3.663699369937e-01,9.640527757061e-02,3.887636206221e-01,4.032596870408e+00
3.664698469847e-01,9.643156752904e-02,3.888521167004e-01,4.032415179638e+00
3.665697569757e-01,9.645785748747e-02,3.889406153884e-01,4.032233614964e+00
3.666696669667e-01,9.648414744591e-02,3.890291166877e-01,4.032052176299e+00
3.667695769577e-01,9.651043740434e-02,3.891176205994e-01,4.031870863554e+00
3.668694869487e-01,9.653672736277e-02,3.892061271250e-01,4.031689676639e+00
3.669693969397e-01,9.656301732120e-02,3.892946362660e-01,4.031508615467e+00
3.670693069307e-01,9.658930727964e-02,3.893831480236e-01,4.031327679950e+00
3.671692169217e-01,9.661559723807e-02,3.894716623992e-01,4.031146869998e+00
3.672691269127e-01,9.664188719650e-02,3.895601793942e-01,4.030966185523e+00
3.673690369037e-01,9.666817715493e-02,3.896486990101e-01,4.030785626438e+00
3.674689468947e-01,9.669446711336e-02,3.897372212481e-01,4.030605192655e+00
3.675688568857e-01,9.672075707180e-02,3.898257461097e-01,4.030424884085e+00
3.676687668767e-01,9.674704703023e-02,3.899142735962e-01,4.030244700641e+00
3.677686768677e-01,9.677333698866e-02,3.900028037090e-01,4.030064642234e+00
3.678685868587e-01,9.679962694709e-02,3.900913364495e-01,4.029884708778e+00
3.679684968497e-01,9.682591690552e-02,3.901798718190e-01,4.029704900184e+00
3.680684068407e-01,9.685220686396e-02,3.902684098189e-01,4.029525216365e+00
3.681683168317e-01,9.687849682239e-02,3.903569504506e-01,4.029345657234e+00
3.682682268227e-01,9.690478678082e-02,3.904454937155e-01,4.029166222703e+00
3.683681368137e-01,9.693107673925e-02,3.905340396149e-01,4.028986912685e+00
3.684680468047e-01,9.695736669768e-02,3.906225881502e-01,4.028807727093e+00
3.685679567957e-01,9.698365665612e-02,3.907111393228e-01,4.028628665839e+00
3.686678667867e-01,9.700994661455e-02,3.907996931339e-01,4.028449728838e+00
3.687677767777e-01,9.703623657298e-02,3.908882495851e-01,4.028270916001e+00
3.688676867687e-01,9.706252653141e-02,3.909768086777e-01,4.028092227243e+00
3.689675967597e-01,9.708881648985e-02,3.910653704130e-01,4.027913662475e+00
3.690675067507e-01,9.711510644828e-02,3.911539347924e-01,4.027735221613e+00
3.691674167417e-01,9.714139640671e-02,3.912425018173e-01,4.027556904569e+00
3.692673267327e-01,9.716768636514e-02,3.913310714890e-01,4.027378711256e+00
3.693672367237e-01,9.719397632357e-02,3.914196438089e-01,4.027200641589e+00
3.694671467147e-01,9.722026628201e-02,3.915082187783e-01,4.027022695481e+00
3.695670567057e-01,9.724655624044e-02,3.915967963987e-01,4.026844872846e+00
3.696669666967e-01,9.727284619887e-02,3.916853766714e-01,4.026667173597e+00
3.697668766877e-01,9.729913615730e-02,3.917739595977e-01,4.026489597650e+00
3.698667866787e-01,9.732542611573e-02,3.918625451790e-01,4.026312144917e+00
3.699666966697e-01,9.735171607417e-02,3.919511334166e-01,4.026134815313e+00
3.700666066607e-01,9.737800603260e-02,3.920397243120e-01,4.025957608752e+00
3.701665166517e-01,9.740429599103e-02,3.921283178665e-01,4.025780525148e+00
3.702664266427e-01,9.743058594946e-02,3.922169140814e-01,4.025603564417e+00
3.703663366337e-01,9.745687590790e-02,3.923055129581e-01,4.025426726472e+00
3.704662466247e-01,9.748316586633e-02,3.923941144979e-01,4.025250011227e+00
3.705661566157e-01,9.750945582476e-02,3.924827187023e-01,4.025073418599e+00
3.706660666067e-01,9.753574578319e-02,3.925713255725e-01,4.024896948500e+00
3.707659765977e-01,9.756203574162e-02,3.926599351099e-01,4.024720600847e+00
3.708658865887e-01,9.758832570006e-02,3.927485473159e-01,4.024544375554e+00
3.709657965797e-01,9.761461565849e-02,3.928371621919e-01,4.024368272537e+00
3.710657065707e-01,9.764090561692e-02,3.929257797391e-01,4.024192291709e+00
3.711656165617e-01,9.766719557535e-02,3.930143999589e-01,4.024016432987e+00
3.712655265527e-01,9.769348553378e-02,3.931030228528e-01,4.023840696285e+00
3.713654365437e-01,9.771977549222e-02,3.931916484219e-01,4.023665081519e+00
3.714653465347e-01,9.774606545065e-02,3.932802766678e-01,4.023489588605e+00
3.715652565257e-01,9.777235540908e-02,3.933689075917e-01,4.023314217457e+00
3.716651665167e-01,9.779864536751e-02,3.934575411949e-01,4.023138967992e+00
3.717650765077e-01,9.782493532595e-02,3.935461774789e-01,4.022963840126e+00
3.718649864986e-01,9.785122528438e-02,3.936348164450e-01,4.022788833773e+00
3.719648964896e-01,9.787751524281e-02,3.937234580945e-01,4.022613948850e+00
3.720648064806e-01,9.790380520124e-02,3.938121024288e-01,4.022439185272e+00
3.721647164716e-01,9.793009515967e-02,3.939007494492e-01,4.022264542957e+00
3.722646264626e-01,9.795638511811e-02,3.939893991570e-01,4.022090021819e+00
3.723645364536e-01,9.798267507654e-02,3.940780515537e-01,4.021915621775e+00
3.724644464446e-01,9.800896503497e-02,3.941667066405e-01,4.021741342742e+00
3.725643564356e-01,9.803525499340e-02,3.942553644188e-01,4.021567184635e+00
3.726642664266e-01,9.806154495183e-02,3.943440248900e-01,4.021393147372e+00
3.727641764176e-01,9.808783491027e-02,3.944326880553e-01,4.021219230867e+00
3.728640864086e-01,9.811412486870e-02,3.945213539162e-01,4.021045435039e+00
3.729639963996e-01,9.814041482713e-02,3.946100224739e-01,4.020871759804e+00
3.730639063906e-01,9.816670478556e-02,3.946986937298e-01,4.020698205079e+00
3.731638163816e-01,9.819299474399e-02,3.947873676853e-01,4.020524770780e+00
3.732637263726e-01,9.821928470243e-02,3.948760443417e-01,4.020351456825e+00
3.733636363636e-01,9.824557466086e-02,3.949647237003e-01,4.020178263130e+00
3.734635463546e-01,9.827186461929e-02,3.950534057624e-01,4.020005189612e+00
3.735634563456e-01,9.829815457772e-02,3.951420905295e-01,4.019832236189e+00
3.736633663366e-01,9.832444453616e-02,3.952307780027e-01,4.019659402779e+00
3.737632763276e-01,9.835073449459e-02,3.953194681836e-01,4.019486689297e+00
3.738631863186e-01,9.837702445302e-02,3.954081610734e-01,4.019314095663e+00
3.739630963096e-01,9.840331441145e-02,3.954968566734e-01,4.019141621792e+00
3.740630063006e-01,9.842960436988e-02,3.955855549850e-01,4.018969267604e+00
3.741629162916e-01,9.845589432832e-02,3.956742560094e-01,4.018797033015e+00
3.742628262826e-01,9.848218428675e-02,3.957629597482e-01,4.018624917943e+00
3.743627362736e-01,9.850847424518e-02,3.958516662025e-01,4.018452922306e+00
3.744626462646e-01,9.853476420361e-02,3.959403753737e-01,4.018281046023e+00
3.745625562556e-01,9.856105416204e-02,3.960290872632e-01,4.018109289010e+00
3.746624662466e-01,9.858734412048e-02,3.961178018722e-01,4.017937651187e+00
3.747623762376e-01,9.861363407891e-02,3.962065192021e-01,4.017766132471e+00
3.748622862286e-01,9.863992403734e-02,3.962952392543e-01,4.017594732780e+00
3.749621962196e-01,9.866621399577e-02,3.963839620300e-01,4.017423452034e+00
3.750621062106e-01,9.869250395421e-02,3.964726875306e-01,4.017252290149e+00
3.751620162016e-01,9.871879391264e-02,3.965614157574e-01,4.017081247046e+00
3.752619261926e-01,9.874508387107e-02,3.966501467118e-01,4.016910322642e+00
3.753618361836e-01,9.877137382950e-02,3.967388803950e-01,4.016739516855e+00
3.754617461746e-01,9.879766378793e-02,3.968276168085e-01,4.016568829606e+00
3.755616561656e-01,9.882395374637e-02,3.969163559534e-01,4.016398260811e+00
3.756615661566e-01,9.885024370480e-02,3.970050978312e-01,4.016227810392e+00
3.757614761476e-01,9.887653366323e-02,3.970938424432e-01,4.016057478265e+00
3.758613861386e-01,9.890282362166e-02,3.971825897906e-01,4.015887264351e+00
3.759612961296e-01,9.892911358009e-02,3.972713398749e-01,4.015717168569e+00
3.760612061206e-01,9.895540353853e-02,3.973600926973e-01,4.015547190837e+00
3.761611161116e-01,9.898169349696e-02,3.974488482592e-01,4.015377331076e+00
3.762610261026e-01,9.900798345539e-02,3.975376065618e-01,4.015207589204e+00
3.763609360936e-01,9.903427341382e-02,3.976263676066e-01,4.015037965140e+00
3.764608460846e-01,9.906056337225e-02,3.977151313948e-01,4.014868458805e+00
3.765607560756e-01,9.908685333069e-02,3.978038979277e-01,4.014699070119e+00
3.766606660666e-01,9.911314328912e-02,3.978926672067e-01,4.014529798999e+00
3.767605760576e-01,9.913943324755e-02,3.979814392330e-01,4.014360645368e+00
3.768604860486e-01,9.916572320598e-02,3.980702140081e-01,4.014191609143e+00
3.769603960396e-01,9.919201316442e-02,3.981589915331e-01,4.014022690246e+00
3.770603060306e-01,9.921830312285e-02,3.982477718095e-01,4.013853888596e+00
3.771602160216e-01,9.924459308128e-02,3.983365548386e-01,4.013685204113e+00
3.772601260126e-01,9.927088303971e-02,3.984253406216e-01,4.013516636718e+00
3.773600360036e-01,9.929717299814e-02,3.985141291599e-01,4.013348186331e+00
3.774599459946e-01,9.932346295658e-02,3.986029204548e-01,4.013179852872e+00
3.775598559856e-01,9.934975291501e-02,3.986917145076e-01,4.013011636261e+00
3.776597659766e-01,9.937604287344e-02,3.987805113196e-01,4.012843536419e+00
3.777596759676e-01,9.940233283187e-02,3.988693108921e-01,4.012675553266e+00
3.778595859586e-01,9.942862279030e-02,3.989581132265e-01,4.012507686724e+00
3.779594959496e-01,9.945491274874e-02,3.990469183240e-01,4.012339936712e+00
3.780594059406e-01,9.948120270717e-02,3.991357261860e-01,4.012172303152e+00
3.781593159316e-01,9.950749266560e-02,3.992245368138e-01,4.012004785965e+00
3.782592259226e-01,9.953378262403e-02,3.993133502086e-01,4.011837385071e+00
3.783591359136e-01,9.956007258247e-02,3.994021663719e-01,4.011670100391e+00
3.784590459046e-01,9.958636254090e-02,3.994909853048e-01,4.011502931847e+00
3.785589558956e-01,9.961265249933e-02,3.995798070088e-01,4.011335879360e+00
3.786588658866e-01,9.963894245776e-02,3.996686314851e-01,4.011168942851e+00
3.787587758776e-01,9.966523241619e-02,3.997574587350e-01,4.011002122241e+00
3.788586858686e-01,9.969152237463e-02,3.998462887598e-01,4.010835417451e+00
3.789585958596e-01,9.971781233306e-02,3.999351215609e-01,4.010668828404e+00
3.790585058506e-01,9.974410229149e-02,4.000239571395e-01,4.010502355021e+00
3.791584158416e-01,9.977039224992e-02,4.001127954969e-01,4.010335997223e+00
3.792583258326e-01,9.979668220835e-02,4.002016366345e-01,4.010169754932e+00
3.793582358236e-01,9.982297216679e-02,4.002904805536e-01,4.010003628071e+00
3.794581458146e-01,9.984926212522e-02,4.003793272554e-01,4.009837616560e+00
3.795580558056e-01,9.987555208365e-02,4.004681767413e-01,4.009671720321e+00
3.796579657966e-01,9.990184204208e-02,4.005570290125e-01,4.009505939278e+00
3.797578757876e-01,9.992813200052e-02,4.006458840704e-01,4.009340273351e+00
3.798577857786e-01,9.995442195895e-02,4.007347419163e-01,4.009174722464e+00
3.799576957696e-01,9.998071191738e-02,4.008236025514e-01,4.009009286538e+00
3.800576057606e-01,1.000070018758e-01,4.009124659771e-01,4.008843965495e+00
3.801575157516e-01,1.000332918342e-01,4.010013321947e-01,4.008678759259e+00
3.802574257426e-01,1.000595817927e-01,4.010902012054e-01,4.008513667751e+00
3.803573357336e-01,1.000858717511e-01,4.011790730105e-01,4.008348690894e+00
3.804572457246e-01,1.001121617095e-01,4.012679476115e-01,4.008183828611e+00
3.805571557156e-01,1.001384516680e-01,4.013568250094e-01,4.008019080824e+00
3.806570657066e-01,1.001647416264e-01,4.014457052057e-01,4.007854447457e+00
3.807569756976e-01,1.001910315848e-01,4.015345882017e-01,4.007689928431e+00
3.808568856886e-01,1.002173215433e-01,4.016234739986e-01,4.007525523671e+00
3.809567956796e-01,1.002436115017e-01,4.017123625977e-01,4.007361233099e+00
3.810567056706e-01,1.002699014601e-01,4.018012540004e-01,4.007197056638e+00
3.811566156616e-01,1.002961914186e-01,4.018901482079e-01,4.007032994211e+00
3.812565256526e-01,1.003224813770e-01,4.019790452214e-01,4.006869045741e+00
3.813564356436e-01,1.003487713354e-01,4.020679450424e-01,4.006705211153e+00
3.814563456346e-01,1.003750612939e-01,4.021568476721e-01,4.006541490368e+00
3.815562556256e-01,1.004013512523e-01,4.022457531118e-01,4.006377883312e+00
3.816561656166e-01,1.004276412107e-01,4.023346613628e-01,4.006214389906e+00
3.817560756076e-01,1.004539311692e-01,4.024235724263e-01,4.006051010076e+00
3.818559855986e-01,1.004802211276e-01,4.025124863037e-01,4.005887743744e+00
3.819558955896e-01,1.005065110860e-01,4.026014029962e-01,4.005724590834e+00
3.820558055806e-01,1.005328010445e-01,4.026903225052e-01,4.005561551270e+00
3.821557155716e-01,1.005590910029e-01,4.027792448318e-01,4.005398624977e+00
3.822556255626e-01,1.005853809613e-01,4.028681699775e-01,4.005235811877e+00
3.823555355536e-01,1.006116709198e-01,4.029570979435e-01,4.005073111895e+00
3.824554455446e-01,1.006379608782e-01,4.030460287311e-01,4.004910524956e+00
3.825553555356e-01,1.006642508366e-01,4.031349623416e-01,4.004748050983e+00
3.826552655266e-01,1.006905407950e-01,4.032238987762e-01,4.004585689900e+00
3.827551755176e-01,1.007168307535e-01,4.033128380362e-01,4.004423441633e+00
3.828550855086e-01,1.007431207119e-01,4.034017801230e-01,4.004261306105e+00
3.829549954995e-01,1.007694106703e-01,4.034907250378e-01,4.004099283241e+00
3.830549054905e-01,1.007957006288e-01,4.035796727818e-01,4.003937372966e+00
3.831548154815e-01,1.008219905872e-01,4.036686233565e-01,4.003775575204e+00
3.832547254725e-01,1.008482805456e-01,4.037575767630e-01,4.003613889879e+00
3.833546354635e-01,1.008745705041e-01,4.038465330026e-01,4.003452316918e+00
3.834545454545e-01,1.009008604625e-01,4.039354920766e-01,4.003290856243e+00
3.835544554455e-01,1.009271504209e-01,4.040244539864e-01,4.003129507782e+00
3.836543654365e-01,1.009534403794e-01,4.041134187331e-01,4.002968271458e+00
3.837542754275e-01,1.009797303378e-01,4.042023863181e-01,4.002807147196e+00
3.838541854185e-01,1.010060202962e-01,4.042913567426e-01,4.002646134922e+00
3.839540954095e-01,1.010323102547e-01,4.043803300079e-01,4.002485234561e+00
3.840540054005e-01,1.010586002131e-01,4.044693061153e-01,4.002324446039e+00
3.841539153915e-01,1.010848901715e-01,4.045582850661e-01,4.002163769280e+00
3.842538253825e-01,1.011111801300e-01,4.046472668615e-01,4.002003204210e+00
3.843537353735e-01,1.011374700884e-01,4.047362515029e-01,4.001842750755e+00
3.844536453645e-01,1.011637600468e-01,4.048252389914e-01,4.001682408840e+00
3.845535553555e-01,1.011900500053e-01,4.049142293285e-01,4.001522178390e+00
3.846534653465e-01,1.012163399637e-01,4.050032225152e-01,4.001362059333e+00
3.847533753375e-01,1.012426299221e-01,4.050922185530e-01,4.001202051593e+00
3.848532853285e-01,1.012689198806e-01,4.051812174431e-01,4.001042155096e+00
3.849531953195e-01,1.012952098390e-01,4.052702191868e-01,4.000882369768e+00
3.850531053105e-01,1.013214997974e-01,4.053592237852e-01,4.000722695536e+00
3.851530153015e-01,1.013477897559e-01,4.054482312398e-01,4.000563132325e+00
3.852529252925e-01,1.013740797143e-01,4.055372415518e-01,4.000403680061e+00
3.853528352835e-01,1.014003696727e-01,4.056262547225e-01,4.000244338671e+00
3.854527452745e-01,1.014266596311e-01,4.057152707530e-01,4.000085108082e+00
3.855526552655e-01,1.014529495896e-01,4.058042896448e-01,3.999925988219e+00
3.856525652565e-01,1.014792395480e-01,4.058933113990e-01,3.999766979008e+00
3.857524752475e-01,1.015055295064e-01,4.059823360169e-01,3.999608080377e+00
3.858523852385e-01,1.015318194649e-01,4.060713634999e-01,3.999449292252e+00
3.859522952295e-01,1.015581094233e-01,4.061603938491e-01,3.999290614560e+00
3.860522052205e-01,1.015843993817e-01,4.062494270659e-01,3.999132047227e+00
3.861521152115e-01,1.016106893402e-01,4.063384631514e-01,3.998973590181e+00
3.862520252025e-01,1.016369792986e-01,4.064275021070e-01,3.998815243347e+00
3.863519351935e-01,1.016632692570e-01,4.065165439340e-01,3.998657006654e+00
3.864518451845e-01,1.016895592155e-01,4.066055886335e-01,3.998498880028e+00
3.865517551755e-01,1.017158491739e-01,4.066946362070e-01,3.998340863395e+00
3.866516651665e-01,1.017421391323e-01,4.067836866555e-01,3.998182956684e+00
3.867515751575e-01,1.017684290908e-01,4.068727399804e-01,3.998025159822e+00
3.868514851485e-01,1.017947190492e-01,4.069617961830e-01,3.997867472736e+00
3.869513951395e-01,1.018210090076e-01,4.070508552646e-01,3.997709895352e+00
3.870513051305e-01,1.018472989661e-01,4.071399172262e-01,3.997552427600e+00
3.871512151215e-01,1.018735889245e-01,4.072289820694e-01,3.997395069405e+00
3.872511251125e-01,1.018998788829e-01,4.073180497952e-01,3.997237820696e+00
3.873510351035e-01,1.019261688414e-01,4.074071204050e-01,3.997080681401e+00
3.874509450945e-01,1.019524587998e-01,4.074961939000e-01,3.996923651447e+00
3.875508550855e-01,1.019787487582e-01,4.075852702815e-01,3.996766730761e+00
3.876507650765e-01,1.020050387167e-01,4.076743495507e-01,3.996609919272e+00
3.877506750675e-01,1.020313286751e-01,4.077634317090e-01,3.996453216908e+00
3.878505850585e-01,1.020576186335e-01,4.078525167575e-01,3.996296623597e+00
3.879504950495e-01,1.020839085919e-01,4.079416046975e-01,3.996140139266e+00
3.880504050405e-01,1.021101985504e-01,4.080306955303e-01,3.995983763845e+00
3.881503150315e-01,1.021364885088e-01,4.081197892571e-01,3.995827497260e+00
3.882502250225e-01,1.021627784672e-01,4.082088858792e-01,3.995671339441e+00
3.883501350135e-01,1.021890684257e-01,4.082979853978e-01,3.995515290315e+00
3.884500450045e-01,1.022153583841e-01,4.083870878143e-01,3.995359349811e+00
3.885499549955e-01,1.022416483425e-01,4.084761931298e-01,3.995203517858e+00
3.886498649865e-01,1.022679383010e-01,4.085653013456e-01,3.995047794384e+00
3.887497749775e-01,1.022942282594e-01,4.086544124629e-01,3.994892179318e+00
3.888496849685e-01,1.023205182178e-01,4.087435264831e-01,3.994736672588e+00
3.889495949595e-01,1.023468081763e-01,4.088326434073e-01,3.994581274124e+00
3.890495049505e-01,1.023730981347e-01,4.089217632368e-01,3.994425983853e+00
3.891494149415e-01,1.023993880931e-01,4.090108859729e-01,3.994270801706e+00
3.892493249325e-01,1.024256780516e-01,4.091000116168e-01,3.994115727610e+00
3.893492349235e-01,1.024519680100e-01,4.091891401698e-01,3.993960761495e+00
3.894491449145e-01,1.024782579684e-01,4.092782716331e-01,3.993805903289e+00
3.895490549055e-01,1.025045479269e-01,4.093674060080e-01,3.993651152924e+00
3.896489648965e-01,1.025308378853e-01,4.094565432957e-01,3.993496510326e+00
3.897488748875e-01,1.025571278437e-01,4.095456834975e-01,3.993341975426e+00
3.898487848785e-01,1.025834178022e-01,4.096348266146e-01,3.993187548153e+00
3.899486948695e-01,1.026097077606e-01,4.097239726482e-01,3.993033228436e+00
3.900486048605e-01,1.026359977190e-01,4.098131215996e-01,3.992879016206e+00
3.901485148515e-01,1.026622876775e-01,4.099022734701e-01,3.992724911391e+00
3.902484248425e-01,1.026885776359e-01,4.099914282609e-01,3.992570913921e+00
3.903483348335e-01,1.027148675943e-01,4.100805859733e-01,3.992417023726e+00
3.904482448245e-01,1.027411575528e-01,4.101697466084e-01,3.992263240735e+00
3.905481548155e-01,1.027674475112e-01,4.102589101676e-01,3.992109564879e+00
3.906480648065e-01,1.027937374696e-01,4.103480766521e-01,3.991955996087e+00
3.907479747975e-01,1.028200274280e-01,4.104372460630e-01,3.991802534290e+00
3.908478847885e-01,1.028463173865e-01,4.105264184018e-01,3.991649179417e+00
3.909477947795e-01,1.028726073449e-01,4.106155936696e-01,3.991495931398e+00
3.910477047705e-01,1.028988973033e-01,4.107047718676e-01,3.991342790164e+00
3.911476147615e-01,1.029251872618e-01,4.107939529971e-01,3.991189755645e+00
3.912475247525e-01,1.029514772202e-01,4.108831370593e-01,3.991036827771e+00
3.913474347435e-01,1.029777671786e-01,4.109723240555e-01,3.990884006473e+00
3.914473447345e-01,1.030040571371e-01,4.110615139870e-01,3.990731291681e+00
3.915472547255e-01,1.030303470955e-01,4.111507068549e-01,3.990578683325e+00
3.916471647165e-01,1.030566370539e-01,4.112399026605e-01,3.990426181336e+00
3.917470747075e-01,1.030829270124e-01,4.113291014050e-01,3.990273785645e+00
3.918469846985e-01,1.031092169708e-01,4.114183030897e-01,3.990121496182e+00
3.919468946895e-01,1.031355069292e-01,4.115075077158e-01,3.989969312879e+00
3.920468046805e-01,1.031617968877e-01,4.115967152846e-01,3.989817235665e+00
3.921467146715e-01,1.031880868461e-01,4.116859257972e-01,3.989665264472e+00
3.922466246625e-01,1.032143768045e-01,4.117751392550e-01,3.989513399231e+00
3.923465346535e-01,1.032406667630e-01,4.118643556591e-01,3.989361639873e+00
3.924464446445e-01,1.032669567214e-01,4.119535750108e-01,3.989209986330e+00
3.925463546355e-01,1.032932466798e-01,4.120427973114e-01,3.989058438531e+00
3.926462646265e-01,1.033195366383e-01,4.121320225620e-01,3.988906996408e+00
3.927461746175e-01,1.033458265967e-01,4.122212507639e-01,3.988755659893e+00
3.928460846085e-01,1.033721165551e-01,4.123104819184e-01,3.988604428918e+00
3.929459945995e-01,1.033984065136e-01,4.123997160266e-01,3.988453303412e+00
3.930459045905e-01,1.034246964720e-01,4.124889530898e-01,3.988302283309e+00
3.931458145815e-01,1.034509864304e-01,4.125781931092e-01,3.988151368539e+00
3.932457245725e-01,1.034772763889e-01,4.126674360861e-01,3.988000559035e+00
3.933456345635e-01,1.035035663473e-01,4.127566820217e-01,3.987849854727e+00
3.934455445545e-01,1.035298563057e-01,4.128459309172e-01,3.987699255547e+00
3.935454545455e-01,1.035561462641e-01,4.129351827739e-01,3.987548761428e+00
3.936453645365e-01,1.035824362226e-01,4.130244375929e-01,3.987398372301e+00
3.937452745275e-01,1.036087261810e-01,4.131136953756e-01,3.987248088099e+00
3.938451845185e-01,1.036350161394e-01,4.132029561231e-01,3.987097908752e+00
3.939450945095e-01,1.036613060979e-01,4.132922198367e-01,3.986947834194e+00
3.940450045005e-01,1.036875960563e-01,4.133814865175e-01,3.986797864356e+00
3.941449144914e-01,1.037138860147e-01,4.134707561669e-01,3.986647999171e+00
3.942448244824e-01,1.037401759732e-01,4.135600287861e-01,3.986498238571e+00
3.943447344734e-01,1.037664659316e-01,4.136493043762e-01,3.986348582488e+00
3.944446444644e-01,1.037927558900e-01,4.137385829386e-01,3.986199030854e+00
3.945445544554e-01,1.038190458485e-01,4.138278644743e-01,3.986049583603e+00
3.946444644464e-01,1.038453358069e-01,4.139171489848e-01,3.985900240666e+00
3.947443744374e-01,1.038716257653e-01,4.140064364711e-01,3.985751001976e+00
3.948442844284e-01,1.038979157238e-01,4.140957269345e-01,3.985601867466e+00
3.949441944194e-01,1.039242056822e-01,4.141850203762e-01,3.985452837069e+00
3.950441044104e-01,1.039504956406e-01,4.142743167975e-01,3.985303910717e+00
3.951440144014e-01,1.039767855991e-01,4.143636161996e-01,3.985155088343e+00
3.952439243924e-01,1.040030755575e-01,4.144529185837e-01,3.985006369880e+00
3.953438343834e-01,1.040293655159e-01,4.145422239510e-01,3.984857755261e+00
3.954437443744e-01,1.040556554744e-01,4.146315323027e-01,3.984709244419e+00
3.955436543654e-01,1.040819454328e-01,4.147208436401e-01,3.984560837287e+00
3.956435643564e-01,1.041082353912e-01,4.148101579644e-01,3.984412533798e+00
3.957434743474e-01,1.041345253497e-01,4.148994752768e-01,3.984264333886e+00
3.958433843384e-01,1.041608153081e-01,4.149887955785e-01,3.984116237484e+00
3.959432943294e-01,1.041871052665e-01,4.150781188708e-01,3.983968244525e+00
3.960432043204e-01,1.042133952250e-01,4.151674451548e-01,3.983820354942e+00
3.961431143114e-01,1.042396851834e-01,4.152567744318e-01,3.983672568669e+00
3.962430243024e-01,1.042659751418e-01,4.153461067030e-01,3.983524885640e+00
3.963429342934e-01,1.042922651002e-01,4.154354419696e-01,3.983377305788e+00
3.964428442844e-01,1.043185550587e-01,4.155247802328e-01,3.983229829047e+00
3.965427542754e-01,1.043448450171e-01,4.156141214939e-01,3.983082455350e+00
3.966426642664e-01,1.043711349755e-01,4.157034657541e-01,3.982935184632e+00
3.967425742574e-01,1.043974249340e-01,4.157928130145e-01,3.982788016826e+00
3.968424842484e-01,1.044237148924e-01,4.158821632765e-01,3.982640951866e+00
3.969423942394e-01,1.044500048508e-01,4.159715165411e-01,3.982493989686e+00
3.970423042304e-01,1.044762948093e-01,4.160608728097e-01,3.982347130220e+00
3.971422142214e-01,1.045025847677e-01,4.161502320834e-01,3.982200373402e+00
3.972421242124e-01,1.045288747261e-01,4.162395943635e-01,3.982053719167e+00
3.973420342034e-01,1.045551646846e-01,4.163289596511e-01,3.981907167448e+00
3.974419441944e-01,1.045814546430e-01,4.164183279476e-01,3.981760718179e+00
3.975418541854e-01,1.046077446014e-01,4.165076992540e-01,3.981614371296e+00
3.976417641764e-01,1.046340345599e-01,4.165970735716e-01,3.981468126733e+00
3.977416741674e-01,1.046603245183e-01,4.166864509016e-01,3.981321984424e+00
3.978415841584e-01,1.046866144767e-01,4.167758312453e-01,3.981175944303e+00
3.979414941494e-01,1.047129044352e-01,4.168652146038e-01,3.981030006305e+00
3.980414041404e-01,1.047391943936e-01,4.169546009783e-01,3.980884170366e+00
3.981413141314e-01,1.047654843520e-01,4.170439903701e-01,3.980738436418e+00
3.982412241224e-01,1.047917743105e-01,4.171333827803e-01,3.980592804398e+00
3.983411341134e-01,1.048180642689e-01,4.172227782103e-01,3.980447274240e+00
3.984410441044e-01,1.048443542273e-01,4.173121766611e-01,3.980301845880e+00
3.985409540954e-01,1.048706441858e-01,4.174015781340e-01,3.980156519251e+00
3.986408640864e-01,1.048969341442e-01,4.174909826302e-01,3.980011294289e+00
3.987407740774e-01,1.049232241026e-01,4.175803901509e-01,3.979866170929e+00
3.988406840684e-01,1.049495140611e-01,4.176698006973e-01,3.979721149107e+00
3.989405940594e-01,1.049758040195e-01,4.177592142706e-01,3.979576228757e+00
3.990405040504e-01,1.050020939779e-01,4.178486308720e-01,3.979431409815e+00
3.991404140414e-01,1.050283839363e-01,4.179380505028e-01,3.979286692215e+00
3.992403240324e-01,1.050546738948e-01,4.180274731641e-01,3.979142075894e+00
3.993402340234e-01,1.050809638532e-01,4.181168988571e-01,3.978997560787e+00
3.994401440144e-01,1.051072538116e-01,4.182063275831e-01,3.978853146830e+00
3.995400540054e-01,1.051335437701e-01,4.182957593432e-01,3.978708833957e+00
3.996399639964e-01,1.051598337285e-01,4.183851941386e-01,3.978564622105e+00
3.997398739874e-01,1.051861236869e-01,4.184746319706e-01,3.978420511209e+00
3.998397839784e-01,1.052124136454e-01,4.185640728404e-01,3.978276501205e+00
3.999396939694e-01,1.052387036038e-01,4.186535167491e-01,3.978132592028e+00
4.000396039604e-01,1.052649935622e-01,4.187429636980e-01,3.977988783616e+00
4.001395139514e-01,1.052912835207e-01,4.188324136882e-01,3.977845075903e+00
4.002394239424e-01,1.053175734791e-01,4.189218667209e-01,3.977701468825e+00
4.003393339334e-01,1.053438634375e-01,4.190113227975e-01,3.977557962319e+00
4.004392439244e-01,1.053701533960e-01,4.191007819189e-01,3.977414556321e+00
4.005391539154e-01,1.053964433544e-01,4.191902440865e-01,3.977271250767e+00
4.006390639064e-01,1.054227333128e-01,4.192797093015e-01,3.977128045593e+00
4.007389738974e-01,1.054490232713e-01,4.193691775650e-01,3.976984940735e+00
4.008388838884e-01,1.054753132297e-01,4.194586488783e-01,3.976841936130e+00
4.009387938794e-01,1.055016031881e-01,4.195481232425e-01,3.976699031714e+00
4.010387038704e-01,1.055278931466e-01,4.196376006589e-01,3.976556227424e+00
4.011386138614e-01,1.055541831050e-01,4.197270811286e-01,3.976413523196e+00
4.012385238524e-01,1.055804730634e-01,4.198165646528e-01,3.976270918967e+00
4.013384338434e-01,1.056067630219e-01,4.199060512328e-01,3.976128414672e+00
4.014383438344e-01,1.056330529803e-01,4.199955408697e-01,3.975986010250e+00
4.015382538254e-01,1.056593429387e-01,4.200850335647e-01,3.975843705637e+00
4.016381638164e-01,1.056856328972e-01,4.201745293190e-01,3.975701500770e+00
4.017380738074e-01,1.057119228556e-01,4.202640281338e-01,3.975559395584e+00
4.018379837984e-01,1.057382128140e-01,4.203535300103e-01,3.975417390019e+00
4.019378937894e-01,1.057645027724e-01,4.204430349498e-01,3.975275484010e+00
4.020378037804e-01,1.057907927309e-01,4.205325429533e-01,3.975133677494e+00
4.021377137714e-01,1.058170826893e-01,4.206220540221e-01,3.974991970409e+00
4.022376237624e-01,1.058433726477e-01,4.207115681574e-01,3.974850362691e+00
4.023375337534e-01,1.058696626062e-01,4.208010853603e-01,3.974708854279e+00
4.024374437444e-01,1.058959525646e-01,4.208906056321e-01,3.974567445109e+00
4.025373537354e-01,1.059222425230e-01,4.209801289739e-01,3.974426135118e+00
4.026372637264e-01,1.059485324815e-01,4.210696553870e-01,3.974284924245e+00
4.027371737174e-01,1.059748224399e-01,4.211591848725e-01,3.974143812426e+00
4.028370837084e-01,1.060011123983e-01,4.212487174316e-01,3.974002799599e+00
4.029369936994e-01,1.060274023568e-01,4.213382530655e-01,3.973861885702e+00
4.030369036904e-01,1.060536923152e-01,4.214277917754e-01,3.973721070671e+00
4.031368136814e-01,1.060799822736e-01,4.215173335625e-01,3.973580354446e+00
4.032367236724e-01,1.061062722321e-01,4.216068784280e-01,3.973439736964e+00
4.033366336634e-01,1.061325621905e-01,4.216964263730e-01,3.973299218162e+00
4.034365436544e-01,1.061588521489e-01,4.217859773988e-01,3.973158797978e+00
4.035364536454e-01,1.061851421074e-01,4.218755315065e-01,3.973018476351e+00
4.036363636364e-01,1.062114320658e-01,4.219650886973e-01,3.972878253217e+00
4.037362736274e-01,1.062377220242e-01,4.220546489724e-01,3.972738128517e+00
4.038361836184e-01,1.062640119827e-01,4.221442123330e-01,3.972598102186e+00
4.039360936094e-01,1.062903019411e-01,4.222337787803e-01,3.972458174164e+00
4.040360036004e-01,1.063165918995e-01,4.223233483154e-01,3.972318344389e+00
4.041359135914e-01,1.063428818580e-01,4.224129209396e-01,3.972178612799e+00
4.042358235824e-01,1.063691718164e-01,4.225024966540e-01,3.972038979332e+00
4.043357335734e-01,1.063954617748e-01,4.225920754598e-01,3.971899443927e+00
4.044356435644e-01,1.064217517333e-01,4.226816573582e-01,3.971760006522e+00
4.045355535554e-01,1.064480416917e-01,4.227712423504e-01,3.971620667056e+00
4.046354635464e-01,1.064743316501e-01,4.228608304375e-01,3.971481425467e+00
4.047353735374e-01,1.065006216085e-01,4.229504216208e-01,3.971342281694e+00
4.048352835284e-01,1.065269115670e-01,4.230400159013e-01,3.971203235676e+00
4.049351935194e-01,1.065532015254e-01,4.231296132804e-01,3.971064287351e+00
4.050351035104e-01,1.065794914838e-01,4.232192137592e-01,3.970925436657e+00
4.051350135014e-01,1.066057814423e-01,4.233088173388e-01,3.970786683535e+00
4.052349234923e-01,1.066320714007e-01,4.233984240205e-01,3.970648027923e+00
4.053348334833e-01,1.066583613591e-01,4.234880338054e-01,3.970509469759e+00
4.054347434743e-01,1.066846513176e-01,4.235776466947e-01,3.970371008983e+00
4.055346534653e-01,1.067109412760e-01,4.236672626896e-01,3.970232645533e+00
4.056345634563e-01,1.067372312344e-01,4.237568817912e-01,3.970094379350e+00
4.057344734473e-01,1.067635211929e-01,4.238465040008e-01,3.969956210372e+00
4.058343834383e-01,1.067898111513e-01,4.239361293194e-01,3.969818138538e+00
4.059342934293e-01,1.068161011097e-01,4.240257577484e-01,3.969680163787e+00
4.060342034203e-01,1.068423910682e-01,4.241153892888e-01,3.969542286060e+00
4.061341134113e-01,1.068686810266e-01,4.242050239419e-01,3.969404505295e+00
4.062340234023e-01,1.068949709850e-01,4.242946617088e-01,3.969266821432e+00
4.063339333933e-01,1.069212609435e-01,4.243843025906e-01,3.969129234410e+00
4.064338433843e-01,1.069475509019e-01,4.244739465887e-01,3.968991744169e+00
4.065337533753e-01,1.069738408603e-01,4.245635937041e-01,3.968854350648e+00
4.066336633663e-01,1.070001308188e-01,4.246532439380e-01,3.968717053788e+00
4.067335733573e-01,1.070264207772e-01,4.247428972915e-01,3.968579853528e+00
4.068334833483e-01,1.070527107356e-01,4.248325537660e-01,3.968442749807e+00
4.069333933393e-01,1.070790006941e-01,4.249222133625e-01,3.968305742566e+00
4.070333033303e-01,1.071052906525e-01,4.250118760822e-01,3.968168831745e+00
4.071332133213e-01,1.071315806109e-01,4.251015419263e-01,3.968032017283e+00
4.072331233123e-01,1.071578705694e-01,4.251912108959e-01,3.967895299120e+00
4.073330333033e-01,1.071841605278e-01,4.252808829922e-01,3.967758677197e+00
4.074329432943e-01,1.072104504862e-01,4.253705582165e-01,3.967622151454e+00
4.075328532853e-01,1.072367404446e-01,4.254602365698e-01,3.967485721831e+00
4.076327632763e-01,1.072630304031e-01,4.255499180533e-01,3.967349388267e+00
4.077326732673e-01,1.072893203615e-01,4.256396026683e-01,3.967213150704e+00
4.078325832583e-01,1.073156103199e-01,4.257292904158e-01,3.967077009082e+00
4.079324932493e-01,1.073419002784e-01,4.258189812971e-01,3.966940963341e+00
4.080324032403e-01,1.073681902368e-01,4.259086753133e-01,3.966805013421e+00
4.081323132313e-01,1.073944801952e-01,4.259983724656e-01,3.966669159263e+00
4.082322232223e-01,1.074207701537e-01,4.260880727551e-01,3.966533400808e+00
4.083321332133e-01,1.074470601121e-01,4.261777761830e-01,3.966397737997e+00
4.084320432043e-01,1.074733500705e-01,4.262674827506e-01,3.966262170769e+00
4.085319531953e-01,1.074996400290e-01,4.263571924589e-01,3.966126699066e+00
4.086318631863e-01,1.075259299874e-01,4.264469053090e-01,3.965991322828e+00
4.087317731773e-01,1.075522199458e-01,4.265366213023e-01,3.965856041997e+00
4.088316831683e-01,1.075785099043e-01,4.266263404399e-01,3.965720856512e+00
4.089315931593e-01,1.076047998627e-01,4.267160627228e-01,3.965585766316e+00
4.090315031503e-01,1.076310898211e-01,4.268057881523e-01,3.965450771349e+00
4.091314131413e-01,1.076573797796e-01,4.268955167296e-01,3.965315871552e+00
4.092313231323e-01,1.076836697380e-01,4.269852484558e-01,3.965181066867e+00
4.093312331233e-01,1.077099596964e-01,4.270749833321e-01,3.965046357233e+00
4.094311431143e-01,1.077362496549e-01,4.271647213596e-01,3.964911742594e+00
4.095310531053e-01,1.077625396133e-01,4.272544625394e-01,3.964777222889e+00
4.096309630963e-01,1.077888295717e-01,4.273442068729e-01,3.964642798061e+00
4.097308730873e-01,1.078151195302e-01,4.274339543611e-01,3.964508468050e+00
4.098307830783e-01,1.078414094886e-01,4.275237050051e-01,3.964374232798e+00
4.099306930693e-01,1.078676994470e-01,4.276134588063e-01,3.964240092247e+00
4.100306030603e-01,1.078939894054e-01,4.277032157656e-01,3.964106046337e+00
4.101305130513e-01,1.079202793639e-01,4.277929758843e-01,3.963972095012e+00
4.102304230423e-01,1.079465693223e-01,4.278827391635e-01,3.963838238211e+00
4.103303330333e-01,1.079728592807e-01,4.279725056044e-01,3.963704475878e+00
4.104302430243e-01,1.079991492392e-01,4.280622752082e-01,3.963570807953e+00
4.105301530153e-01,1.080254391976e-01,4.281520479760e-01,3.963437234379e+00
4.106300630063e-01,1.080517291560e-01,4.282418239089e-01,3.963303755098e+00
4.107299729973e-01,1.080780191145e-01,4.283316030082e-01,3.963170370050e+00
4.108298829883e-01,1.081043090729e-01,4.284213852750e-01,3.963037079179e+00
4.109297929793e-01,1.081305990313e-01,4.285111707104e-01,3.962903882426e+00
4.110297029703e-01,1.081568889898e-01,4.286009593156e-01,3.962770779734e+00
4.111296129613e-01,1.081831789482e-01,4.286907510917e-01,3.962637771044e+00
4.112295229523e-01,1.082094689066e-01,4.287805460400e-01,3.962504856299e+00
4.113294329433e-01,1.082357588651e-01,4.288703441616e-01,3.962372035440e+00
4.114293429343e-01,1.082620488235e-01,4.289601454576e-01,3.962239308411e+00
4.115292529253e-01,1.082883387819e-01,4.290499499291e-01,3.962106675153e+00
4.116291629163e-01,1.083146287404e-01,4.291397575774e-01,3.961974135609e+00
4.117290729073e-01,1.083409186988e-01,4.292295684036e-01,3.961841689722e+00
4.118289828983e-01,1.083672086572e-01,4.293193824089e-01,3.961709337433e+00
4.119288928893e-01,1.083934986157e-01,4.294091995943e-01,3.961577078685e+00
4.120288028803e-01,1.084197885741e-01,4.294990199611e-01,3.961444913422e+00
4.121287128713e-01,1.084460785325e-01,4.295888435104e-01,3.961312841585e+00
4.122286228623e-01,1.084723684910e-01,4.296786702434e-01,3.961180863117e+00
4.123285328533e-01,1.084986584494e-01,4.297685001612e-01,3.961048977962e+00
4.124284428443e-01,1.085249484078e-01,4.298583332649e-01,3.960917186061e+00
4.125283528353e-01,1.085512383663e-01,4.299481695558e-01,3.960785487358e+00
4.126282628263e-01,1.085775283247e-01,4.300380090350e-01,3.960653881796e+00
4.127281728173e-01,1.086038182831e-01,4.301278517035e-01,3.960522369317e+00
4.128280828083e-01,1.086301082415e-01,4.302176975627e-01,3.960390949865e+00
4.129279927993e-01,1.086563982000e-01,4.303075466136e-01,3.960259623383e+00
4.130279027903e-01,1.086826881584e-01,4.303973988573e-01,3.960128389813e+00
4.131278127813e-01,1.087089781168e-01,4.304872542951e-01,3.959997249099e+00
4.132277227723e-01,1.087352680753e-01,4.305771129280e-01,3.959866201184e+00
4.133276327633e-01,1.087615580337e-01,4.306669747573e-01,3.959735246012e+00
4.134275427543e-01,1.087878479921e-01,4.307568397840e-01,3.959604383526e+00
4.135274527453e-01,1.088141379506e-01,4.308467080094e-01,3.959473613669e+00
4.136273627363e-01,1.088404279090e-01,4.309365794345e-01,3.959342936384e+00
4.137272727273e-01,1.088667178674e-01,4.310264540606e-01,3.959212351615e+00
4.138271827183e-01,1.088930078259e-01,4.311163318887e-01,3.959081859306e+00
4.139270927093e-01,1.089192977843e-01,4.312062129200e-01,3.958951459400e+00
4.140270027003e-01,1.089455877427e-01,4.312960971557e-01,3.958821151841e+00
4.141269126913e-01,1.089718777012e-01,4.313859845969e-01,3.958690936572e+00
4.142268226823e-01,1.089981676596e-01,4.314758752447e-01,3.958560813538e+00
4.143267326733e-01,1.090244576180e-01,4.315657691003e-01,3.958430782681e+00
4.144266426643e-01,1.090507475765e-01,4.316556661649e-01,3.958300843946e+00
4.145265526553e-01,1.090770375349e-01,4.317455664396e-01,3.958170997277e+00
4.146264626463e-01,1.091033274933e-01,4.318354699254e-01,3.958041242618e+00
4.147263726373e-01,1.091296174518e-01,4.319253766237e-01,3.957911579912e+00
4.148262826283e-01,1.091559074102e-01,4.320152865355e-01,3.957782009104e+00
4.149261926193e-01,1.091821973686e-01,4.321051996619e-01,3.957652530138e+00
4.150261026103e-01,1.092084873271e-01,4.321951160042e-01,3.957523142957e+00
4.151260126013e-01,1.092347772855e-01,4.322850355634e-01,3.957393847507e+00
4.152259225923e-01,1.092610672439e-01,4.323749583406e-01,3.957264643731e+00
4.153258325833e-01,1.092873572024e-01,4.324648843372e-01,3.957135531573e+00
4.154257425743e-01,1.093136471608e-01,4.325548135541e-01,3.957006510979e+00
4.155256525653e-01,1.093399371192e-01,4.326447459925e-01,3.956877581892e+00
4.156255625563e-01,1.093662270776e-01,4.327346816535e-01,3.956748744256e+00
4.157254725473e-01,1.093925170361e-01,4.328246205384e-01,3.956619998017e+00
4.158253825383e-01,1.094188069945e-01,4.329145626482e-01,3.956491343119e+00
4.159252925293e-01,1.094450969529e-01,4.330045079841e-01,3.956362779506e+00
4.160252025203e-01,1.094713869114e-01,4.330944565472e-01,3.956234307123e+00
4.161251125113e-01,1.094976768698e-01,4.331844083386e-01,3.956105925916e+00
4.162250225023e-01,1.095239668282e-01,4.332743633596e-01,3.955977635827e+00
4.163249324932e-01,1.095502567867e-01,4.333643216112e-01,3.955849436803e+00
4.164248424842e-01,1.095765467451e-01,4.334542830945e-01,3.955721328788e+00
4.165247524752e-01,1.096028367035e-01,4.335442478108e-01,3.955593311727e+00
4.166246624662e-01,1.096291266620e-01,4.336342157611e-01,3.955465385565e+00
4.167245724572e-01,1.096554166204e-01,4.337241869466e-01,3.955337550247e+00
4.168244824482e-01,1.096817065788e-01,4.338141613685e-01,3.955209805718e+00
4.169243924392e-01,1.097079965373e-01,4.339041390278e-01,3.955082151923e+00
4.170243024302e-01,1.097342864957e-01,4.339941199257e-01,3.954954588807e+00
4.171242124212e-01,1.097605764541e-01,4.340841040633e-01,3.954827116316e+00
4.172241224122e-01,1.097868664126e-01,4.341740914418e-01,3.954699734395e+00
4.173240324032e-01,1.098131563710e-01,4.342640820623e-01,3.954572442988e+00
4.174239423942e-01,1.098394463294e-01,4.343540759259e-01,3.954445242042e+00
4.175238523852e-01,1.098657362879e-01,4.344440730338e-01,3.954318131501e+00
4.176237623762e-01,1.098920262463e-01,4.345340733871e-01,3.954191111312e+00
4.177236723672e-01,1.099183162047e-01,4.346240769870e-01,3.954064181419e+00
4.178235823582e-01,1.099446061632e-01,4.347140838345e-01,3.953937341768e+00
4.179234923492e-01,1.099708961216e-01,4.348040939308e-01,3.953810592305e+00
4.180234023402e-01,1.099971860800e-01,4.348941072771e-01,3.953683932976e+00
4.181233123312e-01,1.100234760385e-01,4.349841238745e-01,3.953557363725e+00
4.182232223222e-01,1.100497659969e-01,4.350741437240e-01,3.953430884500e+00
4.183231323132e-01,1.100760559553e-01,4.351641668269e-01,3.953304495244e+00
4.184230423042e-01,1.101023459137e-01,4.352541931843e-01,3.953178195906e+00
4.185229522952e-01,1.101286358722e-01,4.353442227973e-01,3.953051986429e+00
4.186228622862e-01,1.101549258306e-01,4.354342556670e-01,3.952925866761e+00
4.187227722772e-01,1.101812157890e-01,4.355242917945e-01,3.952799836847e+00
4.188226822682e-01,1.102075057475e-01,4.356143311811e-01,3.952673896633e+00
4.189225922592e-01,1.102337957059e-01,4.357043738278e-01,3.952548046066e+00
4.190225022502e-01,1.102600856643e-01,4.357944197357e-01,3.952422285090e+00
4.191224122412e-01,1.102863756228e-01,4.358844689060e-01,3.952296613654e+00
4.192223222322e-01,1.103126655812e-01,4.359745213399e-01,3.952171031702e+00
4.193222322232e-01,1.103389555396e-01,4.360645770383e-01,3.952045539181e+00
4.194221422142e-01,1.103652454981e-01,4.361546360026e-01,3.951920136038e+00
4.195220522052e-01,1.103915354565e-01,4.362446982337e-01,3.951794822218e+00
4.196219621962e-01,1.104178254149e-01,4.363347637329e-01,3.951669597669e+00
4.197218721872e-01,1.104441153734e-01,4.364248325012e-01,3.951544462336e+00
4.198217821782e-01,1.104704053318e-01,4.365149045398e-01,3.951419416166e+00
4.199216921692e-01,1.104966952902e-01,4.366049798498e-01,3.951294459105e+00
4.200216021602e-01,1.105229852487e-01,4.366950584323e-01,3.951169591102e+00
4.201215121512e-01,1.105492752071e-01,4.367851402885e-01,3.951044812100e+00
4.202214221422e-01,1.105755651655e-01,4.368752254194e-01,3.950920122049e+00
4.203213321332e-01,1.106018551240e-01,4.369653138263e-01,3.950795520894e+00
4.204212421242e-01,1.106281450824e-01,4.370554055102e-01,3.950671008582e+00
4.205211521152e-01,1.106544350408e-01,4.371455004723e-01,3.950546585060e+00
4.206210621062e-01,1.106807249993e-01,4.372355987136e-01,3.950422250275e+00
4.207209720972e-01,1.107070149577e-01,4.373257002354e-01,3.950298004174e+00
4.208208820882e-01,1.107333049161e-01,4.374158050387e-01,3.950173846703e+00
4.209207920792e-01,1.107595948746e-01,4.375059131246e-01,3.950049777811e+00
4.210207020702e-01,1.107858848330e-01,4.375960244943e-01,3.949925797443e+00
4.211206120612e-01,1.108121747914e-01,4.376861391490e-01,3.949801905547e+00
4.212205220522e-01,1.108384647498e-01,4.377762570896e-01,3.949678102071e+00
4.213204320432e-01,1.108647547083e-01,4.378663783174e-01,3.949554386961e+00
4.214203420342e-01,1.108910446667e-01,4.379565028335e-01,3.949430760164e+00
4.215202520252e-01,1.109173346251e-01,4.380466306389e-01,3.949307221629e+00
4.216201620162e-01,1.109436245836e-01,4.381367617349e-01,3.949183771302e+00
4.217200720072e-01,1.109699145420e-01,4.382268961224e-01,3.949060409131e+00
4.218199819982e-01,1.109962045004e-01,4.383170338028e-01,3.948937135063e+00
4.219198919892e-01,1.110224944589e-01,4.384071747770e-01,3.948813949045e+00
4.220198019802e-01,1.110487844173e-01,4.384973190462e-01,3.948690851026e+00
4.221197119712e-01,1.110750743757e-01,4.385874666115e-01,3.948567840953e+00
4.222196219622e-01,1.111013643342e-01,4.386776174741e-01,3.948444918774e+00
4.223195319532e-01,1.111276542926e-01,4.387677716350e-01,3.948322084435e+00
4.224194419442e-01,1.111539442510e-01,4.388579290953e-01,3.948199337886e+00
4.225193519352e-01,1.111802342095e-01,4.389480898563e-01,3.948076679073e+00
4.226192619262e-01,1.112065241679e-01,4.390382539190e-01,3.947954107945e+00
4.227191719172e-01,1.112328141263e-01,4.391284212845e-01,3.947831624450e+00
4.228190819082e-01,1.112591040848e-01,4.392185919539e-01,3.947709228534e+00
4.229189918992e-01,1.112853940432e-01,4.393087659284e-01,3.947586920147e+00
4.230189018902e-01,1.113116840016e-01,4.393989432090e-01,3.947464699237e+00
4.231188118812e-01,1.113379739601e-01,4.394891237970e-01,3.947342565751e+00
4.232187218722e-01,1.113642639185e-01,4.395793076934e-01,3.947220519637e+00
4.233186318632e-01,1.113905538769e-01,4.396694948992e-01,3.947098560844e+00
4.234185418542e-01,1.114168438354e-01,4.397596854158e-01,3.946976689320e+00
4.235184518452e-01,1.114431337938e-01,4.398498792440e-01,3.946854905013e+00
4.236183618362e-01,1.114694237522e-01,4.399400763852e-01,3.946733207872e+00
4.237182718272e-01,1.114957137107e-01,4.400302768403e-01,3.946611597844e+00
4.238181818182e-01,1.115220036691e-01,4.401204806106e-01,3.946490074878e+00
4.239180918092e-01,1.115482936275e-01,4.402106876970e-01,3.946368638923e+00
4.240180018002e-01,1.115745835859e-01,4.403008981008e-01,3.946247289927e+00
4.241179117912e-01,1.116008735444e-01,4.403911118230e-01,3.946126027839e+00
4.242178217822e-01,1.116271635028e-01,4.404813288648e-01,3.946004852607e+00
4.243177317732e-01,1.116534534612e-01,4.405715492272e-01,3.945883764179e+00
4.244176417642e-01,1.116797434197e-01,4.406617729115e-01,3.945762762505e+00
4.245175517552e-01,1.117060333781e-01,4.407519999186e-01,3.945641847533e+00
4.246174617462e-01,1.117323233365e-01,4.408422302497e-01,3.945521019212e+00
4.247173717372e-01,1.117586132950e-01,4.409324639059e-01,3.945400277490e+00
4.248172817282e-01,1.117849032534e-01,4.410227008884e-01,3.945279622317e+00
4.249171917192e-01,1.118111932118e-01,4.411129411982e-01,3.945159053642e+00
4.250171017102e-01,1.118374831703e-01,4.412031848364e-01,3.945038571413e+00
4.251170117012e-01,1.118637731287e-01,4.412934318042e-01,3.944918175579e+00
4.252169216922e-01,1.118900630871e-01,4.413836821027e-01,3.944797866089e+00
4.253168316832e-01,1.119163530456e-01,4.414739357330e-01,3.944677642893e+00
4.254167416742e-01,1.119426430040e-01,4.415641926961e-01,3.944557505939e+00
4.255166516652e-01,1.119689329624e-01,4.416544529932e-01,3.944437455177e+00
4.256165616562e-01,1.119952229209e-01,4.417447166255e-01,3.944317490556e+00
4.257164716472e-01,1.120215128793e-01,4.418349835940e-01,3.944197612025e+00
4.258163816382e-01,1.120478028377e-01,4.419252538998e-01,3.944077819534e+00
4.259162916292e-01,1.120740927962e-01,4.420155275440e-01,3.943958113031e+00
4.260162016202e-01,1.121003827546e-01,4.421058045277e-01,3.943838492466e+00
4.261161116112e-01,1.121266727130e-01,4.421960848522e-01,3.943718957789e+00
4.262160216022e-01,1.121529626715e-01,4.422863685183e-01,3.943599508949e+00
4.263159315932e-01,1.121792526299e-01,4.423766555274e-01,3.943480145896e+00
4.264158415842e-01,1.122055425883e-01,4.424669458804e-01,3.943360868578e+00
4.265157515752e-01,1.122318325468e-01,4.425572395784e-01,3.943241676947e+00
4.266156615662e-01,1.122581225052e-01,4.426475366227e-01,3.943122570950e+00
4.267155715572e-01,1.122844124636e-01,4.427378370142e-01,3.943003550539e+00
4.268154815482e-01,1.123107024220e-01,4.428281407542e-01,3.942884615663e+00
4.269153915392e-01,1.123369923805e-01,4.429184478436e-01,3.942765766271e+00
4.270153015302e-01,1.123632823389e-01,4.430087582836e-01,3.942647002314e+00
4.271152115212e-01,1.123895722973e-01,4.430990720754e-01,3.942528323741e+00
4.272151215122e-01,1.124158622558e-01,4.431893892199e-01,3.942409730502e+00
4.273150315032e-01,1.124421522142e-01,4.432797097184e-01,3.942291222547e+00
4.274149414941e-01,1.124684421726e-01,4.433700335719e-01,3.942172799827e+00
4.275148514851e-01,1.124947321311e-01,4.434603607815e-01,3.942054462291e+00
4.276147614761e-01,1.125210220895e-01,4.435506913483e-01,3.941936209889e+00
4.277146714671e-01,1.125473120479e-01,4.436410252735e-01,3.941818042572e+00
4.278145814581e-01,1.125736020064e-01,4.437313625581e-01,3.941699960289e+00
4.279144914491e-01,1.125998919648e-01,4.438217032032e-01,3.941581962991e+00
4.280144014401e-01,1.126261819232e-01,4.439120472100e-01,3.941464050629e+00
4.281143114311e-01,1.126524718817e-01,4.440023945795e-01,3.941346223152e+00
4.282142214221e-01,1.126787618401e-01,4.440927453128e-01,3.941228480510e+00
4.283141314131e-01,1.127050517985e-01,4.441830994111e-01,3.941110822655e+00
4.284140414041e-01,1.127313417570e-01,4.442734568754e-01,3.940993249537e+00
4.285139513951e-01,1.127576317154e-01,4.443638177069e-01,3.940875761106e+00
4.286138613861e-01,1.127839216738e-01,4.444541819066e-01,3.940758357312e+00
4.287137713771e-01,1.128102116323e-01,4.445445494756e-01,3.940641038107e+00
4.288136813681e-01,1.128365015907e-01,4.446349204151e-01,3.940523803441e+00
4.289135913591e-01,1.128627915491e-01,4.447252947262e-01,3.940406653264e+00
4.290135013501e-01,1.128890815076e-01,4.448156724098e-01,3.940289587528e+00
4.291134113411e-01,1.129153714660e-01,4.449060534672e-01,3.940172606183e+00
4.292133213321e-01,1.129416614244e-01,4.449964378995e-01,3.940055709179e+00
4.293132313231e-01,1.129679513829e-01,4.450868257076e-01,3.939938896468e+00
4.294131413141e-01,1.129942413413e-01,4.451772168928e-01,3.939822168001e+00
4.295130513051e-01,1.130205312997e-01,4.452676114562e-01,3.939705523728e+00
4.296129612961e-01,1.130468212581e-01,4.453580093987e-01,3.939588963601e+00
4.297128712871e-01,1.130731112166e-01,4.454484107216e-01,3.939472487570e+00
4.298127812781e-01,1.130994011750e-01,4.455388154259e-01,3.939356095586e+00
4.299126912691e-01,1.131256911334e-01,4.456292235128e-01,3.939239787601e+00
4.300126012601e-01,1.131519810919e-01,4.457196349832e-01,3.939123563566e+00
4.301125112511e-01,1.131782710503e-01,4.458100498384e-01,3.939007423432e+00
4.302124212421e-01,1.132045610087e-01,4.459004680793e-01,3.938891367150e+00
4.303123312331e-01,1.132308509672e-01,4.459908897072e-01,3.938775394672e+00
4.304122412241e-01,1.132571409256e-01,4.460813147231e-01,3.938659505948e+00
4.305121512151e-01,1.132834308840e-01,4.461717431280e-01,3.938543700930e+00
4.306120612061e-01,1.133097208425e-01,4.462621749232e-01,3.938427979569e+00
4.307119711971e-01,1.133360108009e-01,4.463526101096e-01,3.938312341818e+00
4.308118811881e-01,1.133623007593e-01,4.464430486884e-01,3.938196787627e+00
4.309117911791e-01,1.133885907178e-01,4.465334906607e-01,3.938081316948e+00
4.310117011701e-01,1.134148806762e-01,4.466239360275e-01,3.937965929732e+00
4.311116111611e-01,1.134411706346e-01,4.467143847900e-01,3.937850625932e+00
4.312115211521e-01,1.134674605931e-01,4.468048369492e-01,3.937735405498e+00
4.313114311431e-01,1.134937505515e-01,4.468952925063e-01,3.937620268383e+00
4.314113411341e-01,1.135200405099e-01,4.469857514623e-01,3.937505214537e+00
4.315112511251e-01,1.135463304684e-01,4.470762138184e-01,3.937390243914e+00
4.316111611161e-01,1.135726204268e-01,4.471666795755e-01,3.937275356465e+00
4.317110711071e-01,1.135989103852e-01,4.472571487349e-01,3.937160552141e+00
4.318109810981e-01,1.136252003437e-01,4.473476212976e-01,3.937045830895e+00
4.319108910891e-01,1.136514903021e-01,4.474380972646e-01,3.936931192678e+00
4.320108010801e-01,1.136777802605e-01,4.475285766372e-01,3.936816637443e+00
4.321107110711e-01,1.137040702189e-01,4.476190594163e-01,3.936702165141e+00
4.322106210621e-01,1.137303601774e-01,4.477095456031e-01,3.936587775725e+00
4.323105310531e-01,1.137566501358e-01,4.478000351986e-01,3.936473469147e+00
4.324104410441e-01,1.137829400942e-01,4.478905282040e-01,3.936359245358e+00
4.325103510351e-01,1.138092300527e-01,4.479810246204e-01,3.936245104312e+00
4.326102610261e-01,1.138355200111e-01,4.480715244487e-01,3.936131045960e+00
4.327101710171e-01,1.138618099695e-01,4.481620276901e-01,3.936017070254e+00
4.328100810081e-01,1.138880999280e-01,4.482525343458e-01,3.935903177147e+00
4.329099909991e-01,1.139143898864e-01,4.483430444167e-01,3.935789366592e+00
4.330099009901e-01,1.139406798448e-01,4.484335579041e-01,3.935675638540e+00
4.331098109811e-01,1.139669698033e-01,4.485240748088e-01,3.935561992945e+00
4.332097209721e-01,1.139932597617e-01,4.486145951322e-01,3.935448429758e+00
4.333096309631e-01,1.140195497201e-01,4.487051188752e-01,3.935334948932e+00
4.334095409541e-01,1.140458396786e-01,4.487956460389e-01,3.935221550420e+00
4.335094509451e-01,1.140721296370e-01,4.488861766244e-01,3.935108234174e+00
4.336093609361e-01,1.140984195954e-01,4.489767106328e-01,3.934995000148e+00
4.337092709271e-01,1.141247095539e-01,4.490672480652e-01,3.934881848293e+00
4.338091809181e-01,1.141509995123e-01,4.491577889227e-01,3.934768778562e+00
4.339090909091e-01,1.141772894707e-01,4.492483332063e-01,3.934655790909e+00
4.340090009001e-01,1.142035794292e-01,4.493388809172e-01,3.934542885286e+00
4.341089108911e-01,1.142298693876e-01,4.494294320564e-01,3.934430061646e+00
4.342088208821e-01,1.142561593460e-01,4.495199866250e-01,3.934317319941e+00
4.343087308731e-01,1.142824493045e-01,4.496105446241e-01,3.934204660125e+00
4.344086408641e-01,1.143087392629e-01,4.497011060548e-01,3.934092082151e+00
4.345085508551e-01,1.143350292213e-01,4.497916709182e-01,3.933979585972e+00
4.346084608461e-01,1.143613191798e-01,4.498822392153e-01,3.933867171541e+00
4.347083708371e-01,1.143876091382e-01,4.499728109473e-01,3.933754838810e+00
4.348082808281e-01,1.144138990966e-01,4.500633861152e-01,3.933642587734e+00
4.349081908191e-01,1.144401890550e-01,4.501539647200e-01,3.933530418265e+00
4.350081008101e-01,1.144664790135e-01,4.502445467630e-01,3.933418330356e+00
4.351080108011e-01,1.144927689719e-01,4.503351322451e-01,3.933306323962e+00
4.352079207921e-01,1.145190589303e-01,4.504257211675e-01,3.933194399034e+00
4.353078307831e-01,1.145453488888e-01,4.505163135312e-01,3.933082555527e+00
4.354077407741e-01,1.145716388472e-01,4.506069093373e-01,3.932970793394e+00
4.355076507651e-01,1.145979288056e-01,4.506975085869e-01,3.932859112588e+00
4.356075607561e-01,1.146242187641e-01,4.507881112811e-01,3.932747513062e+00
4.357074707471e-01,1.146505087225e-01,4.508787174210e-01,3.932635994771e+00
4.358073807381e-01,1.146767986809e-01,4.509693270076e-01,3.932524557668e+00
4.359072907291e-01,1.147030886394e-01,4.510599400420e-01,3.932413201707e+00
4.360072007201e-01,1.147293785978e-01,4.511505565253e-01,3.932301926840e+00
4.361071107111e-01,1.147556685562e-01,4.512411764586e-01,3.932190733022e+00
4.362070207021e-01,1.147819585147e-01,4.513317998429e-01,3.932079620207e+00
4.363069306931e-01,1.148082484731e-01,4.514224266794e-01,3.931968588347e+00
4.364068406841e-01,1.148345384315e-01,4.515130569691e-01,3.931857637398e+00
4.365067506751e-01,1.148608283900e-01,4.516036907131e-01,3.931746767313e+00
4.366066606661e-01,1.148871183484e-01,4.516943279125e-01,3.931635978045e+00
4.367065706571e-01,1.149134083068e-01,4.517849685683e-01,3.931525269549e+00
4.368064806481e-01,1.149396982653e-01,4.518756126817e-01,3.931414641779e+00
4.369063906391e-01,1.149659882237e-01,4.519662602536e-01,3.931304094688e+00
4.370063006301e-01,1.149922781821e-01,4.520569112853e-01,3.931193628231e+00
4.371062106211e-01,1.150185681406e-01,4.521475657777e-01,3.931083242361e+00
4.372061206121e-01,1.150448580990e-01,4.522382237320e-01,3.930972937034e+00
4.373060306031e-01,1.150711480574e-01,4.523288851492e-01,3.930862712202e+00
4.374059405941e-01,1.150974380159e-01,4.524195500304e-01,3.930752567821e+00
4.375058505851e-01,1.151237279743e-01,4.525102183767e-01,3.930642503844e+00
4.376057605761e-01,1.151500179327e-01,4.526008901891e-01,3.930532520225e+00
4.377056705671e-01,1.151763078911e-01,4.526915654687e-01,3.930422616920e+00
4.378055805581e-01,1.152025978496e-01,4.527822442167e-01,3.930312793882e+00
4.379054905491e-01,1.152288878080e-01,4.528729264340e-01,3.930203051066e+00
4.380054005401e-01,1.152551777664e-01,4.529636121218e-01,3.930093388426e+00
4.381053105311e-01,1.152814677249e-01,4.530543012811e-01,3.929983805917e+00
4.382052205221e-01,1.153077576833e-01,4.531449939130e-01,3.929874303493e+00
4.383051305131e-01,1.153340476417e-01,4.532356900186e-01,3.929764881108e+00
4.384050405041e-01,1.153603376002e-01,4.533263895989e-01,3.929655538718e+00
4.385049504950e-01,1.153866275586e-01,4.534170926551e-01,3.929546276277e+00
4.386048604860e-01,1.154129175170e-01,4.535077991881e-01,3.929437093739e+00
4.387047704770e-01,1.154392074755e-01,4.535985091992e-01,3.929327991060e+00
4.388046804680e-01,1.154654974339e-01,4.536892226893e-01,3.929218968194e+00
4.389045904590e-01,1.154917873923e-01,4.537799396595e-01,3.929110025096e+00
4.390045004500e-01,1.155180773508e-01,4.538706601109e-01,3.929001161720e+00
4.391044104410e-01,1.155443673092e-01,4.539613840445e-01,3.928892378022e+00
4.392043204320e-01,1.155706572676e-01,4.540521114615e-01,3.928783673957e+00
4.393042304230e-01,1.155969472261e-01,4.541428423630e-01,3.928675049479e+00
4.394041404140e-01,1.156232371845e-01,4.542335767499e-01,3.928566504543e+00
4.395040504050e-01,1.156495271429e-01,4.543243146233e-01,3.928458039105e+00
4.396039603960e-01,1.156758171014e-01,4.544150559844e-01,3.928349653119e+00
4.397038703870e-01,1.157021070598e-01,4.545058008342e-01,3.928241346541e+00
4.398037803780e-01,1.157283970182e-01,4.545965491737e-01,3.928133119325e+00
4.399036903690e-01,1.157546869767e-01,4.546873010041e-01,3.928024971428e+00
4.400036003600e-01,1.157809769351e-01,4.547780563264e-01,3.927916902803e+00
4.401035103510e-01,1.158072668935e-01,4.548688151417e-01,3.927808913407e+00
4.402034203420e-01,1.158335568520e-01,4.549595774510e-01,3.927701003194e+00
4.403033303330e-01,1.158598468104e-01,4.550503432554e-01,3.927593172121e+00
4.404032403240e-01,1.158861367688e-01,4.551411125560e-01,3.927485420141e+00
4.405031503150e-01,1.159124267272e-01,4.552318853539e-01,3.927377747212e+00
4.406030603060e-01,1.159387166857e-01,4.553226616501e-01,3.927270153288e+00
4.407029702970e-01,1.159650066441e-01,4.554134414457e-01,3.927162638324e+00
4.408028802880e-01,1.159912966025e-01,4.555042247418e-01,3.927055202276e+00
4.409027902790e-01,1.160175865610e-01,4.555950115394e-01,3.926947845101e+00
4.410027002700e-01,1.160438765194e-01,4.556858018396e-01,3.926840566753e+00
4.411026102610e-01,1.160701664778e-01,4.557765956435e-01,3.926733367187e+00
4.412025202520e-01,1.160964564363e-01,4.558673929521e-01,3.926626246361e+00
4.413024302430e-01,1.161227463947e-01,4.559581937665e-01,3.926519204228e+00
4.414023402340e-01,1.161490363531e-01,4.560489980878e-01,3.926412240746e+00
4.415022502250e-01,1.161753263116e-01,4.561398059171e-01,3.926305355870e+00
4.416021602160e-01,1.162016162700e-01,4.562306172553e-01,3.926198549556e+00
4.417020702070e-01,1.162279062284e-01,4.563214321036e-01,3.926091821759e+00
4.418019801980e-01,1.162541961869e-01,4.564122504630e-01,3.925985172436e+00
4.419018901890e-01,1.162804861453e-01,4.565030723347e-01,3.925878601542e+00
4.420018001800e-01,1.163067761037e-01,4.565938977196e-01,3.925772109033e+00
4.421017101710e-01,1.163330660622e-01,4.566847266189e-01,3.925665694866e+00
4.422016201620e-01,1.163593560206e-01,4.567755590335e-01,3.925559358997e+00
4.423015301530e-01,1.163856459790e-01,4.568663949646e-01,3.925453101381e+00
4.424014401440e-01,1.164119359375e-01,4.569572344133e-01,3.925346921975e+00
4.425013501350e-01,1.164382258959e-01,4.570480773805e-01,3.925240820735e+00
4.426012601260e-01,1.164645158543e-01,4.571389238674e-01,3.925134797617e+00
4.427011701170e-01,1.164908058128e-01,4.572297738751e-01,3.925028852577e+00
4.428010801080e-01,1.165170957712e-01,4.573206274045e-01,3.924922985572e+00
4.429009900990e-01,1.165433857296e-01,4.574114844568e-01,3.924817196558e+00
4.430009000900e-01,1.165696756881e-01,4.575023450329e-01,3.924711485492e+00
4.431008100810e-01,1.165959656465e-01,4.575932091341e-01,3.924605852329e+00
4.432007200720e-01,1.166222556049e-01,4.576840767613e-01,3.924500297026e+00
4.433006300630e-01,1.166485455633e-01,4.577749479156e-01,3.924394819539e+00
4.434005400540e-01,1.166748355218e-01,4.578658225981e-01,3.924289419826e+00
4.435004500450e-01,1.167011254802e-01,4.579567008098e-01,3.924184097843e+00
4.436003600360e-01,1.167274154386e-01,4.580475825518e-01,3.924078853545e+00
4.437002700270e-01,1.167537053971e-01,4.581384678252e-01,3.923973686891e+00
4.438001800180e-01,1.167799953555e-01,4.582293566309e-01,3.923868597836e+00
4.439000900090e-01,1.168062853139e-01,4.583202489702e-01,3.923763586337e+00
4.440000000000e-01,1.168325752724e-01,4.584111448440e-01,3.923658652352e+00
4.440999099910e-01,1.168588652308e-01,4.585020442533e-01,3.923553795835e+00
4.441998199820e-01,1.168851551892e-01,4.585929471994e-01,3.923449016746e+00
4.442997299730e-01,1.169114451477e-01,4.586838536831e-01,3.923344315039e+00
4.443996399640e-01,1.169377351061e-01,4.587747637057e-01,3.923239690673e+00
4.444995499550e-01,1.169640250645e-01,4.588656772681e-01,3.923135143604e+00
4.445994599460e-01,1.169903150230e-01,4.589565943714e-01,3.923030673789e+00
4.446993699370e-01,1.170166049814e-01,4.590475150166e-01,3.922926281185e+00
4.447992799280e-01,1.170428949398e-01,4.591384392049e-01,3.922821965750e+00
4.448991899190e-01,1.170691848983e-01,4.592293669372e-01,3.922717727439e+00
4.449990999100e-01,1.170954748567e-01,4.593202982147e-01,3.922613566211e+00
4.450990099010e-01,1.171217648151e-01,4.594112330384e-01,3.922509482022e+00
4.451989198920e-01,1.171480547736e-01,4.595021714094e-01,3.922405474829e+00
4.452988298830e-01,1.171743447320e-01,4.595931133286e-01,3.922301544590e+00
4.453987398740e-01,1.172006346904e-01,4.596840587973e-01,3.922197691262e+00
4.454986498650e-01,1.172269246489e-01,4.597750078163e-01,3.922093914803e+00
4.455985598560e-01,1.172532146073e-01,4.598659603869e-01,3.921990215169e+00
4.456984698470e-01,1.172795045657e-01,4.599569165100e-01,3.921886592318e+00
4.457983798380e-01,1.173057945242e-01,4.600478761867e-01,3.921783046207e+00
4.458982898290e-01,1.173320844826e-01,4.601388394181e-01,3.921679576794e+00
4.459981998200e-01,1.173583744410e-01,4.602298062051e-01,3.921576184037e+00
4.460981098110e-01,1.173846643994e-01,4.603207765490e-01,3.921472867892e+00
4.461980198020e-01,1.174109543579e-01,4.604117504507e-01,3.921369628317e+00
4.462979297930e-01,1.174372443163e-01,4.605027279113e-01,3.921266465270e+00
4.463978397840e-01,1.174635342747e-01,4.605937089318e-01,3.921163378709e+00
4.464977497750e-01,1.174898242332e-01,4.606846935133e-01,3.921060368590e+00
4.465976597660e-01,1.175161141916e-01,4.607756816569e-01,3.920957434872e+00
4.466975697570e-01,1.175424041500e-01,4.608666733636e-01,3.920854577513e+00
4.467974797480e-01,1.175686941085e-01,4.609576686344e-01,3.920751796470e+00
4.468973897390e-01,1.175949840669e-01,4.610486674705e-01,3.920649091701e+00
4.469972997300e-01,1.176212740253e-01,4.611396698729e-01,3.920546463164e+00
4.470972097210e-01,1.176475639838e-01,4.612306758425e-01,3.920443910816e+00
4.471971197120e-01,1.176738539422e-01,4.613216853806e-01,3.920341434616e+00
4.472970297030e-01,1.177001439006e-01,4.614126984881e-01,3.920239034522e+00
4.473969396940e-01,1.177264338591e-01,4.615037151661e-01,3.920136710491e+00
4.474968496850e-01,1.177527238175e-01,4.615947354156e-01,3.920034462481e+00
4.475967596760e-01,1.177790137759e-01,4.616857592378e-01,3.919932290451e+00
4.476966696670e-01,1.178053037344e-01,4.617767866336e-01,3.919830194359e+00
4.477965796580e-01,1.178315936928e-01,4.618678176041e-01,3.919728174162e+00
4.478964896490e-01,1.178578836512e-01,4.619588521503e-01,3.919626229819e+00
4.479963996400e-01,1.178841736097e-01,4.620498902734e-01,3.919524361288e+00
4.480963096310e-01,1.179104635681e-01,4.621409319743e-01,3.919422568527e+00
4.481962196220e-01,1.179367535265e-01,4.622319772542e-01,3.919320851495e+00
4.482961296130e-01,1.179630434850e-01,4.623230261140e-01,3.919219210150e+00
4.483960396040e-01,1.179893334434e-01,4.624140785548e-01,3.919117644449e+00
4.484959495950e-01,1.180156234018e-01,4.625051345777e-01,3.919016154353e+00
4.485958595860e-01,1.180419133603e-01,4.625961941838e-01,3.918914739818e+00
4.486957695770e-01,1.180682033187e-01,4.626872573740e-01,3.918813400803e+00
4.487956795680e-01,1.180944932771e-01,4.627783241494e-01,3.918712137267e+00
4.488955895590e-01,1.181207832355e-01,4.628693945111e-01,3.918610949168e+00
4.489954995500e-01,1.181470731940e-01,4.629604684601e-01,3.918509836465e+00
4.490954095410e-01,1.181733631524e-01,4.630515459975e-01,3.918408799116e+00
4.491953195320e-01,1.181996531108e-01,4.631426271244e-01,3.918307837080e+00
4.492952295230e-01,1.182259430693e-01,4.632337118417e-01,3.918206950316e+00
4.493951395140e-01,1.182522330277e-01,4.633248001505e-01,3.918106138782e+00
4.494950495050e-01,1.182785229861e-01,4.634158920520e-01,3.918005402437e+00
4.495949594959e-01,1.183048129446e-01,4.635069875470e-01,3.917904741240e+00
4.496948694869e-01,1.183311029030e-01,4.635980866367e-01,3.917804155149e+00
4.497947794779e-01,1.183573928614e-01,4.636891893222e-01,3.917703644123e+00
4.498946894689e-01,1.183836828199e-01,4.637802956044e-01,3.917603208122e+00
4.499945994599e-01,1.184099727783e-01,4.638714054845e-01,3.917502847104e+00
4.500945094509e-01,1.184362627367e-01,4.639625189634e-01,3.917402561027e+00
4.501944194419e-01,1.184625526952e-01,4.640536360422e-01,3.917302349852e+00
4.502943294329e-01,1.184888426536e-01,4.641447567220e-01,3.917202213536e+00
4.503942394239e-01,1.185151326120e-01,4.642358810038e-01,3.917102152039e+00
4.504941494149e-01,1.185414225705e-01,4.643270088887e-01,3.917002165321e+00
4.505940594059e-01,1.185677125289e-01,4.644181403777e-01,3.916902253339e+00
4.506939693969e-01,1.185940024873e-01,4.645092754718e-01,3.916802416054e+00
4.507938793879e-01,1.186202924458e-01,4.646004141722e-01,3.916702653424e+00
4.508937893789e-01,1.186465824042e-01,4.646915564798e-01,3.916602965408e+00
4.509936993699e-01,1.186728723626e-01,4.647827023957e-01,3.916503351966e+00
4.510936093609e-01,1.186991623211e-01,4.648738519209e-01,3.916403813057e+00
4.511935193519e-01,1.187254522795e-01,4.649650050565e-01,3.916304348641e+00
4.512934293429e-01,1.187517422379e-01,4.650561618036e-01,3.916204958676e+00
4.513933393339e-01,1.187780321964e-01,4.651473221631e-01,3.916105643123e+00
4.514932493249e-01,1.188043221548e-01,4.652384861362e-01,3.916006401939e+00
4.515931593159e-01,1.188306121132e-01,4.653296537238e-01,3.915907235086e+00
4.516930693069e-01,1.188569020716e-01,4.654208249271e-01,3.915808142522e+00
4.517929792979e-01,1.188831920301e-01,4.655119997470e-01,3.915709124207e+00
4.518928892889e-01,1.189094819885e-01,4.656031781847e-01,3.915610180100e+00
4.519927992799e-01,1.189357719469e-01,4.656943602410e-01,3.915511310161e+00
4.520927092709e-01,1.189620619054e-01,4.657855459172e-01,3.915412514350e+00
4.521926192619e-01,1.189883518638e-01,4.658767352142e-01,3.915313792626e+00
4.522925292529e-01,1.190146418222e-01,4.659679281331e-01,3.915215144949e+00
4.523924392439e-01,1.190409317807e-01,4.660591246750e-01,3.915116571279e+00
4.524923492349e-01,1.190672217391e-01,4.661503248408e-01,3.915018071575e+00
4.525922592259e-01,1.190935116975e-01,4.662415286316e-01,3.914919645797e+00
4.526921692169e-01,1.191198016560e-01,4.663327360485e-01,3.914821293905e+00
4.527920792079e-01,1.191460916144e-01,4.664239470925e-01,3.914723015858e+00
4.528919891989e-01,1.191723815728e-01,4.665151617646e-01,3.914624811618e+00
4.529918991899e-01,1.191986715313e-01,4.666063800659e-01,3.914526681143e+00
4.530918091809e-01,1.192249614897e-01,4.666976019975e-01,3.914428624393e+00
4.531917191719e-01,1.192512514481e-01,4.667888275603e-01,3.914330641329e+00
4.532916291629e-01,1.192775414066e-01,4.668800567554e-01,3.914232731911e+00
4.533915391539e-01,1.193038313650e-01,4.669712895839e-01,3.914134896098e+00
4.534914491449e-01,1.193301213234e-01,4.670625260468e-01,3.914037133851e+00
4.535913591359e-01,1.193564112819e-01,4.671537661451e-01,3.913939445129e+00
4.536912691269e-01,1.193827012403e-01,4.672450098799e-01,3.913841829894e+00
4.537911791179e-01,1.194089911987e-01,4.673362572523e-01,3.913744288104e+00
4.538910891089e-01,1.194352811572e-01,4.674275082632e-01,3.913646819721e+00
4.539909990999e-01,1.194615711156e-01,4.675187629137e-01,3.913549424704e+00
4.540909090909e-01,1.194878610740e-01,4.676100212048e-01,3.913452103015e+00
4.541908190819e-01,1.195141510324e-01,4.677012831377e-01,3.913354854612e+00
4.542907290729e-01,1.195404409909e-01,4.677925487132e-01,3.913257679457e+00
4.543906390639e-01,1.195667309493e-01,4.678838179326e-01,3.913160577510e+00
4.544905490549e-01,1.195930209077e-01,4.679750907967e-01,3.913063548731e+00
4.545904590459e-01,1.196193108662e-01,4.680663673067e-01,3.912966593081e+00
4.546903690369e-01,1.196456008246e-01,4.681576474636e-01,3.912869710520e+00
4.547902790279e-01,1.196718907830e-01,4.682489312683e-01,3.912772901009e+00
4.548901890189e-01,1.196981807415e-01,4.683402187221e-01,3.912676164508e+00
4.549900990099e-01,1.197244706999e-01,4.684315098259e-01,3.912579500978e+00
4.550900090009e-01,1.197507606583e-01,4.685228045807e-01,3.912482910379e+00
4.551899189919e-01,1.197770506168e-01,4.686141029876e-01,3.912386392673e+00
4.552898289829e-01,1.198033405752e-01,4.687054050476e-01,3.912289947819e+00
4.553897389739e-01,1.198296305336e-01,4.687967107617e-01,3.912193575779e+00
4.554896489649e-01,1.198559204921e-01,4.688880201311e-01,3.912097276514e+00
4.555895589559e-01,1.198822104505e-01,4.689793331567e-01,3.912001049983e+00
4.556894689469e-01,1.199085004089e-01,4.690706498395e-01,3.911904896148e+00
4.557893789379e-01,1.199347903674e-01,4.691619701807e-01,3.911808814970e+00
4.558892889289e-01,1.199610803258e-01,4.692532941812e-01,3.911712806410e+00
4.559891989199e-01,1.199873702842e-01,4.693446218421e-01,3.911616870428e+00
4.560891089109e-01,1.200136602427e-01,4.694359531644e-01,3.911521006986e+00
4.561890189019e-01,1.200399502011e-01,4.695272881492e-01,3.911425216044e+00
4.562889288929e-01,1.200662401595e-01,4.696186267975e-01,3.911329497563e+00
4.563888388839e-01,1.200925301180e-01,4.697099691102e-01,3.911233851505e+00
4.564887488749e-01,1.201188200764e-01,4.698013150886e-01,3.911138277831e+00
4.565886588659e-01,1.201451100348e-01,4.698926647336e-01,3.911042776501e+00
4.566885688569e-01,1.201713999933e-01,4.699840180462e-01,3.910947347477e+00
4.567884788479e-01,1.201976899517e-01,4.700753750275e-01,3.910851990720e+00
4.568883888389e-01,1.202239799101e-01,4.701667356784e-01,3.910756706191e+00
4.569882988299e-01,1.202502698685e-01,4.702581000002e-01,3.910661493851e+00
4.570882088209e-01,1.202765598270e-01,4.703494679937e-01,3.910566353663e+00
4.571881188119e-01,1.203028497854e-01,4.704408396600e-01,3.910471285586e+00
4.572880288029e-01,1.203291397438e-01,4.705322150002e-01,3.910376289583e+00
4.573879387939e-01,1.203554297023e-01,4.706235940153e-01,3.910281365614e+00
4.574878487849e-01,1.203817196607e-01,4.707149767062e-01,3.910186513641e+00
4.575877587759e-01,1.204080096191e-01,4.708063630742e-01,3.910091733626e+00
4.576876687669e-01,1.204342995776e-01,4.708977531201e-01,3.909997025530e+00
4.577875787579e-01,1.204605895360e-01,4.709891468450e-01,3.909902389314e+00
4.578874887489e-01,1.204868794944e-01,4.710805442500e-01,3.909807824941e+00
4.579873987399e-01,1.205131694529e-01,4.711719453361e-01,3.909713332371e+00
4.580873087309e-01,1.205394594113e-01,4.712633501043e-01,3.909618911566e+00
4.581872187219e-01,1.205657493697e-01,4.713547585557e-01,3.909524562488e+00
4.582871287129e-01,1.205920393282e-01,4.714461706913e-01,3.909430285098e+00
4.583870387039e-01,1.206183292866e-01,4.715375865121e-01,3.909336079359e+00
4.584869486949e-01,1.206446192450e-01,4.716290060191e-01,3.909241945231e+00
4.585868586859e-01,1.206709092035e-01,4.717204292134e-01,3.909147882677e+00
4.586867686769e-01,1.206971991619e-01,4.718118560961e-01,3.909053891658e+00
4.587866786679e-01,1.207234891203e-01,4.719032866681e-01,3.908959972137e+00
4.588865886589e-01,1.207497790788e-01,4.719947209304e-01,3.908866124074e+00
4.589864986499e-01,1.207760690372e-01,4.720861588842e-01,3.908772347433e+00
4.590864086409e-01,1.208023589956e-01,4.721776005305e-01,3.908678642174e+00
4.591863186319e-01,1.208286489541e-01,4.722690458702e-01,3.908585008260e+00
4.592862286229e-01,1.208549389125e-01,4.723604949044e-01,3.908491445653e+00
4.593861386139e-01,1.208812288709e-01,4.724519476342e-01,3.908397954315e+00
4.594860486049e-01,1.209075188294e-01,4.725434040606e-01,3.908304534208e+00
4.595859585959e-01,1.209338087878e-01,4.726348641845e-01,3.908211185293e+00
4.596858685869e-01,1.209600987462e-01,4.727263280071e-01,3.908117907533e+00
4.597857785779e-01,1.209863887046e-01,4.728177955293e-01,3.908024700891e+00
4.598856885689e-01,1.210126786631e-01,4.729092667523e-01,3.907931565328e+00
4.599855985599e-01,1.210389686215e-01,4.730007416770e-01,3.907838500806e+00
4.600855085509e-01,1.210652585799e-01,4.730922203044e-01,3.907745507288e+00
4.601854185419e-01,1.210915485384e-01,4.731837026356e-01,3.907652584736e+00
4.602853285329e-01,1.211178384968e-01,4.732751886717e-01,3.907559733112e+00
4.603852385239e-01,1.211441284552e-01,4.733666784135e-01,3.907466952378e+00
4.604851485149e-01,1.211704184137e-01,4.734581718623e-01,3.907374242498e+00
4.605850585059e-01,1.211967083721e-01,4.735496690190e-01,3.907281603433e+00
4.606849684968e-01,1.212229983305e-01,4.736411698846e-01,3.907189035146e+00
4.607848784878e-01,1.212492882890e-01,4.737326744601e-01,3.907096537598e+00
4.608847884788e-01,1.212755782474e-01,4.738241827467e-01,3.907004110754e+00
4.609846984698e-01,1.213018682058e-01,4.739156947452e-01,3.906911754575e+00
4.610846084608e-01,1.213281581643e-01,4.740072104568e-01,3.906819469023e+00
4.611845184518e-01,1.213544481227e-01,4.740987298825e-01,3.906727254061e+00
4.612844284428e-01,1.213807380811e-01,4.741902530233e-01,3.906635109653e+00
4.613843384338e-01,1.214070280396e-01,4.742817798803e-01,3.906543035760e+00
4.614842484248e-01,1.214333179980e-01,4.743733104543e-01,3.906451032345e+00
4.615841584158e-01,1.214596079564e-01,4.744648447466e-01,3.906359099371e+00
4.616840684068e-01,1.214858979149e-01,4.745563827581e-01,3.906267236801e+00
4.617839783978e-01,1.215121878733e-01,4.746479244899e-01,3.906175444597e+00
4.618838883888e-01,1.215384778317e-01,4.747394699429e-01,3.906083722722e+00
4.619837983798e-01,1.215647677902e-01,4.748310191182e-01,3.905992071139e+00
4.620837083708e-01,1.215910577486e-01,4.749225720168e-01,3.905900489810e+00
4.621836183618e-01,1.216173477070e-01,4.750141286398e-01,3.905808978700e+00
4.622835283528e-01,1.216436376655e-01,4.751056889881e-01,3.905717537770e+00
4.623834383438e-01,1.216699276239e-01,4.751972530629e-01,3.905626166984e+00
4.624833483348e-01,1.216962175823e-01,4.752888208650e-01,3.905534866304e+00
4.625832583258e-01,1.217225075407e-01,4.753803923957e-01,3.905443635694e+00
4.626831683168e-01,1.217487974992e-01,4.754719676558e-01,3.905352475116e+00
4.627830783078e-01,1.217750874576e-01,4.755635466464e-01,3.905261384534e+00
4.628829882988e-01,1.218013774160e-01,4.756551293686e-01,3.905170363910e+00
4.629828982898e-01,1.218276673745e-01,4.757467158233e-01,3.905079413209e+00
4.630828082808e-01,1.218539573329e-01,4.758383060116e-01,3.904988532392e+00
4.631827182718e-01,1.218802472913e-01,4.759298999345e-01,3.904897721424e+00
4.632826282628e-01,1.219065372498e-01,4.760214975931e-01,3.904806980267e+00
4.633825382538e-01,1.219328272082e-01,4.761130989883e-01,3.904716308884e+00
4.634824482448e-01,1.219591171666e-01,4.762047041211e-01,3.904625707240e+00
4.635823582358e-01,1.219854071251e-01,4.762963129927e-01,3.904535175297e+00
4.636822682268e-01,1.220116970835e-01,4.763879256040e-01,3.904444713018e+00
4.637821782178e-01,1.220379870419e-01,4.764795419561e-01,3.904354320367e+00
4.638820882088e-01,1.220642770004e-01,4.765711620500e-01,3.904263997308e+00
4.639819981998e-01,1.220905669588e-01,4.766627858866e-01,3.904173743804e+00
4.640819081908e-01,1.221168569172e-01,4.767544134671e-01,3.904083559817e+00
4.641818181818e-01,1.221431468757e-01,4.768460447924e-01,3.903993445313e+00
4.642817281728e-01,1.221694368341e-01,4.769376798637e-01,3.903903400253e+00
4.643816381638e-01,1.221957267925e-01,4.770293186818e-01,3.903813424603e+00
4.644815481548e-01,1.222220167510e-01,4.771209612478e-01,3.903723518325e+00
4.645814581458e-01,1.222483067094e-01,4.772126075628e-01,3.903633681382e+00
4.646813681368e-01,1.222745966678e-01,4.773042576277e-01,3.903543913740e+00
4.647812781278e-01,1.223008866263e-01,4.773959114436e-01,3.903454215361e+00
4.648811881188e-01,1.223271765847e-01,4.774875690115e-01,3.903364586209e+00
4.649810981098e-01,1.223534665431e-01,4.775792303325e-01,3.903275026247e+00
4.650810081008e-01,1.223797565016e-01,4.776708954075e-01,3.903185535440e+00
4.651809180918e-01,1.224060464600e-01,4.777625642376e-01,3.903096113751e+00
4.652808280828e-01,1.224323364184e-01,4.778542368238e-01,3.903006761145e+00
4.653807380738e-01,1.224586263768e-01,4.779459131672e-01,3.902917477584e+00
4.654806480648e-01,1.224849163353e-01,4.780375932686e-01,3.902828263033e+00
4.655805580558e-01,1.225112062937e-01,4.781292771292e-01,3.902739117456e+00
4.656804680468e-01,1.225374962521e-01,4.782209647501e-01,3.902650040817e+00
4.657803780378e-01,1.225637862106e-01,4.783126561321e-01,3.902561033079e+00
4.658802880288e-01,1.225900761690e-01,4.784043512763e-01,3.902472094207e+00
4.659801980198e-01,1.226163661274e-01,4.784960501838e-01,3.902383224165e+00
4.660801080108e-01,1.226426560859e-01,4.785877528556e-01,3.902294422917e+00
4.661800180018e-01,1.226689460443e-01,4.786794592926e-01,3.902205690426e+00
4.662799279928e-01,1.226952360027e-01,4.787711694960e-01,3.902117026657e+00
4.663798379838e-01,1.227215259612e-01,4.788628834667e-01,3.902028431574e+00
4.664797479748e-01,1.227478159196e-01,4.789546012057e-01,3.901939905142e+00
4.665796579658e-01,1.227741058780e-01,4.790463227141e-01,3.901851447324e+00
4.666795679568e-01,1.228003958365e-01,4.791380479929e-01,3.901763058085e+00
4.667794779478e-01,1.228266857949e-01,4.792297770432e-01,3.901674737389e+00
4.668793879388e-01,1.228529757533e-01,4.793215098658e-01,3.901586485200e+00
4.669792979298e-01,1.228792657118e-01,4.794132464619e-01,3.901498301483e+00
4.670792079208e-01,1.229055556702e-01,4.795049868324e-01,3.901410186201e+00
4.671791179118e-01,1.229318456286e-01,4.795967309785e-01,3.901322139321e+00
4.672790279028e-01,1.229581355871e-01,4.796884789010e-01,3.901234160804e+00
4.673789378938e-01,1.229844255455e-01,4.797802306011e-01,3.901146250617e+00
4.674788478848e-01,1.230107155039e-01,4.798719860797e-01,3.901058408724e+00
4.675787578758e-01,1.230370054624e-01,4.799637453379e-01,3.900970635089e+00
4.676786678668e-01,1.230632954208e-01,4.800555083767e-01,3.900882929676e+00
4.677785778578e-01,1.230895853792e-01,4.801472751970e-01,3.900795292451e+00
4.678784878488e-01,1.231158753377e-01,4.802390458000e-01,3.900707723378e+00
4.679783978398e-01,1.231421652961e-01,4.803308201866e-01,3.900620222421e+00
4.680783078308e-01,1.231684552545e-01,4.804225983579e-01,3.900532789545e+00
4.681782178218e-01,1.231947452129e-01,4.805143803148e-01,3.900445424715e+00
4.682781278128e-01,1.232210351714e-01,4.806061660584e-01,3.900358127896e+00
4.683780378038e-01,1.232473251298e-01,4.806979555898e-01,3.900270899052e+00
4.684779477948e-01,1.232736150882e-01,4.807897489098e-01,3.900183738147e+00
4.685778577858e-01,1.232999050467e-01,4.808815460196e-01,3.900096645148e+00
4.686777677768e-01,1.233261950051e-01,4.809733469201e-01,3.900009620018e+00
4.687776777678e-01,1.233524849635e-01,4.810651516125e-01,3.899922662723e+00
4.688775877588e-01,1.233787749220e-01,4.811569600976e-01,3.899835773226e+00
4.689774977498e-01,1.234050648804e-01,4.812487723765e-01,3.899748951495e+00
4.690774077408e-01,1.234313548388e-01,4.813405884502e-01,3.899662197492e+00
4.691773177318e-01,1.234576447973e-01,4.814324083198e-01,3.899575511183e+00
4.692772277228e-01,1.234839347557e-01,4.815242319862e-01,3.899488892534e+00
4.693771377138e-01,1.235102247141e-01,4.816160594505e-01,3.899402341508e+00
4.694770477048e-01,1.235365146726e-01,4.817078907137e-01,3.899315858072e+00
4.695769576958e-01,1.235628046310e-01,4.817997257768e-01,3.899229442190e+00
4.696768676868e-01,1.235890945894e-01,4.818915646408e-01,3.899143093828e+00
4.697767776778e-01,1.236153845479e-01,4.819834073067e-01,3.899056812950e+00
4.698766876688e-01,1.236416745063e-01,4.820752537756e-01,3.898970599521e+00
4.699765976598e-01,1.236679644647e-01,4.821671040485e-01,3.898884453508e+00
4.700765076508e-01,1.236942544232e-01,4.822589581263e-01,3.898798374874e+00
4.701764176418e-01,1.237205443816e-01,4.823508160101e-01,3.898712363586e+00
4.702763276328e-01,1.237468343400e-01,4.824426777010e-01,3.898626419609e+00
4.703762376238e-01,1.237731242985e-01,4.825345431998e-01,3.898540542907e+00
4.704761476148e-01,1.237994142569e-01,4.826264125077e-01,3.898454733447e+00
4.705760576058e-01,1.238257042153e-01,4.827182856257e-01,3.898368991193e+00
4.706759675968e-01,1.238519941738e-01,4.828101625547e-01,3.898283316112e+00
4.707758775878e-01,1.238782841322e-01,4.829020432958e-01,3.898197708167e+00
4.708757875788e-01,1.239045740906e-01,4.829939278500e-01,3.898112167326e+00
4.709756975698e-01,1.239308640490e-01,4.830858162183e-01,3.898026693553e+00
4.710756075608e-01,1.239571540075e-01,4.831777084017e-01,3.897941286814e+00
4.711755175518e-01,1.239834439659e-01,4.832696044013e-01,3.897855947074e+00
4.712754275428e-01,1.240097339243e-01,4.833615042180e-01,3.897770674300e+00
4.713753375338e-01,1.240360238828e-01,4.834534078529e-01,3.897685468455e+00
4.714752475248e-01,1.240623138412e-01,4.835453153069e-01,3.897600329507e+00
4.715751575158e-01,1.240886037996e-01,4.836372265812e-01,3.897515257421e+00
4.716750675068e-01,1.241148937581e-01,4.837291416766e-01,3.897430252162e+00
4.717749774977e-01,1.241411837165e-01,4.838210605942e-01,3.897345313696e+00
4.718748874887e-01,1.241674736749e-01,4.839129833351e-01,3.897260441990e+00
4.719747974797e-01,1.241937636334e-01,4.840049099003e-01,3.897175637008e+00
4.720747074707e-01,1.242200535918e-01,4.840968402906e-01,3.897090898716e+00
4.721746174617e-01,1.242463435502e-01,4.841887745073e-01,3.897006227081e+00
4.722745274527e-01,1.242726335087e-01,4.842807125512e-01,3.896921622068e+00
4.723744374437e-01,1.242989234671e-01,4.843726544234e-01,3.896837083642e+00
4.724743474347e-01,1.243252134255e-01,4.844646001249e-01,3.896752611771e+00
4.725742574257e-01,1.243515033840e-01,4.845565496567e-01,3.896668206419e+00
4.726741674167e-01,1.243777933424e-01,4.846485030199e-01,3.896583867553e+00
4.727740774077e-01,1.244040833008e-01,4.847404602154e-01,3.896499595139e+00
4.728739873987e-01,1.244303732593e-01,4.848324212442e-01,3.896415389143e+00
4.729738973897e-01,1.244566632177e-01,4.849243861074e-01,3.896331249530e+00
4.730738073807e-01,1.244829531761e-01,4.850163548059e-01,3.896247176268e+00
4.731737173717e-01,1.245092431346e-01,4.851083273409e-01,3.896163169321e+00
4.732736273627e-01,1.245355330930e-01,4.852003037132e-01,3.896079228656e+00
4.733735373537e-01,1.245618230514e-01,4.852922839239e-01,3.895995354239e+00
4.734734473447e-01,1.245881130099e-01,4.853842679741e-01,3.895911546037e+00
4.735733573357e-01,1.246144029683e-01,4.854762558646e-01,3.895827804016e+00
4.736732673267e-01,1.246406929267e-01,4.855682475966e-01,3.895744128141e+00
4.737731773177e-01,1.246669828851e-01,4.856602431711e-01,3.895660518379e+00
4.738730873087e-01,1.246932728436e-01,4.857522425890e-01,3.895576974696e+00
4.739729972997e-01,1.247195628020e-01,4.858442458513e-01,3.895493497060e+00
4.740729072907e-01,1.247458527604e-01,4.859362529592e-01,3.895410085435e+00
4.741728172817e-01,1.247721427189e-01,4.860282639135e-01,3.895326739788e+00
4.742727272727e-01,1.247984326773e-01,4.861202787153e-01,3.895243460086e+00
4.743726372637e-01,1.248247226357e-01,4.862122973656e-01,3.895160246296e+00
4.744725472547e-01,1.248510125942e-01,4.863043198655e-01,3.895077098383e+00
4.745724572457e-01,1.248773025526e-01,4.863963462158e-01,3.894994016314e+00
4.746723672367e-01,1.249035925110e-01,4.864883764177e-01,3.894911000056e+00
4.747722772277e-01,1.249298824695e-01,4.865804104721e-01,3.894828049575e+00
4.748721872187e-01,1.249561724279e-01,4.866724483801e-01,3.894745164837e+00
4.749720972097e-01,1.249824623863e-01,4.867644901427e-01,3.894662345810e+00
4.750720072007e-01,1.250087523448e-01,4.868565357608e-01,3.894579592460e+00
4.751719171917e-01,1.250350423032e-01,4.869485852354e-01,3.894496904753e+00
4.752718271827e-01,1.250613322616e-01,4.870406385677e-01,3.894414282656e+00
4.753717371737e-01,1.250876222201e-01,4.871326957585e-01,3.894331726136e+00
4.754716471647e-01,1.251139121785e-01,4.872247568090e-01,3.894249235160e+00
4.755715571557e-01,1.251402021369e-01,4.873168217201e-01,3.894166809694e+00
4.756714671467e-01,1.251664920954e-01,4.874088904927e-01,3.894084449706e+00
4.757713771377e-01,1.251927820538e-01,4.875009631280e-01,3.894002155161e+00
4.758712871287e-01,1.252190720122e-01,4.875930396270e-01,3.893919926027e+00
4.759711971197e-01,1.252453619707e-01,4.876851199905e-01,3.893837762270e+00
4.760711071107e-01,1.252716519291e-01,4.877772042198e-01,3.893755663858e+00
4.761710171017e-01,1.252979418875e-01,4.878692923156e-01,3.893673630758e+00
4.762709270927e-01,1.253242318460e-01,4.879613842792e-01,3.893591662935e+00
4.763708370837e-01,1.253505218044e-01,4.880534801114e-01,3.893509760358e+00
4.764707470747e-01,1.253768117628e-01,4.881455798132e-01,3.893427922994e+00
4.765706570657e-01,1.254031017212e-01,4.882376833858e-01,3.893346150808e+00
4.766705670567e-01,1.254293916797e-01,4.883297908301e-01,3.893264443769e+00
4.767704770477e-01,1.254556816381e-01,4.884219021470e-01,3.893182801843e+00
4.768703870387e-01,1.254819715965e-01,4.885140173377e-01,3.893101224998e+00
4.769702970297e-01,1.255082615550e-01,4.886061364030e-01,3.893019713200e+00
4.770702070207e-01,1.255345515134e-01,4.886982593441e-01,3.892938266418e+00
4.771701170117e-01,1.255608414718e-01,4.887903861619e-01,3.892856884617e+00
4.772700270027e-01,1.255871314303e-01,4.888825168574e-01,3.892775567765e+00
4.773699369937e-01,1.256134213887e-01,4.889746514317e-01,3.892694315829e+00
4.774698469847e-01,1.256397113471e-01,4.890667898857e-01,3.892613128778e+00
4.775697569757e-01,1.256660013056e-01,4.891589322204e-01,3.892532006577e+00
4.776696669667e-01,1.256922912640e-01,4.892510784369e-01,3.892450949194e+00
4.777695769577e-01,1.257185812224e-01,4.893432285362e-01,3.892369956597e+00
4.778694869487e-01,1.257448711809e-01,4.894353825192e-01,3.892289028753e+00
4.779693969397e-01,1.257711611393e-01,4.895275403870e-01,3.892208165629e+00
4.780693069307e-01,1.257974510977e-01,4.896197021406e-01,3.892127367193e+00
4.781692169217e-01,1.258237410562e-01,4.897118677809e-01,3.892046633412e+00
4.782691269127e-01,1.258500310146e-01,4.898040373090e-01,3.891965964253e+00
4.783690369037e-01,1.258763209730e-01,4.898962107259e-01,3.891885359685e+00
4.784689468947e-01,1.259026109315e-01,4.899883880327e-01,3.891804819675e+00
4.785688568857e-01,1.259289008899e-01,4.900805692302e-01,3.891724344189e+00
4.786687668767e-01,1.259551908483e-01,4.901727543195e-01,3.891643933196e+00
4.787686768677e-01,1.259814808068e-01,4.902649433016e-01,3.891563586664e+00
4.788685868587e-01,1.260077707652e-01,4.903571361775e-01,3.891483304560e+00
4.789684968497e-01,1.260340607236e-01,4.904493329482e-01,3.891403086851e+00
4.790684068407e-01,1.260603506820e-01,4.905415336148e-01,3.891322933505e+00
4.791683168317e-01,1.260866406405e-01,4.906337381782e-01,3.891242844491e+00
4.792682268227e-01,1.261129305989e-01,4.907259466394e-01,3.891162819775e+00
4.793681368137e-01,1.261392205573e-01,4.908181589994e-01,3.891082859326e+00
4.794680468047e-01,1.261655105158e-01,4.909103752593e-01,3.891002963111e+00
4.795679567957e-01,1.261918004742e-01,4.910025954200e-01,3.890923131098e+00
4.796678667867e-01,1.262180904326e-01,4.910948194825e-01,3.890843363255e+00
4.797677767777e-01,1.262443803911e-01,4.911870474479e-01,3.890763659550e+00
4.798676867687e-01,1.262706703495e-01,4.912792793172e-01,3.890684019950e+00
4.799675967597e-01,1.262969603079e-01,4.913715150913e-01,3.890604444424e+00
4.800675067507e-01,1.263232502664e-01,4.914637547712e-01,3.890524932939e+00
4.801674167417e-01,1.263495402248e-01,4.915559983581e-01,3.890445485464e+00
4.802673267327e-01,1.263758301832e-01,4.916482458527e-01,3.890366101966e+00
4.803672367237e-01,1.264021201417e-01,4.917404972563e-01,3.890286782414e+00
4.804671467147e-01,1.264284101001e-01,4.918327525697e-01,3.890207526775e+00
4.805670567057e-01,1.264547000585e-01,4.919250117939e-01,3.890128335018e+00
4.806669666967e-01,1.264809900170e-01,4.920172749301e-01,3.890049207111e+00
4.807668766877e-01,1.265072799754e-01,4.921095419791e-01,3.889970143021e+00
4.808667866787e-01,1.265335699338e-01,4.922018129420e-01,3.889891142717e+00
4.809666966697e-01,1.265598598923e-01,4.922940878197e-01,3.889812206167e+00
4.810666066607e-01,1.265861498507e-01,4.923863666134e-01,3.889733333340e+00
4.811665166517e-01,1.266124398091e-01,4.924786493239e-01,3.889654524203e+00
4.812664266427e-01,1.266387297676e-01,4.925709359523e-01,3.889575778725e+00
4.813663366337e-01,1.266650197260e-01,4.926632264996e-01,3.889497096873e+00
4.814662466247e-01,1.266913096844e-01,4.927555209668e-01,3.889418478617e+00
4.815661566157e-01,1.267175996429e-01,4.928478193549e-01,3.889339923925e+00
4.816660666067e-01,1.267438896013e-01,4.929401216649e-01,3.889261432765e+00
4.817659765977e-01,1.267701795597e-01,4.930324278977e-01,3.889183005105e+00
4.818658865887e-01,1.267964695181e-01,4.931247380545e-01,3.889104640913e+00
4.819657965797e-01,1.268227594766e-01,4.932170521361e-01,3.889026340159e+00
4.820657065707e-01,1.268490494350e-01,4.933093701436e-01,3.888948102811e+00
4.821656165617e-01,1.268753393934e-01,4.934016920781e-01,3.888869928836e+00
4.822655265527e-01,1.269016293519e-01,4.934940179404e-01,3.888791818204e+00
4.823654365437e-01,1.269279193103e-01,4.935863477316e-01,3.888713770884e+00
4.824653465347e-01,1.269542092687e-01,4.936786814527e-01,3.888635786843e+00
4.825652565257e-01,1.269804992272e-01,4.937710191048e-01,3.888557866050e+00
4.826651665167e-01,1.270067891856e-01,4.938633606887e-01,3.888480008474e+00
4.827650765077e-01,1.270330791440e-01,4.939557062055e-01,3.888402214083e+00
4.828649864986e-01,1.270593691025e-01,4.940480556562e-01,3.888324482847e+00
4.829648964896e-01,1.270856590609e-01,4.941404090418e-01,3.888246814733e+00
4.830648064806e-01,1.271119490193e-01,4.942327663633e-01,3.888169209711e+00
4.831647164716e-01,1.271382389778e-01,4.943251276217e-01,3.888091667749e+00
4.832646264626e-01,1.271645289362e-01,4.944174928180e-01,3.888014188816e+00
4.833645364536e-01,1.271908188946e-01,4.945098619533e-01,3.887936772881e+00
4.834644464446e-01,1.272171088531e-01,4.946022350284e-01,3.887859419912e+00
4.835643564356e-01,1.272433988115e-01,4.946946120444e-01,3.887782129879e+00
4.836642664266e-01,1.272696887699e-01,4.947869930023e-01,3.887704902750e+00
4.837641764176e-01,1.272959787284e-01,4.948793779031e-01,3.887627738494e+00
4.838640864086e-01,1.273222686868e-01,4.949717667478e-01,3.887550637080e+00
4.839639963996e-01,1.273485586452e-01,4.950641595374e-01,3.887473598477e+00
4.840639063906e-01,1.273748486037e-01,4.951565562728e-01,3.887396622653e+00
4.841638163816e-01,1.274011385621e-01,4.952489569552e-01,3.887319709579e+00
4.842637263726e-01,1.274274285205e-01,4.953413615855e-01,3.887242859223e+00
4.843636363636e-01,1.274537184790e-01,4.954337701646e-01,3.887166071553e+00
4.844635463546e-01,1.274800084374e-01,4.955261826937e-01,3.887089346539e+00
4.845634563456e-01,1.275062983958e-01,4.956185991736e-01,3.887012684151e+00
4.846633663366e-01,1.275325883542e-01,4.957110196055e-01,3.886936084356e+00
4.847632763276e-01,1.275588783127e-01,4.958034439902e-01,3.886859547125e+00
4.848631863186e-01,1.275851682711e-01,4.958958723288e-01,3.886783072426e+00
4.849630963096e-01,1.276114582295e-01,4.959883046222e-01,3.886706660228e+00
4.850630063006e-01,1.276377481880e-01,4.960807408716e-01,3.886630310502e+00
4.851629162916e-01,1.276640381464e-01,4.961731810778e-01,3.886554023215e+00
4.852628262826e-01,1.276903281048e-01,4.962656252419e-01,3.886477798338e+00
4.853627362736e-01,1.277166180633e-01,4.963580733649e-01,3.886401635839e+00
4.854626462646e-01,1.277429080217e-01,4.964505254478e-01,3.886325535688e+00
4.855625562556e-01,1.277691979801e-01,4.965429814915e-01,3.886249497854e+00
4.856624662466e-01,1.277954879386e-01,4.966354414971e-01,3.886173522306e+00
4.857623762376e-01,1.278217778970e-01,4.967279054655e-01,3.886097609014e+00
4.858622862286e-01,1.278480678554e-01,4.968203733978e-01,3.886021757948e+00
4.859621962196e-01,1.278743578139e-01,4.969128452950e-01,3.885945969076e+00
4.860621062106e-01,1.279006477723e-01,4.970053211580e-01,3.885870242368e+00
4.861620162016e-01,1.279269377307e-01,4.970978009879e-01,3.885794577794e+00
4.862619261926e-01,1.279532276892e-01,4.971902847856e-01,3.885718975323e+00
4.863618361836e-01,1.279795176476e-01,4.972827725522e-01,3.885643434925e+00
4.864617461746e-01,1.280058076060e-01,4.973752642886e-01,3.885567956568e+00
4.865616561656e-01,1.280320975645e-01,4.974677599959e-01,3.885492540224e+00
4.866615661566e-01,1.280583875229e-01,4.975602596750e-01,3.885417185860e+00
4.867614761476e-01,1.280846774813e-01,4.976527633269e-01,3.885341893448e+00
4.868613861386e-01,1.281109674398e-01,4.977452709527e-01,3.885266662956e+00
4.869612961296e-01,1.281372573982e-01,4.978377825533e-01,3.885191494354e+00
4.870612061206e-01,1.281635473566e-01,4.979302981297e-01,3.885116387612e+00
4.871611161116e-01,1.281898373151e-01,4.980228176830e-01,3.885041342700e+00
4.872610261026e-01,1.282161272735e-01,4.981153412140e-01,3.884966359587e+00
4.873609360936e-01,1.282424172319e-01,4.982078687239e-01,3.884891438243e+00
4.874608460846e-01,1.282687071903e-01,4.983004002136e-01,3.884816578638e+00
4.875607560756e-01,1.282949971488e-01,4.983929356840e-01,3.884741780742e+00
4.876606660666e-01,1.283212871072e-01,4.984854751363e-01,3.884667044524e+00
4.877605760576e-01,1.283475770656e-01,4.985780185714e-01,3.884592369955e+00
4.878604860486e-01,1.283738670241e-01,4.986705659903e-01,3.884517757004e+00
4.879603960396e-01,1.284001569825e-01,4.987631173939e-01,3.884443205641e+00
4.880603060306e-01,1.284264469409e-01,4.988556727834e-01,3.884368715836e+00
4.881602160216e-01,1.284527368994e-01,4.989482321596e-01,3.884294287559e+00
4.882601260126e-01,1.284790268578e-01,4.990407955236e-01,3.884219920780e+00
4.883600360036e-01,1.285053168162e-01,4.991333628763e-01,3.884145615470e+00
4.884599459946e-01,1.285316067747e-01,4.992259342188e-01,3.884071371597e+00
4.885598559856e-01,1.285578967331e-01,4.993185095521e-01,3.883997189132e+00
4.886597659766e-01,1.285841866915e-01,4.994110888772e-01,3.883923068046e+00
4.887596759676e-01,1.286104766500e-01,4.995036721949e-01,3.883849008308e+00
4.888595859586e-01,1.286367666084e-01,4.995962595065e-01,3.883775009888e+00
4.889594959496e-01,1.286630565668e-01,4.996888508127e-01,3.883701072756e+00
4.890594059406e-01,1.286893465253e-01,4.997814461147e-01,3.883627196884e+00
4.891593159316e-01,1.287156364837e-01,4.998740454135e-01,3.883553382240e+00
4.892592259226e-01,1.287419264421e-01,4.999666487099e-01,3.883479628796e+00
4.893591359136e-01,1.287682164006e-01,5.000592560051e-01,3.883405936520e+00
4.894590459046e-01,1.287945063590e-01,5.001518672999e-01,3.883332305385e+00
4.895589558956e-01,1.288207963174e-01,5.002444825955e-01,3.883258735359e+00
4.896588658866e-01,1.288470862759e-01,5.003371018928e-01,3.883185226413e+00
4.897587758776e-01,1.288733762343e-01,5.004297251928e-01,3.883111778518e+00
4.898586858686e-01,1.288996661927e-01,5.005223524965e-01,3.883038391644e+00
4.899585958596e-01,1.289259561512e-01,5.006149838048e-01,3.882965065761e+00
4.900585058506e-01,1.289522461096e-01,5.007076191188e-01,3.882891800840e+00
4.901584158416e-01,1.289785360680e-01,5.008002584395e-01,3.882818596851e+00
4.902583258326e-01,1.290048260264e-01,5.008929017679e-01,3.882745453765e+00
4.903582358236e-01,1.290311159849e-01,5.009855491049e-01,3.882672371551e+00
4.904581458146e-01,1.290574059433e-01,5.010782004516e-01,3.882599350181e+00
4.905580558056e-01,1.290836959017e-01,5.011708558089e-01,3.882526389625e+00
4.906579657966e-01,1.291099858602e-01,5.012635151778e-01,3.882453489854e+00
4.907578757876e-01,1.291362758186e-01,5.013561785594e-01,3.882380650838e+00
4.908577857786e-01,1.291625657770e-01,5.014488459546e-01,3.882307872547e+00
4.909576957696e-01,1.291888557355e-01,5.015415173644e-01,3.882235154953e+00
4.910576057606e-01,1.292151456939e-01,5.016341927898e-01,3.882162498026e+00
4.911575157516e-01,1.292414356523e-01,5.017268722319e-01,3.882089901737e+00
4.912574257426e-01,1.292677256108e-01,5.018195556915e-01,3.882017366056e+00
4.913573357336e-01,1.292940155692e-01,5.019122431697e-01,3.881944890954e+00
4.914572457246e-01,1.293203055276e-01,5.020049346675e-01,3.881872476401e+00
4.915571557156e-01,1.293465954861e-01,5.020976301859e-01,3.881800122370e+00
4.916570657066e-01,1.293728854445e-01,5.021903297259e-01,3.881727828829e+00
4.917569756976e-01,1.293991754029e-01,5.022830332884e-01,3.881655595751e+00
4.918568856886e-01,1.294254653614e-01,5.023757408744e-01,3.881583423106e+00
4.919567956796e-01,1.294517553198e-01,5.024684524850e-01,3.881511310864e+00
4.920567056706e-01,1.294780452782e-01,5.025611681212e-01,3.881439258998e+00
4.921566156616e-01,1.295043352367e-01,5.026538877839e-01,3.881367267476e+00
4.922565256526e-01,1.295306251951e-01,5.027466114741e-01,3.881295336272e+00
4.923564356436e-01,1.295569151535e-01,5.028393391928e-01,3.881223465354e+00
4.924563456346e-01,1.295832051120e-01,5.029320709410e-01,3.881151654695e+00
4.925562556256e-01,1.296094950704e-01,5.030248067197e-01,3.881079904266e+00
4.926561656166e-01,1.296357850288e-01,5.031175465299e-01,3.881008214036e+00
4.927560756076e-01,1.296620749873e-01,5.032102903726e-01,3.880936583979e+00
4.928559855986e-01,1.296883649457e-01,5.033030382488e-01,3.880865014063e+00
4.929558955896e-01,1.297146549041e-01,5.033957901594e-01,3.880793504261e+00
4.930558055806e-01,1.297409448625e-01,5.034885461055e-01,3.880722054544e+00
4.931557155716e-01,1.297672348210e-01,5.035813060880e-01,3.880650664883e+00
4.932556255626e-01,1.297935247794e-01,5.036740701080e-01,3.880579335248e+00
4.933555355536e-01,1.298198147378e-01,5.037668381664e-01,3.880508065612e+00
4.934554455446e-01,1.298461046963e-01,5.038596102643e-01,3.880436855945e+00
4.935553555356e-01,1.298723946547e-01,5.039523864025e-01,3.880365706218e+00
4.936552655266e-01,1.298986846131e-01,5.040451665822e-01,3.880294616403e+00
4.937551755176e-01,1.299249745716e-01,5.041379508042e-01,3.880223586471e+00
4.938550855086e-01,1.299512645300e-01,5.042307390697e-01,3.880152616393e+00
4.939549954995e-01,1.299775544884e-01,5.043235313795e-01,3.880081706141e+00
4.940549054905e-01,1.300038444469e-01,5.044163277347e-01,3.880010855686e+00
4.941548154815e-01,1.300301344053e-01,5.045091281363e-01,3.879940064998e+00
4.942547254725e-01,1.300564243637e-01,5.046019325852e-01,3.879869334051e+00
4.943546354635e-01,1.300827143222e-01,5.046947410824e-01,3.879798662815e+00
4.944545454545e-01,1.301090042806e-01,5.047875536290e-01,3.879728051261e+00
4.945544554455e-01,1.301352942390e-01,5.048803702259e-01,3.879657499361e+00
4.946543654365e-01,1.301615841975e-01,5.049731908742e-01,3.879587007086e+00
4.947542754275e-01,1.301878741559e-01,5.050660155747e-01,3.879516574408e+00
4.948541854185e-01,1.302141641143e-01,5.051588443285e-01,3.879446201298e+00
4.949540954095e-01,1.302404540728e-01,5.052516771367e-01,3.879375887728e+00
4.950540054005e-01,1.302667440312e-01,5.053445140001e-01,3.879305633670e+00
4.951539153915e-01,1.302930339896e-01,5.054373549197e-01,3.879235439095e+00
4.952538253825e-01,1.303193239481e-01,5.055301998966e-01,3.879165303974e+00
4.953537353735e-01,1.303456139065e-01,5.056230489318e-01,3.879095228280e+00
4.954536453645e-01,1.303719038649e-01,5.057159020262e-01,3.879025211983e+00
4.955535553555e-01,1.303981938234e-01,5.058087591809e-01,3.878955255056e+00
4.956534653465e-01,1.304244837818e-01,5.059016203967e-01,3.878885357470e+00
4.957533753375e-01,1.304507737402e-01,5.059944856748e-01,3.878815519197e+00
4.958532853285e-01,1.304770636986e-01,5.060873550160e-01,3.878745740208e+00
4.959531953195e-01,1.305033536571e-01,5.061802284215e-01,3.878676020477e+00
4.960531053105e-01,1.305296436155e-01,5.062731058921e-01,3.878606359973e+00
4.961530153015e-01,1.305559335739e-01,5.063659874289e-01,3.878536758669e+00
4.962529252925e-01,1.305822235324e-01,5.064588730328e-01,3.878467216537e+00
4.963528352835e-01,1.306085134908e-01,5.065517627049e-01,3.878397733549e+00
4.964527452745e-01,1.306348034492e-01,5.066446564462e-01,3.878328309676e+00
4.965526552655e-01,1.306610934077e-01,5.067375542575e-01,3.878258944891e+00
4.966525652565e-01,1.306873833661e-01,5.068304561400e-01,3.878189639165e+00
4.967524752475e-01,1.307136733245e-01,5.069233620945e-01,3.878120392470e+00
4.968523852385e-01,1.307399632830e-01,5.070162721222e-01,3.878051204778e+00
4.969522952295e-01,1.307662532414e-01,5.071091862239e-01,3.877982076062e+00
4.970522052205e-01,1.307925431998e-01,5.072021044008e-01,3.877913006293e+00
4.971521152115e-01,1.308188331583e-01,5.072950266536e-01,3.877843995443e+00
4.972520252025e-01,1.308451231167e-01,5.073879529835e-01,3.877775043484e+00
4.973519351935e-01,1.308714130751e-01,5.074808833915e-01,3.877706150389e+00
4.974518451845e-01,1.308977030336e-01,5.075738178785e-01,3.877637316129e+00
4.975517551755e-01,1.309239929920e-01,5.076667564455e-01,3.877568540676e+00
4.976516651665e-01,1.309502829504e-01,5.077596990935e-01,3.877499824004e+00
4.977515751575e-01,1.309765729089e-01,5.078526458235e-01,3.877431166083e+00
4.978514851485e-01,1.310028628673e-01,5.079455966365e-01,3.877362566885e+00
4.979513951395e-01,1.310291528257e-01,5.080385515334e-01,3.877294026385e+00
4.980513051305e-01,1.310554427842e-01,5.081315105153e-01,3.877225544552e+00
4.981512151215e-01,1.310817327426e-01,5.082244735832e-01,3.877157121360e+00
4.982511251125e-01,1.311080227010e-01,5.083174407379e-01,3.877088756781e+00
4.983510351035e-01,1.311343126595e-01,5.084104119807e-01,3.877020450788e+00
4.984509450945e-01,1.311606026179e-01,5.085033873123e-01,3.876952203351e+00
4.985508550855e-01,1.311868925763e-01,5.085963667338e-01,3.876884014445e+00
4.986507650765e-01,1.312131825347e-01,5.086893502462e-01,3.876815884040e+00
4.987506750675e-01,1.312394724932e-01,5.087823378505e-01,3.876747812111e+00
4.988505850585e-01,1.312657624516e-01,5.088753295476e-01,3.876679798628e+00
4.989504950495e-01,1.312920524100e-01,5.089683253386e-01,3.876611843564e+00
4.990504050405e-01,1.313183423685e-01,5.090613252245e-01,3.876543946892e+00
4.991503150315e-01,1.313446323269e-01,5.091543292061e-01,3.876476108585e+00
4.992502250225e-01,1.313709222853e-01,5.092473372846e-01,3.876408328614e+00
4.993501350135e-01,1.313972122438e-01,5.093403494609e-01,3.876340606953e+00
4.994500450045e-01,1.314235022022e-01,5.094333657360e-01,3.876272943573e+00
4.995499549955e-01,1.314497921606e-01,5.095263861108e-01,3.876205338447e+00
4.996498649865e-01,1.314760821191e-01,5.096194105864e-01,3.876137791548e+00
4.997497749775e-01,1.315023720775e-01,5.097124391638e-01,3.876070302849e+00
4.998496849685e-01,1.315286620359e-01,5.098054718439e-01,3.876002872322e+00
4.999495949595e-01,1.315549519944e-01,5.098985086278e-01,3.875935499939e+00
5.000495049505e-01,1.315812419528e-01,5.099915495163e-01,3.875868185674e+00
5.001494149415e-01,1.316075319112e-01,5.100845945106e-01,3.875800929499e+00
5.002493249325e-01,1.316338218697e-01,5.101776436115e-01,3.875733731386e+00
5.003492349235e-01,1.316601118281e-01,5.102706968202e-01,3.875666591309e+00
5.004491449145e-01,1.316864017865e-01,5.103637541375e-01,3.875599509240e+00
5.005490549055e-01,1.317126917450e-01,5.104568155644e-01,3.875532485152e+00
5.006489648965e-01,1.317389817034e-01,5.105498811020e-01,3.875465519018e+00
5.007488748875e-01,1.317652716618e-01,5.106429507512e-01,3.875398610810e+00
5.008487848785e-01,1.317915616203e-01,5.107360245131e-01,3.875331760501e+00
5.009486948695e-01,1.318178515787e-01,5.108291023885e-01,3.875264968065e+00
5.010486048605e-01,1.318441415371e-01,5.109221843785e-01,3.875198233474e+00
5.011485148515e-01,1.318704314955e-01,5.110152704841e-01,3.875131556700e+00
5.012484248425e-01,1.318967214540e-01,5.111083607062e-01,3.875064937718e+00
5.013483348335e-01,1.319230114124e-01,5.112014550459e-01,3.874998376499e+00
5.014482448245e-01,1.319493013708e-01,5.112945535042e-01,3.874931873017e+00
5.015481548155e-01,1.319755913293e-01,5.113876560819e-01,3.874865427244e+00
5.016480648065e-01,1.320018812877e-01,5.114807627802e-01,3.874799039154e+00
5.017479747975e-01,1.320281712461e-01,5.115738735999e-01,3.874732708720e+00
5.018478847885e-01,1.320544612046e-01,5.116669885422e-01,3.874666435915e+00
5.019477947795e-01,1.320807511630e-01,5.117601076079e-01,3.874600220711e+00
5.020477047705e-01,1.321070411214e-01,5.118532307980e-01,3.874534063082e+00
5.021476147615e-01,1.321333310799e-01,5.119463581136e-01,3.874467963001e+00
5.022475247525e-01,1.321596210383e-01,5.120394895556e-01,3.874401920442e+00
5.023474347435e-01,1.321859109967e-01,5.121326251251e-01,3.874335935376e+00
5.024473447345e-01,1.322122009552e-01,5.122257648229e-01,3.874270007778e+00
5.025472547255e-01,1.322384909136e-01,5.123189086501e-01,3.874204137620e+00
5.026471647165e-01,1.322647808720e-01,5.124120566077e-01,3.874138324876e+00
5.027470747075e-01,1.322910708305e-01,5.125052086967e-01,3.874072569519e+00
5.028469846985e-01,1.323173607889e-01,5.125983649179e-01,3.874006871523e+00
5.029468946895e-01,1.323436507473e-01,5.126915252726e-01,3.873941230860e+00
5.030468046805e-01,1.323699407058e-01,5.127846897615e-01,3.873875647503e+00
5.031467146715e-01,1.323962306642e-01,5.128778583857e-01,3.873810121427e+00
5.032466246625e-01,1.324225206226e-01,5.129710311462e-01,3.873744652604e+00
5.033465346535e-01,1.324488105811e-01,5.130642080440e-01,3.873679241008e+00
5.034464446445e-01,1.324751005395e-01,5.131573890801e-01,3.873613886612e+00
5.035463546355e-01,1.325013904979e-01,5.132505742554e-01,3.873548589389e+00
5.036462646265e-01,1.325276804564e-01,5.133437635709e-01,3.873483349314e+00
5.037461746175e-01,1.325539704148e-01,5.134369570276e-01,3.873418166359e+00
5.038460846085e-01,1.325802603732e-01,5.135301546265e-01,3.873353040497e+00
5.039459945995e-01,1.326065503316e-01,5.136233563687e-01,3.873287971703e+00
5.040459045905e-01,1.326328402901e-01,5.137165622550e-01,3.873222959950e+00
5.041458145815e-01,1.326591302485e-01,5.138097722864e-01,3.873158005211e+00
5.042457245725e-01,1.326854202069e-01,5.139029864640e-01,3.873093107460e+00
5.043456345635e-01,1.327117101654e-01,5.139962047887e-01,3.873028266671e+00
5.044455445545e-01,1.327380001238e-01,5.140894272616e-01,3.872963482816e+00
5.045454545455e-01,1.327642900822e-01,5.141826538835e-01,3.872898755870e+00
5.046453645365e-01,1.327905800407e-01,5.142758846555e-01,3.872834085806e+00
5.047452745275e-01,1.328168699991e-01,5.143691195786e-01,3.872769472598e+00
5.048451845185e-01,1.328431599575e-01,5.144623586537e-01,3.872704916220e+00
5.049450945095e-01,1.328694499160e-01,5.145556018819e-01,3.872640416644e+00
5.050450045005e-01,1.328957398744e-01,5.146488492641e-01,3.872575973846e+00
5.051449144914e-01,1.329220298328e-01,5.147421008013e-01,3.872511587798e+00
5.052448244824e-01,1.329483197913e-01,5.148353564945e-01,3.872447258475e+00
5.053447344734e-01,1.329746097497e-01,5.149286163447e-01,3.872382985849e+00
5.054446444644e-01,1.330008997081e-01,5.150218803528e-01,3.872318769896e+00
5.055445544554e-01,1.330271896666e-01,5.151151485199e-01,3.872254610588e+00
5.056444644464e-01,1.330534796250e-01,5.152084208470e-01,3.872190507900e+00
5.057443744374e-01,1.330797695834e-01,5.153016973349e-01,3.872126461805e+00
5.058442844284e-01,1.331060595419e-01,5.153949779848e-01,3.872062472278e+00
5.059441944194e-01,1.331323495003e-01,5.154882627975e-01,3.871998539291e+00
5.060441044104e-01,1.331586394587e-01,5.155815517741e-01,3.871934662820e+00
5.061440144014e-01,1.331849294172e-01,5.156748449156e-01,3.871870842837e+00
5.062439243924e-01,1.332112193756e-01,5.157681422229e-01,3.871807079317e+00
5.063438343834e-01,1.332375093340e-01,5.158614436970e-01,3.871743372235e+00
5.064437443744e-01,1.332637992925e-01,5.159547493390e-01,3.871679721563e+00
5.065436543654e-01,1.332900892509e-01,5.160480591497e-01,3.871616127276e+00
5.066435643564e-01,1.333163792093e-01,5.161413731303e-01,3.871552589348e+00
5.067434743474e-01,1.333426691677e-01,5.162346912816e-01,3.871489107752e+00
5.068433843384e-01,1.333689591262e-01,5.163280136046e-01,3.871425682464e+00
5.069432943294e-01,1.333952490846e-01,5.164213401004e-01,3.871362313457e+00
5.070432043204e-01,1.334215390430e-01,5.165146707699e-01,3.871299000705e+00
5.071431143114e-01,1.334478290015e-01,5.166080056141e-01,3.871235744182e+00
5.072430243024e-01,1.334741189599e-01,5.167013446339e-01,3.871172543863e+00
5.073429342934e-01,1.335004089183e-01,5.167946878305e-01,3.871109399722e+00
5.074428442844e-01,1.335266988768e-01,5.168880352047e-01,3.871046311732e+00
5.075427542754e-01,1.335529888352e-01,5.169813867575e-01,3.870983279868e+00
5.076426642664e-01,1.335792787936e-01,5.170747424900e-01,3.870920304105e+00
5.077425742574e-01,1.336055687521e-01,5.171681024031e-01,3.870857384416e+00
5.078424842484e-01,1.336318587105e-01,5.172614664977e-01,3.870794520776e+00
5.079423942394e-01,1.336581486689e-01,5.173548347750e-01,3.870731713159e+00
5.080423042304e-01,1.336844386274e-01,5.174482072358e-01,3.870668961539e+00
5.081422142214e-01,1.337107285858e-01,5.175415838811e-01,3.870606265892e+00
5.082421242124e-01,1.337370185442e-01,5.176349647120e-01,3.870543626190e+00
5.083420342034e-01,1.337633085027e-01,5.177283497294e-01,3.870481042408e+00
5.084419441944e-01,1.337895984611e-01,5.178217389342e-01,3.870418514522e+00
5.085418541854e-01,1.338158884195e-01,5.179151323276e-01,3.870356042504e+00
5.086417641764e-01,1.338421783780e-01,5.180085299104e-01,3.870293626330e+00
5.087416741674e-01,1.338684683364e-01,5.181019316837e-01,3.870231265975e+00
5.088415841584e-01,1.338947582948e-01,5.181953376484e-01,3.870168961412e+00
5.089414941494e-01,1.339210482533e-01,5.182887478055e-01,3.870106712616e+00
5.090414041404e-01,1.339473382117e-01,5.183821621560e-01,3.870044519561e+00
5.091413141314e-01,1.339736281701e-01,5.184755807008e-01,3.869982382223e+00
5.092412241224e-01,1.339999181286e-01,5.185690034411e-01,3.869920300575e+00
5.093411341134e-01,1.340262080870e-01,5.186624303777e-01,3.869858274593e+00
5.094410441044e-01,1.340524980454e-01,5.187558615116e-01,3.869796304250e+00
5.095409540954e-01,1.340787880038e-01,5.188492968438e-01,3.869734389521e+00
5.096408640864e-01,1.341050779623e-01,5.189427363754e-01,3.869672530382e+00
5.097407740774e-01,1.341313679207e-01,5.190361801072e-01,3.869610726806e+00
5.098406840684e-01,1.341576578791e-01,5.191296280403e-01,3.869548978769e+00
5.099405940594e-01,1.341839478376e-01,5.192230801756e-01,3.869487286245e+00
5.100405040504e-01,1.342102377960e-01,5.193165365142e-01,3.869425649208e+00
5.101404140414e-01,1.342365277544e-01,5.194099970570e-01,3.869364067634e+00
5.102403240324e-01,1.342628177129e-01,5.195034618050e-01,3.869302541497e+00
5.103402340234e-01,1.342891076713e-01,5.195969307591e-01,3.869241070772e+00
5.104401440144e-01,1.343153976297e-01,5.196904039204e-01,3.869179655434e+00
5.105400540054e-01,1.343416875882e-01,5.197838812899e-01,3.869118295457e+00
5.106399639964e-01,1.343679775466e-01,5.198773628685e-01,3.869056990816e+00
5.107398739874e-01,1.343942675050e-01,5.199708486573e-01,3.868995741487e+00
5.108397839784e-01,1.344205574635e-01,5.200643386571e-01,3.868934547444e+00
5.109396939694e-01,1.344468474219e-01,5.201578328690e-01,3.868873408662e+00
5.110396039604e-01,1.344731373803e-01,5.202513312940e-01,3.868812325115e+00
5.111395139514e-01,1.344994273388e-01,5.203448339330e-01,3.868751296780e+00
5.112394239424e-01,1.345257172972e-01,5.204383407870e-01,3.868690323630e+00
5.113393339334e-01,1.345520072556e-01,5.205318518571e-01,3.868629405641e+00
5.114392439244e-01,1.345782972141e-01,5.206253671441e-01,3.868568542787e+00
5.115391539154e-01,1.346045871725e-01,5.207188866492e-01,3.868507735044e+00
5.116390639064e-01,1.346308771309e-01,5.208124103732e-01,3.868446982387e+00
5.117389738974e-01,1.346571670894e-01,5.209059383171e-01,3.868386284790e+00
5.118388838884e-01,1.346834570478e-01,5.209994704820e-01,3.868325642229e+00
5.119387938794e-01,1.347097470062e-01,5.210930068688e-01,3.868265054679e+00
5.120387038704e-01,1.347360369647e-01,5.211865474784e-01,3.868204522114e+00
5.121386138614e-01,1.347623269231e-01,5.212800923120e-01,3.868144044511e+00
5.122385238524e-01,1.347886168815e-01,5.213736413704e-01,3.868083621844e+00
5.123384338434e-01,1.348149068399e-01,5.214671946547e-01,3.868023254088e+00
5.124383438344e-01,1.348411967984e-01,5.215607521658e-01,3.867962941219e+00
5.125382538254e-01,1.348674867568e-01,5.216543139046e-01,3.867902683211e+00
5.126381638164e-01,1.348937767152e-01,5.217478798723e-01,3.867842480041e+00
5.127380738074e-01,1.349200666737e-01,5.218414500698e-01,3.867782331682e+00
5.128379837984e-01,1.349463566321e-01,5.219350244980e-01,3.867722238110e+00
5.129378937894e-01,1.349726465905e-01,5.220286031579e-01,3.867662199302e+00
5.130378037804e-01,1.349989365490e-01,5.221221860506e-01,3.867602215231e+00
5.131377137714e-01,1.350252265074e-01,5.222157731770e-01,3.867542285873e+00
5.132376237624e-01,1.350515164658e-01,5.223093645380e-01,3.867482411204e+00
5.133375337534e-01,1.350778064243e-01,5.224029601348e-01,3.867422591199e+00
5.134374437444e-01,1.351040963827e-01,5.224965599682e-01,3.867362825833e+00
5.135373537354e-01,1.351303863411e-01,5.225901640392e-01,3.867303115081e+00
5.136372637264e-01,1.351566762996e-01,5.226837723488e-01,3.867243458920e+00
5.137371737174e-01,1.351829662580e-01,5.227773848980e-01,3.867183857324e+00
5.138370837084e-01,1.352092562164e-01,5.228710016879e-01,3.867124310268e+00
5.139369936994e-01,1.352355461749e-01,5.229646227192e-01,3.867064817729e+00
5.140369036904e-01,1.352618361333e-01,5.230582479932e-01,3.867005379682e+00
5.141368136814e-01,1.352881260917e-01,5.231518775106e-01,3.866945996103e+00
5.142367236724e-01,1.353144160502e-01,5.232455112726e-01,3.866886666966e+00
5.143366336634e-01,1.353407060086e-01,5.233391492800e-01,3.866827392247e+00
5.144365436544e-01,1.353669959670e-01,5.234327915340e-01,3.866768171922e+00
5.145364536454e-01,1.353932859255e-01,5.235264380354e-01,3.866709005967e+00
5.146363636364e-01,1.354195758839e-01,5.236200887852e-01,3.866649894356e+00
5.147362736274e-01,1.354458658423e-01,5.237137437845e-01,3.866590837067e+00
5.148361836184e-01,1.354721558008e-01,5.238074030341e-01,3.866531834073e+00
5.149360936094e-01,1.354984457592e-01,5.239010665352e-01,3.866472885352e+00
5.150360036004e-01,1.355247357176e-01,5.239947342886e-01,3.866413990878e+00
5.151359135914e-01,1.355510256760e-01,5.240884062954e-01,3.866355150627e+00
5.152358235824e-01,1.355773156345e-01,5.241820825565e-01,3.866296364575e+00
5.153357335734e-01,1.356036055929e-01,5.242757630729e-01,3.866237632698e+00
5.154356435644e-01,1.356298955513e-01,5.243694478456e-01,3.866178954972e+00
5.155355535554e-01,1.356561855098e-01,5.244631368756e-01,3.866120331371e+00
5.156354635464e-01,1.356824754682e-01,5.245568301639e-01,3.866061761873e+00
5.157353735374e-01,1.357087654266e-01,5.246505277114e-01,3.866003246452e+00
5.158352835284e-01,1.357350553851e-01,5.247442295192e-01,3.865944785085e+00
5.159351935194e-01,1.357613453435e-01,5.248379355881e-01,3.865886377747e+00
5.160351035104e-01,1.357876353019e-01,5.249316459193e-01,3.865828024415e+00
5.161350135014e-01,1.358139252604e-01,5.250253605136e-01,3.865769725063e+00
5.162349234923e-01,1.358402152188e-01,5.251190793720e-01,3.865711479669e+00
5.163348334833e-01,1.358665051772e-01,5.252128024957e-01,3.865653288208e+00
5.164347434743e-01,1.358927951357e-01,5.253065298854e-01,3.865595150655e+00
5.165346534653e-01,1.359190850941e-01,5.254002615422e-01,3.865537066987e+00
5.166345634563e-01,1.359453750525e-01,5.254939974671e-01,3.865479037180e+00
5.167344734473e-01,1.359716650110e-01,5.255877376611e-01,3.865421061210e+00
5.168343834383e-01,1.359979549694e-01,5.256814821251e-01,3.865363139052e+00
5.169342934293e-01,1.360242449278e-01,5.257752308602e-01,3.865305270683e+00
5.170342034203e-01,1.360505348863e-01,5.258689838673e-01,3.865247456079e+00
5.171341134113e-01,1.360768248447e-01,5.259627411473e-01,3.865189695216e+00
5.172340234023e-01,1.361031148031e-01,5.260565027014e-01,3.865131988069e+00
5.173339333933e-01,1.361294047616e-01,5.261502685304e-01,3.865074334616e+00
5.174338433843e-01,1.361556947200e-01,5.262440386353e-01,3.865016734831e+00
5.175337533753e-01,1.361819846784e-01,5.263378130172e-01,3.864959188692e+00
5.176336633663e-01,1.362082746369e-01,5.264315916770e-01,3.864901696174e+00
5.177335733573e-01,1.362345645953e-01,5.265253746156e-01,3.864844257254e+00
5.178334833483e-01,1.362608545537e-01,5.266191618341e-01,3.864786871908e+00
5.179333933393e-01,1.362871445121e-01,5.267129533335e-01,3.864729540111e+00
5.180333033303e-01,1.363134344706e-01,5.268067491147e-01,3.864672261841e+00
5.181332133213e-01,1.363397244290e-01,5.269005491787e-01,3.864615037073e+00
5.182331233123e-01,1.363660143874e-01,5.269943535265e-01,3.864557865783e+00
5.183330333033e-01,1.363923043459e-01,5.270881621591e-01,3.864500747949e+00
5.184329432943e-01,1.364185943043e-01,5.271819750774e-01,3.864443683546e+00
5.185328532853e-01,1.364448842627e-01,5.272757922825e-01,3.864386672550e+00
5.186327632763e-01,1.364711742212e-01,5.273696137753e-01,3.864329714938e+00
5.187326732673e-01,1.364974641796e-01,5.274634395568e-01,3.864272810686e+00
5.188325832583e-01,1.365237541380e-01,5.275572696280e-01,3.864215959771e+00
5.189324932493e-01,1.365500440965e-01,5.276511039899e-01,3.864159162169e+00
5.190324032403e-01,1.365763340549e-01,5.277449426434e-01,3.864102417856e+00
5.191323132313e-01,1.366026240133e-01,5.278387855896e-01,3.864045726809e+00
5.192322232223e-01,1.366289139718e-01,5.279326328293e-01,3.863989089004e+00
5.193321332133e-01,1.366552039302e-01,5.280264843637e-01,3.863932504417e+00
5.194320432043e-01,1.366814938886e-01,5.281203401936e-01,3.863875973026e+00
5.195319531953e-01,1.367077838471e-01,5.282142003201e-01,3.863819494807e+00
5.196318631863e-01,1.367340738055e-01,5.283080647441e-01,3.863763069735e+00
5.197317731773e-01,1.367603637639e-01,5.284019334667e-01,3.863706697788e+00
5.198316831683e-01,1.367866537224e-01,5.284958064887e-01,3.863650378943e+00
5.199315931593e-01,1.368129436808e-01,5.285896838112e-01,3.863594113175e+00
5.200315031503e-01,1.368392336392e-01,5.286835654353e-01,3.863537900462e+00
5.201314131413e-01,1.368655235977e-01,5.287774513617e-01,3.863481740779e+00
5.202313231323e-01,1.368918135561e-01,5.288713415916e-01,3.863425634104e+00
5.203312331233e-01,1.369181035145e-01,5.289652361259e-01,3.863369580413e+00
5.204311431143e-01,1.369443934730e-01,5.290591349656e-01,3.863313579684e+00
5.205310531053e-01,1.369706834314e-01,5.291530381116e-01,3.863257631891e+00
5.206309630963e-01,1.369969733898e-01,5.292469455651e-01,3.863201737013e+00
5.207308730873e-01,1.370232633482e-01,5.293408573268e-01,3.863145895026e+00
5.208307830783e-01,1.370495533067e-01,5.294347733979e-01,3.863090105906e+00
5.209306930693e-01,1.370758432651e-01,5.295286937793e-01,3.863034369631e+00
5.210306030603e-01,1.371021332235e-01,5.296226184719e-01,3.862978686177e+00
5.211305130513e-01,1.371284231820e-01,5.297165474769e-01,3.862923055521e+00
5.212304230423e-01,1.371547131404e-01,5.298104807951e-01,3.862867477639e+00
5.213303330333e-01,1.371810030988e-01,5.299044184275e-01,3.862811952510e+00
5.214302430243e-01,1.372072930573e-01,5.299983603751e-01,3.862756480108e+00
5.215301530153e-01,1.372335830157e-01,5.300923066389e-01,3.862701060412e+00
5.216300630063e-01,1.372598729741e-01,5.301862572199e-01,3.862645693398e+00
5.217299729973e-01,1.372861629326e-01,5.302802121190e-01,3.862590379043e+00
5.218298829883e-01,1.373124528910e-01,5.303741713373e-01,3.862535117323e+00
5.219297929793e-01,1.373387428494e-01,5.304681348757e-01,3.862479908217e+00
5.220297029703e-01,1.373650328079e-01,5.305621027352e-01,3.862424751700e+00
5.221296129613e-01,1.373913227663e-01,5.306560749168e-01,3.862369647750e+00
5.222295229523e-01,1.374176127247e-01,5.307500514214e-01,3.862314596344e+00
5.223294329433e-01,1.374439026832e-01,5.308440322501e-01,3.862259597458e+00
5.224293429343e-01,1.374701926416e-01,5.309380174038e-01,3.862204651070e+00
5.225292529253e-01,1.374964826000e-01,5.310320068835e-01,3.862149757156e+00
5.226291629163e-01,1.375227725585e-01,5.311260006903e-01,3.862094915695e+00
5.227290729073e-01,1.375490625169e-01,5.312199988249e-01,3.862040126662e+00
5.228289828983e-01,1.375753524753e-01,5.313140012886e-01,3.861985390035e+00
5.229288928893e-01,1.376016424338e-01,5.314080080822e-01,3.861930705791e+00
5.230288028803e-01,1.376279323922e-01,5.315020192066e-01,3.861876073907e+00
5.231287128713e-01,1.376542223506e-01,5.315960346630e-01,3.861821494360e+00
5.232286228623e-01,1.376805123090e-01,5.316900544523e-01,3.861766967128e+00
5.233285328533e-01,1.377068022675e-01,5.317840785755e-01,3.861712492187e+00
5.234284428443e-01,1.377330922259e-01,5.318781070334e-01,3.861658069515e+00
5.235283528353e-01,1.377593821843e-01,5.319721398272e-01,3.861603699089e+00
5.236282628263e-01,1.377856721428e-01,5.320661769578e-01,3.861549380886e+00
5.237281728173e-01,1.378119621012e-01,5.321602184262e-01,3.861495114883e+00
5.238280828083e-01,1.378382520596e-01,5.322542642334e-01,3.861440901058e+00
5.239279927993e-01,1.378645420181e-01,5.323483143803e-01,3.861386739388e+00
5.240279027903e-01,1.378908319765e-01,5.324423688680e-01,3.861332629850e+00
5.241278127813e-01,1.379171219349e-01,5.325364276974e-01,3.861278572421e+00
5.242277227723e-01,1.379434118934e-01,5.326304908695e-01,3.861224567080e+00
5.243276327633e-01,1.379697018518e-01,5.327245583852e-01,3.861170613802e+00
5.244275427543e-01,1.379959918102e-01,5.328186302456e-01,3.861116712566e+00
5.245274527453e-01,1.380222817687e-01,5.329127064517e-01,3.861062863349e+00
5.246273627363e-01,1.380485717271e-01,5.330067870043e-01,3.861009066128e+00
5.247272727273e-01,1.380748616855e-01,5.331008719046e-01,3.860955320881e+00
5.248271827183e-01,1.381011516440e-01,5.331949611535e-01,3.860901627585e+00
5.249270927093e-01,1.381274416024e-01,5.332890547519e-01,3.860847986217e+00
5.250270027003e-01,1.381537315608e-01,5.333831527009e-01,3.860794396756e+00
5.251269126913e-01,1.381800215193e-01,5.334772550015e-01,3.860740859178e+00
5.252268226823e-01,1.382063114777e-01,5.335713616545e-01,3.860687373461e+00
5.253267326733e-01,1.382326014361e-01,5.336654726610e-01,3.860633939582e+00
5.254266426643e-01,1.382588913946e-01,5.337595880221e-01,3.860580557520e+00
5.255265526553e-01,1.382851813530e-01,5.338537077385e-01,3.860527227251e+00
5.256264626463e-01,1.383114713114e-01,5.339478318115e-01,3.860473948753e+00
5.257263726373e-01,1.383377612699e-01,5.340419602418e-01,3.860420722004e+00
5.258262826283e-01,1.383640512283e-01,5.341360930305e-01,3.860367546981e+00
5.259261926193e-01,1.383903411867e-01,5.342302301787e-01,3.860314423663e+00
5.260261026103e-01,1.384166311451e-01,5.343243716872e-01,3.860261352025e+00
5.261260126013e-01,1.384429211036e-01,5.344185175570e-01,3.860208332047e+00
5.262259225923e-01,1.384692110620e-01,5.345126677892e-01,3.860155363706e+00
5.263258325833e-01,1.384955010204e-01,5.346068223847e-01,3.860102446980e+00
5.264257425743e-01,1.385217909789e-01,5.347009813445e-01,3.860049581846e+00
5.265256525653e-01,1.385480809373e-01,5.347951446696e-01,3.859996768281e+00
5.266255625563e-01,1.385743708957e-01,5.348893123609e-01,3.859944006265e+00
5.267254725473e-01,1.386006608542e-01,5.349834844195e-01,3.859891295774e+00
5.268253825383e-01,1.386269508126e-01,5.350776608463e-01,3.859838636786e+00
5.269252925293e-01,1.386532407710e-01,5.351718416423e-01,3.859786029279e+00
5.270252025203e-01,1.386795307295e-01,5.352660268085e-01,3.859733473231e+00
5.271251125113e-01,1.387058206879e-01,5.353602163459e-01,3.859680968620e+00
5.272250225023e-01,1.387321106463e-01,5.354544102554e-01,3.859628515423e+00
5.273249324932e-01,1.387584006048e-01,5.355486085381e-01,3.859576113619e+00
5.274248424842e-01,1.387846905632e-01,5.356428111948e-01,3.859523763184e+00
5.275247524752e-01,1.388109805216e-01,5.357370182267e-01,3.859471464098e+00
5.276246624662e-01,1.388372704801e-01,5.358312296346e-01,3.859419216338e+00
5.277245724572e-01,1.388635604385e-01,5.359254454196e-01,3.859367019881e+00
5.278244824482e-01,1.388898503969e-01,5.360196655827e-01,3.859314874707e+00
5.279243924392e-01,1.389161403554e-01,5.361138901248e-01,3.859262780792e+00
5.280243024302e-01,1.389424303138e-01,5.362081190469e-01,3.859210738116e+00
5.281242124212e-01,1.389687202722e-01,5.363023523499e-01,3.859158746654e+00
5.282241224122e-01,1.389950102307e-01,5.363965900350e-01,3.859106806387e+00
5.283240324032e-01,1.390213001891e-01,5.364908321030e-01,3.859054917292e+00
5.284239423942e-01,1.390475901475e-01,5.365850785549e-01,3.859003079346e+00
5.285238523852e-01,1.390738801060e-01,5.366793293918e-01,3.858951292528e+00
5.286237623762e-01,1.391001700644e-01,5.367735846145e-01,3.858899556816e+00
5.287236723672e-01,1.391264600228e-01,5.368678442241e-01,3.858847872188e+00
5.288235823582e-01,1.391527499812e-01,5.369621082216e-01,3.858796238623e+00
5.289234923492e-01,1.391790399397e-01,5.370563766080e-01,3.858744656097e+00
5.290234023402e-01,1.392053298981e-01,5.371506493842e-01,3.858693124590e+00
5.291233123312e-01,1.392316198565e-01,5.372449265511e-01,3.858641644080e+00
5.292232223222e-01,1.392579098150e-01,5.373392081099e-01,3.858590214544e+00
5.293231323132e-01,1.392841997734e-01,5.374334940615e-01,3.858538835961e+00
5.294230423042e-01,1.393104897318e-01,5.375277844068e-01,3.858487508309e+00
5.295229522952e-01,1.393367796903e-01,5.376220791468e-01,3.858436231567e+00
5.296228622862e-01,1.393630696487e-01,5.377163782826e-01,3.858385005712e+00
5.297227722772e-01,1.393893596071e-01,5.378106818151e-01,3.858333830723e+00
5.298226822682e-01,1.394156495656e-01,5.379049897452e-01,3.858282706578e+00
5.299225922592e-01,1.394419395240e-01,5.379993020741e-01,3.858231633256e+00
5.300225022502e-01,1.394682294824e-01,5.380936188025e-01,3.858180610734e+00
5.301224122412e-01,1.394945194409e-01,5.381879399317e-01,3.858129638991e+00
5.302223222322e-01,1.395208093993e-01,5.382822654624e-01,3.858078718006e+00
5.303222322232e-01,1.395470993577e-01,5.383765953957e-01,3.858027847756e+00
5.304221422142e-01,1.395733893162e-01,5.384709297326e-01,3.857977028220e+00
5.305220522052e-01,1.395996792746e-01,5.385652684741e-01,3.857926259377e+00
5.306219621962e-01,1.396259692330e-01,5.386596116211e-01,3.857875541205e+00
5.307218721872e-01,1.396522591915e-01,5.387539591747e-01,3.857824873682e+00
5.308217821782e-01,1.396785491499e-01,5.388483111357e-01,3.857774256786e+00
5.309216921692e-01,1.397048391083e-01,5.389426675053e-01,3.857723690497e+00
5.310216021602e-01,1.397311290668e-01,5.390370282843e-01,3.857673174792e+00
5.311215121512e-01,1.397574190252e-01,5.391313934738e-01,3.857622709651e+00
5.312214221422e-01,1.397837089836e-01,5.392257630747e-01,3.857572295051e+00
5.313213321332e-01,1.398099989421e-01,5.393201370880e-01,3.857521930971e+00
5.314212421242e-01,1.398362889005e-01,5.394145155148e-01,3.857471617390e+00
5.315211521152e-01,1.398625788589e-01,5.395088983559e-01,3.857421354286e+00
5.316210621062e-01,1.398888688173e-01,5.396032856124e-01,3.857371141638e+00
5.317209720972e-01,1.399151587758e-01,5.396976772853e-01,3.857320979424e+00
5.318208820882e-01,1.399414487342e-01,5.397920733755e-01,3.857270867623e+00
5.319207920792e-01,1.399677386926e-01,5.398864738840e-01,3.857220806214e+00
5.320207020702e-01,1.399940286511e-01,5.399808788118e-01,3.857170795175e+00
5.321206120612e-01,1.400203186095e-01,5.400752881599e-01,3.857120834485e+00
5.322205220522e-01,1.400466085679e-01,5.401697019293e-01,3.857070924122e+00
5.323204320432e-01,1.400728985264e-01,5.402641201209e-01,3.857021064065e+00
5.324203420342e-01,1.400991884848e-01,5.403585427358e-01,3.856971254294e+00
5.325202520252e-01,1.401254784432e-01,5.404529697748e-01,3.856921494786e+00
5.326201620162e-01,1.401517684017e-01,5.405474012391e-01,3.856871785520e+00
5.327200720072e-01,1.401780583601e-01,5.406418371295e-01,3.856822126475e+00
5.328199819982e-01,1.402043483185e-01,5.407362774471e-01,3.856772517630e+00
5.329198919892e-01,1.402306382770e-01,5.408307221929e-01,3.856722958964e+00
5.330198019802e-01,1.402569282354e-01,5.409251713678e-01,3.856673450455e+00
5.331197119712e-01,1.402832181938e-01,5.410196249728e-01,3.856623992082e+00
5.332196219622e-01,1.403095081523e-01,5.411140830089e-01,3.856574583824e+00
5.333195319532e-01,1.403357981107e-01,5.412085454771e-01,3.856525225660e+00
5.334194419442e-01,1.403620880691e-01,5.413030123783e-01,3.856475917569e+00
5.335193519352e-01,1.403883780276e-01,5.413974837136e-01,3.856426659529e+00
5.336192619262e-01,1.404146679860e-01,5.414919594839e-01,3.856377451520e+00
5.337191719172e-01,1.404409579444e-01,5.415864396902e-01,3.856328293521e+00
5.338190819082e-01,1.404672479029e-01,5.416809243335e-01,3.856279185509e+00
5.339189918992e-01,1.404935378613e-01,5.417754134148e-01,3.856230127465e+00
5.340189018902e-01,1.405198278197e-01,5.418699069351e-01,3.856181119367e+00
5.341188118812e-01,1.405461177782e-01,5.419644048953e-01,3.856132161194e+00
5.342187218722e-01,1.405724077366e-01,5.420589072964e-01,3.856083252925e+00
5.343186318632e-01,1.405986976950e-01,5.421534141394e-01,3.856034394539e+00
5.344185418542e-01,1.406249876534e-01,5.422479254253e-01,3.855985586016e+00
5.345184518452e-01,1.406512776119e-01,5.423424411551e-01,3.855936827333e+00
5.346183618362e-01,1.406775675703e-01,5.424369613298e-01,3.855888118471e+00
5.347182718272e-01,1.407038575287e-01,5.425314859503e-01,3.855839459408e+00
5.348181818182e-01,1.407301474872e-01,5.426260150176e-01,3.855790850124e+00
5.349180918092e-01,1.407564374456e-01,5.427205485328e-01,3.855742290597e+00
5.350180018002e-01,1.407827274040e-01,5.428150864967e-01,3.855693780806e+00
5.351179117912e-01,1.408090173625e-01,5.429096289104e-01,3.855645320731e+00
5.352178217822e-01,1.408353073209e-01,5.430041757749e-01,3.855596910352e+00
5.353177317732e-01,1.408615972793e-01,5.430987270911e-01,3.855548549646e+00
5.354176417642e-01,1.408878872378e-01,5.431932828600e-01,3.855500238593e+00
5.355175517552e-01,1.409141771962e-01,5.432878430827e-01,3.855451977172e+00
5.356174617462e-01,1.409404671546e-01,5.433824077601e-01,3.855403765363e+00
5.357173717372e-01,1.409667571131e-01,5.434769768931e-01,3.855355603145e+00
5.358172817282e-01,1.409930470715e-01,5.435715504828e-01,3.855307490497e+00
5.359171917192e-01,1.410193370299e-01,5.436661285301e-01,3.855259427398e+00
5.360171017102e-01,1.410456269884e-01,5.437607110361e-01,3.855211413828e+00
5.361170117012e-01,1.410719169468e-01,5.438552980017e-01,3.855163449766e+00
5.362169216922e-01,1.410982069052e-01,5.439498894278e-01,3.855115535190e+00
5.363168316832e-01,1.411244968637e-01,5.440444853156e-01,3.855067670081e+00
5.364167416742e-01,1.411507868221e-01,5.441390856659e-01,3.855019854418e+00
5.365166516652e-01,1.411770767805e-01,5.442336904798e-01,3.854972088180e+00
5.366165616562e-01,1.412033667390e-01,5.443282997582e-01,3.854924371347e+00
5.367164716472e-01,1.412296566974e-01,5.444229135021e-01,3.854876703897e+00
5.368163816382e-01,1.412559466558e-01,5.445175317125e-01,3.854829085810e+00
5.369162916292e-01,1.412822366143e-01,5.446121543904e-01,3.854781517067e+00
5.370162016202e-01,1.413085265727e-01,5.447067815368e-01,3.854733997645e+00
5.371161116112e-01,1.413348165311e-01,5.448014131526e-01,3.854686527525e+00
5.372160216022e-01,1.413611064895e-01,5.448960492389e-01,3.854639106685e+00
5.373159315932e-01,1.413873964480e-01,5.449906897966e-01,3.854591735106e+00
5.374158415842e-01,1.414136864064e-01,5.450853348267e-01,3.854544412767e+00
5.375157515752e-01,1.414399763648e-01,5.451799843302e-01,3.854497139648e+00
5.376156615662e-01,1.414662663233e-01,5.452746383080e-01,3.854449915727e+00
5.377155715572e-01,1.414925562817e-01,5.453692967612e-01,3.854402740985e+00
5.378154815482e-01,1.415188462401e-01,5.454639596908e-01,3.854355615401e+00
5.379153915392e-01,1.415451361986e-01,5.455586270977e-01,3.854308538955e+00
5.380153015302e-01,1.415714261570e-01,5.456532989829e-01,3.854261511625e+00
5.381152115212e-01,1.415977161154e-01,5.457479753473e-01,3.854214533393e+00
5.382151215122e-01,1.416240060739e-01,5.458426561921e-01,3.854167604237e+00
5.383150315032e-01,1.416502960323e-01,5.459373415181e-01,3.854120724136e+00
5.384149414941e-01,1.416765859907e-01,5.460320313264e-01,3.854073893072e+00
5.385148514851e-01,1.417028759492e-01,5.461267256179e-01,3.854027111022e+00
5.386147614761e-01,1.417291659076e-01,5.462214243936e-01,3.853980377968e+00
5.387146714671e-01,1.417554558660e-01,5.463161276546e-01,3.853933693888e+00
5.388145814581e-01,1.417817458245e-01,5.464108354017e-01,3.853887058763e+00
5.389144914491e-01,1.418080357829e-01,5.465055476360e-01,3.853840472572e+00
5.390144014401e-01,1.418343257413e-01,5.466002643584e-01,3.853793935294e+00
5.391143114311e-01,1.418606156998e-01,5.466949855700e-01,3.853747446910e+00
5.392142214221e-01,1.418869056582e-01,5.467897112717e-01,3.853701007399e+00
5.393141314131e-01,1.419131956166e-01,5.468844414646e-01,3.853654616742e+00
5.394140414041e-01,1.419394855751e-01,5.469791761495e-01,3.853608274917e+00
5.395139513951e-01,1.419657755335e-01,5.470739153275e-01,3.853561981905e+00
5.396138613861e-01,1.419920654919e-01,5.471686589995e-01,3.853515737685e+00
5.397137713771e-01,1.420183554504e-01,5.472634071667e-01,3.853469542238e+00
5.398136813681e-01,1.420446454088e-01,5.473581598298e-01,3.853423395543e+00
5.399135913591e-01,1.420709353672e-01,5.474529169900e-01,3.853377297580e+00
5.400135013501e-01,1.420972253256e-01,5.475476786482e-01,3.853331248329e+00
5.401134113411e-01,1.421235152841e-01,5.476424448053e-01,3.853285247770e+00
5.402133213321e-01,1.421498052425e-01,5.477372154625e-01,3.853239295882e+00
5.403132313231e-01,1.421760952009e-01,5.478319906206e-01,3.853193392647e+00
5.404131413141e-01,1.422023851594e-01,5.479267702806e-01,3.853147538043e+00
5.405130513051e-01,1.422286751178e-01,5.480215544436e-01,3.853101732050e+00
5.406129612961e-01,1.422549650762e-01,5.481163431105e-01,3.853055974649e+00
5.407128712871e-01,1.422812550347e-01,5.482111362823e-01,3.853010265820e+00
5.408127812781e-01,1.423075449931e-01,5.483059339600e-01,3.852964605542e+00
5.409126912691e-01,1.423338349515e-01,5.484007361446e-01,3.852918993796e+00
5.410126012601e-01,1.423601249100e-01,5.484955428370e-01,3.852873430561e+00
5.411125112511e-01,1.423864148684e-01,5.485903540383e-01,3.852827915819e+00
5.412124212421e-01,1.424127048268e-01,5.486851697494e-01,3.852782449547e+00
5.413123312331e-01,1.424389947853e-01,5.487799899713e-01,3.852737031728e+00
5.414122412241e-01,1.424652847437e-01,5.488748147050e-01,3.852691662341e+00
5.415121512151e-01,1.424915747021e-01,5.489696439515e-01,3.852646341365e+00
5.416120612061e-01,1.425178646606e-01,5.490644777118e-01,3.852601068782e+00
5.417119711971e-01,1.425441546190e-01,5.491593159868e-01,3.852555844571e+00
5.418118811881e-01,1.425704445774e-01,5.492541587776e-01,3.852510668712e+00
5.419117911791e-01,1.425967345359e-01,5.493490060851e-01,3.852465541187e+00
5.420117011701e-01,1.426230244943e-01,5.494438579103e-01,3.852420461973e+00
5.421116111611e-01,1.426493144527e-01,5.495387142543e-01,3.852375431053e+00
5.422115211521e-01,1.426756044112e-01,5.496335751179e-01,3.852330448406e+00
5.423114311431e-01,1.427018943696e-01,5.497284405022e-01,3.852285514013e+00
5.424113411341e-01,1.427281843280e-01,5.498233104081e-01,3.852240627853e+00
5.425112511251e-01,1.427544742865e-01,5.499181848367e-01,3.852195789907e+00
5.426111611161e-01,1.427807642449e-01,5.500130637889e-01,3.852151000156e+00
5.427110711071e-01,1.428070542033e-01,5.501079472658e-01,3.852106258579e+00
5.428109810981e-01,1.428333441617e-01,5.502028352682e-01,3.852061565156e+00
5.429108910891e-01,1.428596341202e-01,5.502977277973e-01,3.852016919869e+00
5.430108010801e-01,1.428859240786e-01,5.503926248539e-01,3.851972322698e+00
5.431107110711e-01,1.429122140370e-01,5.504875264391e-01,3.851927773622e+00
5.432106210621e-01,1.429385039955e-01,5.505824325538e-01,3.851883272622e+00
5.433105310531e-01,1.429647939539e-01,5.506773431991e-01,3.851838819679e+00
5.434104410441e-01,1.429910839123e-01,5.507722583758e-01,3.851794414773e+00
5.435103510351e-01,1.430173738708e-01,5.508671780851e-01,3.851750057884e+00
5.436102610261e-01,1.430436638292e-01,5.509621023279e-01,3.851705748993e+00
5.437101710171e-01,1.430699537876e-01,5.510570311052e-01,3.851661488080e+00
5.438100810081e-01,1.430962437461e-01,5.511519644180e-01,3.851617275126e+00
5.439099909991e-01,1.431225337045e-01,5.512469022672e-01,3.851573110111e+00
5.440099009901e-01,1.431488236629e-01,5.513418446538e-01,3.851528993015e+00
5.441098109811e-01,1.431751136214e-01,5.514367915789e-01,3.851484923820e+00
5.442097209721e-01,1.432014035798e-01,5.515317430434e-01,3.851440902505e+00
5.443096309631e-01,1.432276935382e-01,5.516266990483e-01,3.851396929052e+00
5.444095409541e-01,1.432539834967e-01,5.517216595946e-01,3.851353003440e+00
5.445094509451e-01,1.432802734551e-01,5.518166246832e-01,3.851309125650e+00
5.446093609361e-01,1.433065634135e-01,5.519115943153e-01,3.851265295663e+00
5.447092709271e-01,1.433328533720e-01,5.520065684917e-01,3.851221513460e+00
5.448091809181e-01,1.433591433304e-01,5.521015472134e-01,3.851177779020e+00
5.449090909091e-01,1.433854332888e-01,5.521965304814e-01,3.851134092325e+00
5.450090009001e-01,1.434117232473e-01,5.522915182968e-01,3.851090453356e+00
5.451089108911e-01,1.434380132057e-01,5.523865106605e-01,3.851046862092e+00
5.452088208821e-01,1.434643031641e-01,5.524815075734e-01,3.851003318515e+00
5.453087308731e-01,1.434905931225e-01,5.525765090367e-01,3.850959822605e+00
5.454086408641e-01,1.435168830810e-01,5.526715150511e-01,3.850916374342e+00
5.455085508551e-01,1.435431730394e-01,5.527665256179e-01,3.850872973709e+00
5.456084608461e-01,1.435694629978e-01,5.528615407379e-01,3.850829620684e+00
5.457083708371e-01,1.435957529563e-01,5.529565604121e-01,3.850786315250e+00
5.458082808281e-01,1.436220429147e-01,5.530515846415e-01,3.850743057387e+00
5.459081908191e-01,1.436483328731e-01,5.531466134271e-01,3.850699847075e+00
5.460081008101e-01,1.436746228316e-01,5.532416467699e-01,3.850656684295e+00
5.461080108011e-01,1.437009127900e-01,5.533366846709e-01,3.850613569028e+00
5.462079207921e-01,1.437272027484e-01,5.534317271311e-01,3.850570501255e+00
5.463078307831e-01,1.437534927069e-01,5.535267741514e-01,3.850527480957e+00
5.464077407741e-01,1.437797826653e-01,5.536218257328e-01,3.850484508115e+00
5.465076507651e-01,1.438060726237e-01,5.537168818764e-01,3.850441582708e+00
5.466075607561e-01,1.438323625822e-01,5.538119425831e-01,3.850398704719e+00
5.467074707471e-01,1.438586525406e-01,5.539070078539e-01,3.850355874128e+00
5.468073807381e-01,1.438849424990e-01,5.540020776898e-01,3.850313090917e+00
5.469072907291e-01,1.439112324575e-01,5.540971520918e-01,3.850270355064e+00
5.470072007201e-01,1.439375224159e-01,5.541922310608e-01,3.850227666553e+00
5.471071107111e-01,1.439638123743e-01,5.542873145979e-01,3.850185025364e+00
5.472070207021e-01,1.439901023328e-01,5.543824027041e-01,3.850142431477e+00
5.473069306931e-01,1.440163922912e-01,5.544774953802e-01,3.850099884874e+00
5.474068406841e-01,1.440426822496e-01,5.545725926274e-01,3.850057385535e+00
5.475067506751e-01,1.440689722081e-01,5.546676944467e-01,3.850014933442e+00
5.476066606661e-01,1.440952621665e-01,5.547628008389e-01,3.849972528576e+00
5.477065706571e-01,1.441215521249e-01,5.548579118051e-01,3.849930170917e+00
5.478064806481e-01,1.441478420834e-01,5.549530273463e-01,3.849887860446e+00
5.479063906391e-01,1.441741320418e-01,5.550481474634e-01,3.849845597146e+00
5.480063006301e-01,1.442004220002e-01,5.551432721575e-01,3.849803380996e+00
5.481062106211e-01,1.442267119586e-01,5.552384014296e-01,3.849761211978e+00
5.482061206121e-01,1.442530019171e-01,5.553335352805e-01,3.849719090073e+00
5.483060306031e-01,1.442792918755e-01,5.554286737115e-01,3.849677015262e+00
5.484059405941e-01,1.443055818339e-01,5.555238167233e-01,3.849634987526e+00
5.485058505851e-01,1.443318717924e-01,5.556189643170e-01,3.849593006846e+00
5.486057605761e-01,1.443581617508e-01,5.557141164936e-01,3.849551073204e+00
5.487056705671e-01,1.443844517092e-01,5.558092732541e-01,3.849509186580e+00
5.488055805581e-01,1.444107416677e-01,5.559044345994e-01,3.849467346956e+00
5.489054905491e-01,1.444370316261e-01,5.559996005306e-01,3.849425554313e+00
5.490054005401e-01,1.444633215845e-01,5.560947710487e-01,3.849383808632e+00
5.491053105311e-01,1.444896115430e-01,5.561899461546e-01,3.849342109894e+00
5.492052205221e-01,1.445159015014e-01,5.562851258493e-01,3.849300458081e+00
5.493051305131e-01,1.445421914598e-01,5.563803101338e-01,3.849258853173e+00
5.494050405041e-01,1.445684814183e-01,5.564754990092e-01,3.849217295153e+00
5.495049504950e-01,1.445947713767e-01,5.565706924763e-01,3.849175784001e+00
5.496048604860e-01,1.446210613351e-01,5.566658905362e-01,3.849134319698e+00
5.497047704770e-01,1.446473512936e-01,5.567610931899e-01,3.849092902227e+00
5.498046804680e-01,1.446736412520e-01,5.568563004384e-01,3.849051531567e+00
5.499045904590e-01,1.446999312104e-01,5.569515122826e-01,3.849010207701e+00
5.500045004500e-01,1.447262211689e-01,5.570467287235e-01,3.848968930610e+00
5.501044104410e-01,1.447525111273e-01,5.571419497622e-01,3.848927700275e+00
5.502043204320e-01,1.447788010857e-01,5.572371753996e-01,3.848886516678e+00
5.503042304230e-01,1.448050910442e-01,5.573324056368e-01,3.848845379800e+00
5.504041404140e-01,1.448313810026e-01,5.574276404746e-01,3.848804289622e+00
5.505040504050e-01,1.448576709610e-01,5.575228799141e-01,3.848763246125e+00
5.506039603960e-01,1.448839609195e-01,5.576181239563e-01,3.848722249292e+00
5.507038703870e-01,1.449102508779e-01,5.577133726022e-01,3.848681299104e+00
5.508037803780e-01,1.449365408363e-01,5.578086258527e-01,3.848640395542e+00
5.509036903690e-01,1.449628307947e-01,5.579038837089e-01,3.848599538587e+00
5.510036003600e-01,1.449891207532e-01,5.579991461718e-01,3.848558728221e+00
5.511035103510e-01,1.450154107116e-01,5.580944132423e-01,3.848517964426e+00
5.512034203420e-01,1.450417006700e-01,5.581896849214e-01,3.848477247183e+00
5.513033303330e-01,1.450679906285e-01,5.582849612101e-01,3.848436576473e+00
5.514032403240e-01,1.450942805869e-01,5.583802421095e-01,3.848395952279e+00
5.515031503150e-01,1.451205705453e-01,5.584755276204e-01,3.848355374581e+00
5.516030603060e-01,1.451468605038e-01,5.585708177440e-01,3.848314843361e+00
5.517029702970e-01,1.451731504622e-01,5.586661124811e-01,3.848274358601e+00
5.518028802880e-01,1.451994404206e-01,5.587614118328e-01,3.848233920283e+00
5.519027902790e-01,1.452257303791e-01,5.588567158000e-01,3.848193528387e+00
5.520027002700e-01,1.452520203375e-01,5.589520243838e-01,3.848153182896e+00
5.521026102610e-01,1.452783102959e-01,5.590473375852e-01,3.848112883791e+00
5.522025202520e-01,1.453046002544e-01,5.591426554051e-01,3.848072631054e+00
5.523024302430e-01,1.453308902128e-01,5.592379778445e-01,3.848032424666e+00
5.524023402340e-01,1.453571801712e-01,5.593333049044e-01,3.847992264610e+00
5.525022502250e-01,1.453834701297e-01,5.594286365859e-01,3.847952150867e+00
5.526021602160e-01,1.454097600881e-01,5.595239728899e-01,3.847912083418e+00
5.527020702070e-01,1.454360500465e-01,5.596193138173e-01,3.847872062245e+00
5.528019801980e-01,1.454623400050e-01,5.597146593693e-01,3.847832087330e+00
5.529018901890e-01,1.454886299634e-01,5.598100095467e-01,3.847792158656e+00
5.530018001800e-01,1.455149199218e-01,5.599053643506e-01,3.847752276202e+00
5.531017101710e-01,1.455412098803e-01,5.600007237819e-01,3.847712439952e+00
5.532016201620e-01,1.455674998387e-01,5.600960878417e-01,3.847672649887e+00
5.533015301530e-01,1.455937897971e-01,5.601914565310e-01,3.847632905989e+00
5.534014401440e-01,1.456200797556e-01,5.602868298507e-01,3.847593208239e+00
5.535013501350e-01,1.456463697140e-01,5.603822078018e-01,3.847553556620e+00
5.536012601260e-01,1.456726596724e-01,5.604775903854e-01,3.847513951113e+00
5.537011701170e-01,1.456989496308e-01,5.605729776023e-01,3.847474391700e+00
5.538010801080e-01,1.457252395893e-01,5.606683694537e-01,3.847434878364e+00
5.539009900990e-01,1.457515295477e-01,5.607637659405e-01,3.847395411085e+00
5.540009000900e-01,1.457778195061e-01,5.608591670636e-01,3.847355989846e+00
5.541008100810e-01,1.458041094646e-01,5.609545728242e-01,3.847316614629e+00
5.542007200720e-01,1.458303994230e-01,5.610499832231e-01,3.847277285415e+00
5.543006300630e-01,1.458566893814e-01,5.611453982614e-01,3.847238002187e+00
5.544005400540e-01,1.458829793399e-01,5.612408179401e-01,3.847198764926e+00
5.545004500450e-01,1.459092692983e-01,5.613362422601e-01,3.847159573615e+00
5.546003600360e-01,1.459355592567e-01,5.614316712225e-01,3.847120428235e+00
5.547002700270e-01,1.459618492152e-01,5.615271048282e-01,3.847081328768e+00
5.548001800180e-01,1.459881391736e-01,5.616225430782e-01,3.847042275197e+00
5.549000900090e-01,1.460144291320e-01,5.617179859736e-01,3.847003267504e+00
5.550000000000e-01,1.460407190905e-01,5.618134335153e-01,3.846964305669e+00
5.550999099910e-01,1.460670090489e-01,5.619088857043e-01,3.846925389676e+00
5.551998199820e-01,1.460932990073e-01,5.620043425416e-01,3.846886519507e+00
5.552997299730e-01,1.461195889658e-01,5.620998040282e-01,3.846847695143e+00
5.553996399640e-01,1.461458789242e-01,5.621952701652e-01,3.846808916567e+00
5.554995499550e-01,1.461721688826e-01,5.622907409534e-01,3.846770183761e+00
5.555994599460e-01,1.461984588411e-01,5.623862163938e-01,3.846731496706e+00
5.556993699370e-01,1.462247487995e-01,5.624816964876e-01,3.846692855386e+00
5.557992799280e-01,1.462510387579e-01,5.625771812356e-01,3.846654259781e+00
5.558991899190e-01,1.462773287164e-01,5.626726706389e-01,3.846615709875e+00
5.559990999100e-01,1.463036186748e-01,5.627681646984e-01,3.846577205649e+00
5.560990099010e-01,1.463299086332e-01,5.628636634152e-01,3.846538747086e+00
5.561989198920e-01,1.463561985917e-01,5.629591667903e-01,3.846500334168e+00
5.562988298830e-01,1.463824885501e-01,5.630546748246e-01,3.846461966876e+00
5.563987398740e-01,1.464087785085e-01,5.631501875191e-01,3.846423645194e+00
5.564986498650e-01,1.464350684669e-01,5.632457048748e-01,3.846385369103e+00
5.565985598560e-01,1.464613584254e-01,5.633412268928e-01,3.846347138585e+00
5.566984698470e-01,1.464876483838e-01,5.634367535739e-01,3.846308953624e+00
5.567983798380e-01,1.465139383422e-01,5.635322849193e-01,3.846270814200e+00
5.568982898290e-01,1.465402283007e-01,5.636278209299e-01,3.846232720297e+00
5.569981998200e-01,1.465665182591e-01,5.637233616067e-01,3.846194671897e+00
5.570981098110e-01,1.465928082175e-01,5.638189069507e-01,3.846156668982e+00
5.571980198020e-01,1.466190981760e-01,5.639144569629e-01,3.846118711534e+00
5.572979297930e-01,1.466453881344e-01,5.640100116442e-01,3.846080799536e+00
5.573978397840e-01,1.466716780928e-01,5.641055709957e-01,3.846042932970e+00
5.574977497750e-01,1.466979680513e-01,5.642011350184e-01,3.846005111818e+00
5.575976597660e-01,1.467242580097e-01,5.642967037133e-01,3.845967336062e+00
5.576975697570e-01,1.467505479681e-01,5.643922770814e-01,3.845929605686e+00
5.577974797480e-01,1.467768379266e-01,5.644878551235e-01,3.845891920672e+00
5.578973897390e-01,1.468031278850e-01,5.645834378409e-01,3.845854281001e+00
5.579972997300e-01,1.468294178434e-01,5.646790252344e-01,3.845816686657e+00
5.580972097210e-01,1.468557078019e-01,5.647746173050e-01,3.845779137621e+00
5.581971197120e-01,1.468819977603e-01,5.648702140538e-01,3.845741633877e+00
5.582970297030e-01,1.469082877187e-01,5.649658154817e-01,3.845704175407e+00
5.583969396940e-01,1.469345776772e-01,5.650614215898e-01,3.845666762192e+00
5.584968496850e-01,1.469608676356e-01,5.651570323790e-01,3.845629394216e+00
5.585967596760e-01,1.469871575940e-01,5.652526478503e-01,3.845592071462e+00
5.586966696670e-01,1.470134475525e-01,5.653482680047e-01,3.845554793911e+00
5.587965796580e-01,1.470397375109e-01,5.654438928432e-01,3.845517561546e+00
5.588964896490e-01,1.470660274693e-01,5.655395223668e-01,3.845480374350e+00
5.589963996400e-01,1.470923174278e-01,5.656351565766e-01,3.845443232305e+00
5.590963096310e-01,1.471186073862e-01,5.657307954734e-01,3.845406135394e+00
5.591962196220e-01,1.471448973446e-01,5.658264390584e-01,3.845369083599e+00
5.592961296130e-01,1.471711873030e-01,5.659220873324e-01,3.845332076904e+00
5.593960396040e-01,1.471974772615e-01,5.660177402966e-01,3.845295115290e+00
5.594959495950e-01,1.472237672199e-01,5.661133979518e-01,3.845258198740e+00
5.595958595860e-01,1.472500571783e-01,5.662090602991e-01,3.845221327237e+00
5.596957695770e-01,1.472763471368e-01,5.663047273395e-01,3.845184500764e+00
5.597956795680e-01,1.473026370952e-01,5.664003990740e-01,3.845147719303e+00
5.598955895590e-01,1.473289270536e-01,5.664960755035e-01,3.845110982837e+00
5.599954995500e-01,1.473552170121e-01,5.665917566291e-01,3.845074291348e+00
5.600954095410e-01,1.473815069705e-01,5.666874424518e-01,3.845037644819e+00
5.601953195320e-01,1.474077969289e-01,5.667831329725e-01,3.845001043234e+00
5.602952295230e-01,1.474340868874e-01,5.668788281924e-01,3.844964486574e+00
5.603951395140e-01,1.474603768458e-01,5.669745281122e-01,3.844927974822e+00
5.604950495050e-01,1.474866668042e-01,5.670702327332e-01,3.844891507962e+00
5.605949594959e-01,1.475129567627e-01,5.671659420561e-01,3.844855085975e+00
5.606948694869e-01,1.475392467211e-01,5.672616560822e-01,3.844818708845e+00
5.607947794779e-01,1.475655366795e-01,5.673573748122e-01,3.844782376554e+00
5.608946894689e-01,1.475918266380e-01,5.674530982474e-01,3.844746089086e+00
5.609945994599e-01,1.476181165964e-01,5.675488263885e-01,3.844709846423e+00
5.610945094509e-01,1.476444065548e-01,5.676445592368e-01,3.844673648547e+00
5.611944194419e-01,1.476706965133e-01,5.677402967930e-01,3.844637495443e+00
5.612943294329e-01,1.476969864717e-01,5.678360390583e-01,3.844601387092e+00
5.613942394239e-01,1.477232764301e-01,5.679317860336e-01,3.844565323477e+00
5.614941494149e-01,1.477495663886e-01,5.680275377200e-01,3.844529304582e+00
5.615940594059e-01,1.477758563470e-01,5.681232941184e-01,3.844493330388e+00
5.616939693969e-01,1.478021463054e-01,5.682190552298e-01,3.844457400880e+00
5.617938793879e-01,1.478284362639e-01,5.683148210553e-01,3.844421516040e+00
5.618937893789e-01,1.478547262223e-01,5.684105915958e-01,3.844385675851e+00
5.619936993699e-01,1.478810161807e-01,5.685063668523e-01,3.844349880295e+00
5.620936093609e-01,1.479073061391e-01,5.686021468258e-01,3.844314129357e+00
5.621935193519e-01,1.479335960976e-01,5.686979315174e-01,3.844278423018e+00
5.622934293429e-01,1.479598860560e-01,5.687937209279e-01,3.844242761262e+00
5.623933393339e-01,1.479861760144e-01,5.688895150585e-01,3.844207144071e+00
5.624932493249e-01,1.480124659729e-01,5.689853139102e-01,3.844171571430e+00
5.625931593159e-01,1.480387559313e-01,5.690811174838e-01,3.844136043320e+00
5.626930693069e-01,1.480650458897e-01,5.691769257805e-01,3.844100559725e+00
5.627929792979e-01,1.480913358482e-01,5.692727388011e-01,3.844065120628e+00
5.628928892889e-01,1.481176258066e-01,5.693685565468e-01,3.844029726011e+00
5.629927992799e-01,1.481439157650e-01,5.694643790185e-01,3.843994375859e+00
5.630927092709e-01,1.481702057235e-01,5.695602062172e-01,3.843959070153e+00
5.631926192619e-01,1.481964956819e-01,5.696560381440e-01,3.843923808878e+00
5.632925292529e-01,1.482227856403e-01,5.697518747997e-01,3.843888592016e+00
5.633924392439e-01,1.482490755988e-01,5.698477161855e-01,3.843853419550e+00
5.634923492349e-01,1.482753655572e-01,5.699435623022e-01,3.843818291464e+00
5.635922592259e-01,1.483016555156e-01,5.700394131510e-01,3.843783207740e+00
5.636921692169e-01,1.483279454741e-01,5.701352687328e-01,3.843748168362e+00
5.637920792079e-01,1.483542354325e-01,5.702311290486e-01,3.843713173313e+00
5.638919891989e-01,1.483805253909e-01,5.703269940994e-01,3.843678222576e+00
5.639918991899e-01,1.484068153494e-01,5.704228638863e-01,3.843643316134e+00
5.640918091809e-01,1.484331053078e-01,5.705187384101e-01,3.843608453970e+00
5.641917191719e-01,1.484593952662e-01,5.706146176720e-01,3.843573636069e+00
5.642916291629e-01,1.484856852247e-01,5.707105016728e-01,3.843538862412e+00
5.643915391539e-01,1.485119751831e-01,5.708063904137e-01,3.843504132984e+00
5.644914491449e-01,1.485382651415e-01,5.709022838956e-01,3.843469447766e+00
5.645913591359e-01,1.485645551000e-01,5.709981821196e-01,3.843434806744e+00
5.646912691269e-01,1.485908450584e-01,5.710940850865e-01,3.843400209899e+00
5.647911791179e-01,1.486171350168e-01,5.711899927975e-01,3.843365657216e+00
5.648910891089e-01,1.486434249752e-01,5.712859052534e-01,3.843331148677e+00
5.649909990999e-01,1.486697149337e-01,5.713818224554e-01,3.843296684266e+00
5.650909090909e-01,1.486960048921e-01,5.714777444045e-01,3.843262263967e+00
5.651908190819e-01,1.487222948505e-01,5.715736711015e-01,3.843227887761e+00
5.652907290729e-01,1.487485848090e-01,5.716696025476e-01,3.843193555634e+00
5.653906390639e-01,1.487748747674e-01,5.717655387436e-01,3.843159267568e+00
5.654905490549e-01,1.488011647258e-01,5.718614796908e-01,3.843125023547e+00
5.655904590459e-01,1.488274546843e-01,5.719574253899e-01,3.843090823553e+00
5.656903690369e-01,1.488537446427e-01,5.720533758421e-01,3.843056667571e+00
5.657902790279e-01,1.488800346011e-01,5.721493310483e-01,3.843022555584e+00
5.658901890189e-01,1.489063245596e-01,5.722452910095e-01,3.842988487575e+00
5.659900990099e-01,1.489326145180e-01,5.723412557268e-01,3.842954463528e+00
5.660900090009e-01,1.489589044764e-01,5.724372252011e-01,3.842920483425e+00
5.661899189919e-01,1.489851944349e-01,5.725331994334e-01,3.842886547252e+00
5.662898289829e-01,1.490114843933e-01,5.726291784248e-01,3.842852654990e+00
5.663897389739e-01,1.490377743517e-01,5.727251621763e-01,3.842818806624e+00
5.664896489649e-01,1.490640643102e-01,5.728211506888e-01,3.842785002138e+00
5.665895589559e-01,1.490903542686e-01,5.729171439633e-01,3.842751241513e+00
5.666894689469e-01,1.491166442270e-01,5.730131420009e-01,3.842717524735e+00
5.667893789379e-01,1.491429341855e-01,5.731091448025e-01,3.842683851787e+00
5.668892889289e-01,1.491692241439e-01,5.732051523692e-01,3.842650222651e+00
5.669891989199e-01,1.491955141023e-01,5.733011647020e-01,3.842616637312e+00
5.670891089109e-01,1.492218040608e-01,5.733971818018e-01,3.842583095754e+00
5.671890189019e-01,1.492480940192e-01,5.734932036697e-01,3.842549597960e+00
5.672889288929e-01,1.492743839776e-01,5.735892303066e-01,3.842516143913e+00
5.673888388839e-01,1.493006739360e-01,5.736852617137e-01,3.842482733597e+00
5.674887488749e-01,1.493269638945e-01,5.737812978918e-01,3.842449366996e+00
5.675886588659e-01,1.493532538529e-01,5.738773388419e-01,3.842416044093e+00
5.676885688569e-01,1.493795438113e-01,5.739733845652e-01,3.842382764872e+00
5.677884788479e-01,1.494058337698e-01,5.740694350626e-01,3.842349529317e+00
5.678883888389e-01,1.494321237282e-01,5.741654903350e-01,3.842316337412e+00
5.679882988299e-01,1.494584136866e-01,5.742615503835e-01,3.842283189139e+00
5.680882088209e-01,1.494847036451e-01,5.743576152092e-01,3.842250084483e+00
5.681881188119e-01,1.495109936035e-01,5.744536848129e-01,3.842217023427e+00
5.682880288029e-01,1.495372835619e-01,5.745497591958e-01,3.842184005956e+00
5.683879387939e-01,1.495635735204e-01,5.746458383587e-01,3.842151032052e+00
5.684878487849e-01,1.495898634788e-01,5.747419223028e-01,3.842118101700e+00
5.685877587759e-01,1.496161534372e-01,5.748380110290e-01,3.842085214884e+00
5.686876687669e-01,1.496424433957e-01,5.749341045383e-01,3.842052371586e+00
5.687875787579e-01,1.496687333541e-01,5.750302028317e-01,3.842019571792e+00
5.688874887489e-01,1.496950233125e-01,5.751263059103e-01,3.841986815484e+00
5.689873987399e-01,1.497213132710e-01,5.752224137750e-01,3.841954102647e+00
5.690873087309e-01,1.497476032294e-01,5.753185264269e-01,3.841921433264e+00
5.691872187219e-01,1.497738931878e-01,5.754146438669e-01,3.841888807319e+00
5.692871287129e-01,1.498001831463e-01,5.755107660960e-01,3.841856224796e+00
5.693870387039e-01,1.498264731047e-01,5.756068931153e-01,3.841823685679e+00
5.694869486949e-01,1.498527630631e-01,5.757030249258e-01,3.841791189952e+00
5.695868586859e-01,1.498790530216e-01,5.757991615285e-01,3.841758737598e+00
5.696867686769e-01,1.499053429800e-01,5.758953029243e-01,3.841726328602e+00
5.697866786679e-01,1.499316329384e-01,5.759914491143e-01,3.841693962947e+00
5.698865886589e-01,1.499579228969e-01,5.760876000995e-01,3.841661640617e+00
5.699864986499e-01,1.499842128553e-01,5.761837558808e-01,3.841629361597e+00
5.700864086409e-01,1.500105028137e-01,5.762799164594e-01,3.841597125870e+00
5.701863186319e-01,1.500367927721e-01,5.763760818362e-01,3.841564933419e+00
5.702862286229e-01,1.500630827306e-01,5.764722520122e-01,3.841532784230e+00
5.703861386139e-01,1.500893726890e-01,5.765684269884e-01,3.841500678286e+00
5.704860486049e-01,1.501156626474e-01,5.766646067658e-01,3.841468615571e+00
5.705859585959e-01,1.501419526059e-01,5.767607913454e-01,3.841436596069e+00
5.706858685869e-01,1.501682425643e-01,5.768569807283e-01,3.841404619764e+00
5.707857785779e-01,1.501945325227e-01,5.769531749155e-01,3.841372686640e+00
5.708856885689e-01,1.502208224812e-01,5.770493739078e-01,3.841340796680e+00
5.709855985599e-01,1.502471124396e-01,5.771455777064e-01,3.841308949870e+00
5.710855085509e-01,1.502734023980e-01,5.772417863123e-01,3.841277146194e+00
5.711854185419e-01,1.502996923565e-01,5.773379997265e-01,3.841245385634e+00
5.712853285329e-01,1.503259823149e-01,5.774342179499e-01,3.841213668176e+00
5.713852385239e-01,1.503522722733e-01,5.775304409836e-01,3.841181993803e+00
5.714851485149e-01,1.503785622318e-01,5.776266688286e-01,3.841150362499e+00
5.715850585059e-01,1.504048521902e-01,5.777229014859e-01,3.841118774249e+00
5.716849684968e-01,1.504311421486e-01,5.778191389565e-01,3.841087229037e+00
5.717848784878e-01,1.504574321071e-01,5.779153812414e-01,3.841055726846e+00
5.718847884788e-01,1.504837220655e-01,5.780116283417e-01,3.841024267662e+00
5.719846984698e-01,1.505100120239e-01,5.781078802582e-01,3.840992851468e+00
5.720846084608e-01,1.505363019824e-01,5.782041369921e-01,3.840961478248e+00
5.721845184518e-01,1.505625919408e-01,5.783003985444e-01,3.840930147987e+00
5.722844284428e-01,1.505888818992e-01,5.783966649160e-01,3.840898860668e+00
5.723843384338e-01,1.506151718577e-01,5.784929361079e-01,3.840867616276e+00
5.724842484248e-01,1.506414618161e-01,5.785892121212e-01,3.840836414795e+00
5.725841584158e-01,1.506677517745e-01,5.786854929569e-01,3.840805256210e+00
5.726840684068e-01,1.506940417330e-01,5.787817786160e-01,3.840774140504e+00
5.727839783978e-01,1.507203316914e-01,5.788780690995e-01,3.840743067663e+00
5.728838883888e-01,1.507466216498e-01,5.789743644084e-01,3.840712037669e+00
5.729837983798e-01,1.507729116082e-01,5.790706645437e-01,3.840681050508e+00
5.730837083708e-01,1.507992015667e-01,5.791669695064e-01,3.840650106163e+00
5.731836183618e-01,1.508254915251e-01,5.792632792975e-01,3.840619204619e+00
5.732835283528e-01,1.508517814835e-01,5.793595939181e-01,3.840588345861e+00
5.733834383438e-01,1.508780714420e-01,5.794559133691e-01,3.840557529872e+00
5.734833483348e-01,1.509043614004e-01,5.795522376516e-01,3.840526756638e+00
5.735832583258e-01,1.509306513588e-01,5.796485667665e-01,3.840496026141e+00
5.736831683168e-01,1.509569413173e-01,5.797449007149e-01,3.840465338367e+00
5.737830783078e-01,1.509832312757e-01,5.798412394979e-01,3.840434693301e+00
5.738829882988e-01,1.510095212341e-01,5.799375831163e-01,3.840404090925e+00
5.739828982898e-01,1.510358111926e-01,5.800339315712e-01,3.840373531226e+00
5.740828082808e-01,1.510621011510e-01,5.801302848636e-01,3.840343014186e+00
5.741827182718e-01,1.510883911094e-01,5.802266429945e-01,3.840312539792e+00
5.742826282628e-01,1.511146810679e-01,5.803230059650e-01,3.840282108026e+00
5.743825382538e-01,1.511409710263e-01,5.804193737760e-01,3.840251718874e+00
5.744824482448e-01,1.511672609847e-01,5.805157464286e-01,3.840221372320e+00
5.745823582358e-01,1.511935509432e-01,5.806121239238e-01,3.840191068348e+00
5.746822682268e-01,1.512198409016e-01,5.807085062625e-01,3.840160806943e+00
5.747821782178e-01,1.512461308600e-01,5.808048934458e-01,3.840130588090e+00
5.748820882088e-01,1.512724208185e-01,5.809012854747e-01,3.840100411772e+00
5.749819981998e-01,1.512987107769e-01,5.809976823503e-01,3.840070277975e+00
5.750819081908e-01,1.513250007353e-01,5.810940840734e-01,3.840040186683e+00
5.751818181818e-01,1.513512906938e-01,5.811904906452e-01,3.840010137880e+00
5.752817281728e-01,1.513775806522e-01,5.812869020666e-01,3.839980131551e+00
5.753816381638e-01,1.514038706106e-01,5.813833183387e-01,3.839950167680e+00
5.754815481548e-01,1.514301605691e-01,5.814797394624e-01,3.839920246253e+00
5.755814581458e-01,1.514564505275e-01,5.815761654388e-01,3.839890367253e+00
5.756813681368e-01,1.514827404859e-01,5.816725962690e-01,3.839860530666e+00
5.757812781278e-01,1.515090304443e-01,5.817690319538e-01,3.839830736475e+00
5.758811881188e-01,1.515353204028e-01,5.818654724943e-01,3.839800984666e+00
5.759810981098e-01,1.515616103612e-01,5.819619178915e-01,3.839771275223e+00
5.760810081008e-01,1.515879003196e-01,5.820583681465e-01,3.839741608131e+00
5.761809180918e-01,1.516141902781e-01,5.821548232603e-01,3.839711983374e+00
5.762808280828e-01,1.516404802365e-01,5.822512832338e-01,3.839682400937e+00
5.763807380738e-01,1.516667701949e-01,5.823477480680e-01,3.839652860805e+00
5.764806480648e-01,1.516930601534e-01,5.824442177641e-01,3.839623362962e+00
5.765805580558e-01,1.517193501118e-01,5.825406923230e-01,3.839593907393e+00
5.766804680468e-01,1.517456400702e-01,5.826371717456e-01,3.839564494083e+00
5.767803780378e-01,1.517719300287e-01,5.827336560331e-01,3.839535123017e+00
5.768802880288e-01,1.517982199871e-01,5.828301451865e-01,3.839505794179e+00
5.769801980198e-01,1.518245099455e-01,5.829266392067e-01,3.839476507553e+00
5.770801080108e-01,1.518507999040e-01,5.830231380947e-01,3.839447263126e+00
5.771800180018e-01,1.518770898624e-01,5.831196418517e-01,3.839418060881e+00
5.772799279928e-01,1.519033798208e-01,5.832161504785e-01,3.839388900803e+00
5.773798379838e-01,1.519296697793e-01,5.833126639762e-01,3.839359782877e+00
5.774797479748e-01,1.519559597377e-01,5.834091823459e-01,3.839330707088e+00
5.775796579658e-01,1.519822496961e-01,5.835057055885e-01,3.839301673420e+00
5.776795679568e-01,1.520085396546e-01,5.836022337050e-01,3.839272681859e+00
5.777794779478e-01,1.520348296130e-01,5.836987666965e-01,3.839243732389e+00
5.778793879388e-01,1.520611195714e-01,5.837953045640e-01,3.839214824995e+00
5.779792979298e-01,1.520874095299e-01,5.838918473085e-01,3.839185959662e+00
5.780792079208e-01,1.521136994883e-01,5.839883949309e-01,3.839157136375e+00
5.781791179118e-01,1.521399894467e-01,5.840849474324e-01,3.839128355119e+00
5.782790279028e-01,1.521662794052e-01,5.841815048139e-01,3.839099615878e+00
5.783789378938e-01,1.521925693636e-01,5.842780670765e-01,3.839070918638e+00
5.784788478848e-01,1.522188593220e-01,5.843746342211e-01,3.839042263383e+00
5.785787578758e-01,1.522451492804e-01,5.844712062488e-01,3.839013650098e+00
5.786786678668e-01,1.522714392389e-01,5.845677831607e-01,3.838985078768e+00
5.787785778578e-01,1.522977291973e-01,5.846643649576e-01,3.838956549379e+00
5.788784878488e-01,1.523240191557e-01,5.847609516406e-01,3.838928061915e+00
5.789783978398e-01,1.523503091142e-01,5.848575432108e-01,3.838899616360e+00
5.790783078308e-01,1.523765990726e-01,5.849541396691e-01,3.838871212701e+00
5.791782178218e-01,1.524028890310e-01,5.850507410166e-01,3.838842850922e+00
5.792781278128e-01,1.524291789895e-01,5.851473472543e-01,3.838814531007e+00
5.793780378038e-01,1.524554689479e-01,5.852439583832e-01,3.838786252943e+00
5.794779477948e-01,1.524817589063e-01,5.853405744043e-01,3.838758016714e+00
5.795778577858e-01,1.525080488648e-01,5.854371953187e-01,3.838729822304e+00
5.796777677768e-01,1.525343388232e-01,5.855338211273e-01,3.838701669700e+00
5.797776777678e-01,1.525606287816e-01,5.856304518311e-01,3.838673558886e+00
5.798775877588e-01,1.525869187401e-01,5.857270874313e-01,3.838645489847e+00
5.799774977498e-01,1.526132086985e-01,5.858237279287e-01,3.838617462569e+00
5.800774077408e-01,1.526394986569e-01,5.859203733245e-01,3.838589477036e+00
5.801773177318e-01,1.526657886154e-01,5.860170236196e-01,3.838561533233e+00
5.802772277228e-01,1.526920785738e-01,5.861136788151e-01,3.838533631146e+00
5.803771377138e-01,1.527183685322e-01,5.862103389119e-01,3.838505770759e+00
5.804770477048e-01,1.527446584907e-01,5.863070039111e-01,3.838477952058e+00
5.805769576958e-01,1.527709484491e-01,5.864036738137e-01,3.838450175029e+00
5.806768676868e-01,1.527972384075e-01,5.865003486207e-01,3.838422439655e+00
5.807767776778e-01,1.528235283660e-01,5.865970283332e-01,3.838394745922e+00
5.808766876688e-01,1.528498183244e-01,5.866937129521e-01,3.838367093816e+00
5.809765976598e-01,1.528761082828e-01,5.867904024785e-01,3.838339483322e+00
5.810765076508e-01,1.529023982413e-01,5.868870969134e-01,3.838311914424e+00
5.811764176418e-01,1.529286881997e-01,5.869837962578e-01,3.838284387108e+00
5.812763276328e-01,1.529549781581e-01,5.870805005127e-01,3.838256901360e+00
5.813762376238e-01,1.529812681165e-01,5.871772096792e-01,3.838229457164e+00
5.814761476148e-01,1.530075580750e-01,5.872739237583e-01,3.838202054506e+00
5.815760576058e-01,1.530338480334e-01,5.873706427509e-01,3.838174693370e+00
5.816759675968e-01,1.530601379918e-01,5.874673666581e-01,3.838147373743e+00
5.817758775878e-01,1.530864279503e-01,5.875640954810e-01,3.838120095609e+00
5.818757875788e-01,1.531127179087e-01,5.876608292204e-01,3.838092858954e+00
5.819756975698e-01,1.531390078671e-01,5.877575678776e-01,3.838065663763e+00
5.820756075608e-01,1.531652978256e-01,5.878543114534e-01,3.838038510021e+00
5.821755175518e-01,1.531915877840e-01,5.879510599489e-01,3.838011397714e+00
5.822754275428e-01,1.532178777424e-01,5.880478133652e-01,3.837984326827e+00
5.823753375338e-01,1.532441677009e-01,5.881445717031e-01,3.837957297345e+00
5.824752475248e-01,1.532704576593e-01,5.882413349639e-01,3.837930309254e+00
5.825751575158e-01,1.532967476177e-01,5.883381031484e-01,3.837903362539e+00
5.826750675068e-01,1.533230375762e-01,5.884348762577e-01,3.837876457185e+00
5.827749774977e-01,1.533493275346e-01,5.885316542928e-01,3.837849593178e+00
5.828748874887e-01,1.533756174930e-01,5.886284372548e-01,3.837822770503e+00
5.829747974797e-01,1.534019074515e-01,5.887252251446e-01,3.837795989146e+00
5.830747074707e-01,1.534281974099e-01,5.888220179633e-01,3.837769249092e+00
5.831746174617e-01,1.534544873683e-01,5.889188157118e-01,3.837742550326e+00
5.832745274527e-01,1.534807773268e-01,5.890156183913e-01,3.837715892833e+00
5.833744374437e-01,1.535070672852e-01,5.891124260028e-01,3.837689276601e+00
5.834743474347e-01,1.535333572436e-01,5.892092385472e-01,3.837662701612e+00
5.835742574257e-01,1.535596472021e-01,5.893060560256e-01,3.837636167854e+00
5.836741674167e-01,1.535859371605e-01,5.894028784389e-01,3.837609675312e+00
5.837740774077e-01,1.536122271189e-01,5.894997057883e-01,3.837583223971e+00
5.838739873987e-01,1.536385170774e-01,5.895965380748e-01,3.837556813816e+00
5.839738973897e-01,1.536648070358e-01,5.896933752993e-01,3.837530444834e+00
5.840738073807e-01,1.536910969942e-01,5.897902174629e-01,3.837504117009e+00
5.841737173717e-01,1.537173869526e-01,5.898870645666e-01,3.837477830327e+00
5.842736273627e-01,1.537436769111e-01,5.899839166115e-01,3.837451584774e+00
5.843735373537e-01,1.537699668695e-01,5.900807735984e-01,3.837425380336e+00
5.844734473447e-01,1.537962568279e-01,5.901776355286e-01,3.837399216997e+00
5.845733573357e-01,1.538225467864e-01,5.902745024030e-01,3.837373094744e+00
5.846732673267e-01,1.538488367448e-01,5.903713742226e-01,3.837347013561e+00
5.847731773177e-01,1.538751267032e-01,5.904682509884e-01,3.837320973436e+00
5.848730873087e-01,1.539014166617e-01,5.905651327015e-01,3.837294974352e+00
5.849729972997e-01,1.539277066201e-01,5.906620193629e-01,3.837269016296e+00
5.850729072907e-01,1.539539965785e-01,5.907589109736e-01,3.837243099254e+00
5.851728172817e-01,1.539802865370e-01,5.908558075346e-01,3.837217223211e+00
5.852727272727e-01,1.540065764954e-01,5.909527090470e-01,3.837191388153e+00
5.853726372637e-01,1.540328664538e-01,5.910496155118e-01,3.837165594065e+00
5.854725472547e-01,1.540591564123e-01,5.911465269300e-01,3.837139840933e+00
5.855724572457e-01,1.540854463707e-01,5.912434433026e-01,3.837114128742e+00
5.856723672367e-01,1.541117363291e-01,5.913403646306e-01,3.837088457479e+00
5.857722772277e-01,1.541380262876e-01,5.914372909151e-01,3.837062827130e+00
5.858721872187e-01,1.541643162460e-01,5.915342221572e-01,3.837037237679e+00
5.859720972097e-01,1.541906062044e-01,5.916311583577e-01,3.837011689113e+00
5.860720072007e-01,1.542168961629e-01,5.917280995178e-01,3.836986181417e+00
5.861719171917e-01,1.542431861213e-01,5.918250456385e-01,3.836960714577e+00
5.862718271827e-01,1.542694760797e-01,5.919219967208e-01,3.836935288578e+00
5.863717371737e-01,1.542957660382e-01,5.920189527657e-01,3.836909903408e+00
5.864716471647e-01,1.543220559966e-01,5.921159137742e-01,3.836884559050e+00
5.865715571557e-01,1.543483459550e-01,5.922128797474e-01,3.836859255492e+00
5.866714671467e-01,1.543746359135e-01,5.923098506863e-01,3.836833992719e+00
5.867713771377e-01,1.544009258719e-01,5.924068265919e-01,3.836808770716e+00
5.868712871287e-01,1.544272158303e-01,5.925038074653e-01,3.836783589470e+00
5.869711971197e-01,1.544535057887e-01,5.926007933075e-01,3.836758448966e+00
5.870711071107e-01,1.544797957472e-01,5.926977841194e-01,3.836733349191e+00
5.871710171017e-01,1.545060857056e-01,5.927947799022e-01,3.836708290129e+00
5.872709270927e-01,1.545323756640e-01,5.928917806568e-01,3.836683271768e+00
5.873708370837e-01,1.545586656225e-01,5.929887863843e-01,3.836658294092e+00
5.874707470747e-01,1.545849555809e-01,5.930857970857e-01,3.836633357088e+00
5.875706570657e-01,1.546112455393e-01,5.931828127620e-01,3.836608460741e+00
5.876705670567e-01,1.546375354978e-01,5.932798334143e-01,3.836583605038e+00
5.877704770477e-01,1.546638254562e-01,5.933768590435e-01,3.836558789964e+00
5.878703870387e-01,1.546901154146e-01,5.934738896508e-01,3.836534015506e+00
5.879702970297e-01,1.547164053731e-01,5.935709252371e-01,3.836509281648e+00
5.880702070207e-01,1.547426953315e-01,5.936679658034e-01,3.836484588378e+00
5.881701170117e-01,1.547689852899e-01,5.937650113509e-01,3.836459935681e+00
5.882700270027e-01,1.547952752484e-01,5.938620618804e-01,3.836435323543e+00
5.883699369937e-01,1.548215652068e-01,5.939591173931e-01,3.836410751950e+00
5.884698469847e-01,1.548478551652e-01,5.940561778900e-01,3.836386220888e+00
5.885697569757e-01,1.548741451237e-01,5.941532433720e-01,3.836361730343e+00
5.886696669667e-01,1.549004350821e-01,5.942503138403e-01,3.836337280301e+00
5.887695769577e-01,1.549267250405e-01,5.943473892959e-01,3.836312870748e+00
5.888694869487e-01,1.549530149990e-01,5.944444697397e-01,3.836288501671e+00
5.889693969397e-01,1.549793049574e-01,5.945415551728e-01,3.836264173054e+00
5.890693069307e-01,1.550055949158e-01,5.946386455963e-01,3.836239884884e+00
5.891692169217e-01,1.550318848743e-01,5.947357410111e-01,3.836215637148e+00
5.892691269127e-01,1.550581748327e-01,5.948328414183e-01,3.836191429831e+00
5.893690369037e-01,1.550844647911e-01,5.949299468190e-01,3.836167262919e+00
5.894689468947e-01,1.551107547495e-01,5.950270572141e-01,3.836143136399e+00
5.895688568857e-01,1.551370447080e-01,5.951241726047e-01,3.836119050256e+00
5.896687668767e-01,1.551633346664e-01,5.952212929917e-01,3.836095004476e+00
5.897686768677e-01,1.551896246248e-01,5.953184183764e-01,3.836070999047e+00
5.898685868587e-01,1.552159145833e-01,5.954155487596e-01,3.836047033954e+00
5.899684968497e-01,1.552422045417e-01,5.955126841424e-01,3.836023109182e+00
5.900684068407e-01,1.552684945001e-01,5.956098245258e-01,3.835999224719e+00
5.901683168317e-01,1.552947844586e-01,5.957069699108e-01,3.835975380550e+00
5.902682268227e-01,1.553210744170e-01,5.958041202986e-01,3.835951576661e+00
5.903681368137e-01,1.553473643754e-01,5.959012756901e-01,3.835927813039e+00
5.904680468047e-01,1.553736543339e-01,5.959984360863e-01,3.835904089670e+00
5.905679567957e-01,1.553999442923e-01,5.960956014883e-01,3.835880406540e+00
5.906678667867e-01,1.554262342507e-01,5.961927718971e-01,3.835856763636e+00
5.907677767777e-01,1.554525242092e-01,5.962899473138e-01,3.835833160943e+00
5.908676867687e-01,1.554788141676e-01,5.963871277393e-01,3.835809598447e+00
5.909675967597e-01,1.555051041260e-01,5.964843131747e-01,3.835786076136e+00
5.910675067507e-01,1.555313940845e-01,5.965815036210e-01,3.835762593995e+00
5.911674167417e-01,1.555576840429e-01,5.966786990793e-01,3.835739152010e+00
5.912673267327e-01,1.555839740013e-01,5.967758995506e-01,3.835715750168e+00
5.913672367237e-01,1.556102639598e-01,5.968731050360e-01,3.835692388455e+00
5.914671467147e-01,1.556365539182e-01,5.969703155363e-01,3.835669066858e+00
5.915670567057e-01,1.556628438766e-01,5.970675310528e-01,3.835645785362e+00
5.916669666967e-01,1.556891338351e-01,5.971647515864e-01,3.835622543954e+00
5.917668766877e-01,1.557154237935e-01,5.972619771381e-01,3.835599342620e+00
5.918667866787e-01,1.557417137519e-01,5.973592077091e-01,3.835576181347e+00
5.919666966697e-01,1.557680037104e-01,5.974564433002e-01,3.835553060121e+00
5.920666066607e-01,1.557942936688e-01,5.975536839126e-01,3.835529978928e+00
5.921665166517e-01,1.558205836272e-01,5.976509295473e-01,3.835506937755e+00
5.922664266427e-01,1.558468735856e-01,5.977481802052e-01,3.835483936588e+00
5.923663366337e-01,1.558731635441e-01,5.978454358876e-01,3.835460975413e+00
5.924662466247e-01,1.558994535025e-01,5.979426965953e-01,3.835438054218e+00
5.925661566157e-01,1.559257434609e-01,5.980399623294e-01,3.835415172987e+00
5.926660666067e-01,1.559520334194e-01,5.981372330910e-01,3.835392331708e+00
5.927659765977e-01,1.559783233778e-01,5.982345088810e-01,3.835369530367e+00
5.928658865887e-01,1.560046133362e-01,5.983317897006e-01,3.835346768951e+00
5.929657965797e-01,1.560309032947e-01,5.984290755507e-01,3.835324047445e+00
5.930657065707e-01,1.560571932531e-01,5.985263664324e-01,3.835301365837e+00
5.931656165617e-01,1.560834832115e-01,5.986236623467e-01,3.835278724113e+00
5.932655265527e-01,1.561097731700e-01,5.987209632946e-01,3.835256122259e+00
5.933654365437e-01,1.561360631284e-01,5.988182692773e-01,3.835233560262e+00
5.934653465347e-01,1.561623530868e-01,5.989155802956e-01,3.835211038108e+00
5.935652565257e-01,1.561886430453e-01,5.990128963507e-01,3.835188555784e+00
5.936651665167e-01,1.562149330037e-01,5.991102174436e-01,3.835166113277e+00
5.937650765077e-01,1.562412229621e-01,5.992075435753e-01,3.835143710572e+00
5.938649864986e-01,1.562675129206e-01,5.993048747469e-01,3.835121347657e+00
5.939648964896e-01,1.562938028790e-01,5.994022109593e-01,3.835099024517e+00
5.940648064806e-01,1.563200928374e-01,5.994995522137e-01,3.835076741140e+00
5.941647164716e-01,1.563463827959e-01,5.995968985111e-01,3.835054497513e+00
5.942646264626e-01,1.563726727543e-01,5.996942498524e-01,3.835032293620e+00
5.943645364536e-01,1.563989627127e-01,5.997916062388e-01,3.835010129450e+00
5.944644464446e-01,1.564252526712e-01,5.998889676713e-01,3.834988004989e+00
5.945643564356e-01,1.564515426296e-01,5.999863341508e-01,3.834965920223e+00
5.946642664266e-01,1.564778325880e-01,6.000837056785e-01,3.834943875139e+00
5.947641764176e-01,1.565041225465e-01,6.001810822554e-01,3.834921869724e+00
5.948640864086e-01,1.565304125049e-01,6.002784638825e-01,3.834899903964e+00
5.949639963996e-01,1.565567024633e-01,6.003758505608e-01,3.834877977846e+00
5.950639063906e-01,1.565829924217e-01,6.004732422915e-01,3.834856091357e+00
5.951638163816e-01,1.566092823802e-01,6.005706390754e-01,3.834834244483e+00
5.952637263726e-01,1.566355723386e-01,6.006680409138e-01,3.834812437211e+00
5.953636363636e-01,1.566618622970e-01,6.007654478075e-01,3.834790669527e+00
5.954635463546e-01,1.566881522555e-01,6.008628597576e-01,3.834768941419e+00
5.955634563456e-01,1.567144422139e-01,6.009602767653e-01,3.834747252873e+00
5.956633663366e-01,1.567407321723e-01,6.010576988314e-01,3.834725603875e+00
5.957632763276e-01,1.567670221308e-01,6.011551259571e-01,3.834703994413e+00
5.958631863186e-01,1.567933120892e-01,6.012525581434e-01,3.834682424473e+00
5.959630963096e-01,1.568196020476e-01,6.013499953913e-01,3.834660894042e+00
5.960630063006e-01,1.568458920061e-01,6.014474377019e-01,3.834639403107e+00
5.961629162916e-01,1.568721819645e-01,6.015448850761e-01,3.834617951654e+00
5.962628262826e-01,1.568984719229e-01,6.016423375152e-01,3.834596539670e+00
5.963627362736e-01,1.569247618814e-01,6.017397950200e-01,3.834575167142e+00
5.964626462646e-01,1.569510518398e-01,6.018372575916e-01,3.834553834057e+00
5.965625562556e-01,1.569773417982e-01,6.019347252311e-01,3.834532540402e+00
5.966624662466e-01,1.570036317567e-01,6.020321979394e-01,3.834511286162e+00
5.967623762376e-01,1.570299217151e-01,6.021296757177e-01,3.834490071327e+00
5.968622862286e-01,1.570562116735e-01,6.022271585670e-01,3.834468895881e+00
5.969621962196e-01,1.570825016320e-01,6.023246464883e-01,3.834447759812e+00
5.970621062106e-01,1.571087915904e-01,6.024221394827e-01,3.834426663107e+00
5.971620162016e-01,1.571350815488e-01,6.025196375511e-01,3.834405605752e+00
5.972619261926e-01,1.571613715073e-01,6.026171406947e-01,3.834384587735e+00
5.973618361836e-01,1.571876614657e-01,6.027146489145e-01,3.834363609042e+00
5.974617461746e-01,1.572139514241e-01,6.028121622115e-01,3.834342669661e+00
5.975616561656e-01,1.572402413826e-01,6.029096805867e-01,3.834321769577e+00
5.976615661566e-01,1.572665313410e-01,6.030072040412e-01,3.834300908779e+00
5.977614761476e-01,1.572928212994e-01,6.031047325761e-01,3.834280087252e+00
5.978613861386e-01,1.573191112578e-01,6.032022661923e-01,3.834259304985e+00
5.979612961296e-01,1.573454012163e-01,6.032998048910e-01,3.834238561963e+00
5.980612061206e-01,1.573716911747e-01,6.033973486731e-01,3.834217858174e+00
5.981611161116e-01,1.573979811331e-01,6.034948975398e-01,3.834197193605e+00
5.982610261026e-01,1.574242710916e-01,6.035924514920e-01,3.834176568242e+00
5.983609360936e-01,1.574505610500e-01,6.036900105307e-01,3.834155982073e+00
5.984608460846e-01,1.574768510084e-01,6.037875746571e-01,3.834135435085e+00
5.985607560756e-01,1.575031409669e-01,6.038851438722e-01,3.834114927265e+00
5.986606660666e-01,1.575294309253e-01,6.039827181770e-01,3.834094458599e+00
5.987605760576e-01,1.575557208837e-01,6.040802975725e-01,3.834074029075e+00
5.988604860486e-01,1.575820108422e-01,6.041778820598e-01,3.834053638679e+00
5.989603960396e-01,1.576083008006e-01,6.042754716400e-01,3.834033287400e+00
5.990603060306e-01,1.576345907590e-01,6.043730663141e-01,3.834012975223e+00
5.991602160216e-01,1.576608807175e-01,6.044706660830e-01,3.833992702136e+00
5.992601260126e-01,1.576871706759e-01,6.045682709480e-01,3.833972468125e+00
5.993600360036e-01,1.577134606343e-01,6.046658809099e-01,3.833952273179e+00
5.994599459946e-01,1.577397505928e-01,6.047634959700e-01,3.833932117284e+00
5.995598559856e-01,1.577660405512e-01,6.048611161291e-01,3.833912000427e+00
5.996597659766e-01,1.577923305096e-01,6.049587413884e-01,3.833891922595e+00
5.997596759676e-01,1.578186204681e-01,6.050563717488e-01,3.833871883776e+00
5.998595859586e-01,1.578449104265e-01,6.051540072115e-01,3.833851883956e+00
5.999594959496e-01,1.578712003849e-01,6.052516477774e-01,3.833831923123e+00
6.000594059406e-01,1.578974903434e-01,6.053492934477e-01,3.833812001263e+00
6.001593159316e-01,1.579237803018e-01,6.054469442234e-01,3.833792118365e+00
6.002592259226e-01,1.579500702602e-01,6.055446001054e-01,3.833772274414e+00
6.003591359136e-01,1.579763602187e-01,6.056422610949e-01,3.833752469399e+00
6.004590459046e-01,1.580026501771e-01,6.057399271930e-01,3.833732703306e+00
6.005589558956e-01,1.580289401355e-01,6.058375984005e-01,3.833712976123e+00
6.006588658866e-01,1.580552300939e-01,6.059352747187e-01,3.833693287837e+00
6.007587758776e-01,1.580815200524e-01,6.060329561484e-01,3.833673638434e+00
6.008586858686e-01,1.581078100108e-01,6.061306426909e-01,3.833654027903e+00
6.009585958596e-01,1.581340999692e-01,6.062283343471e-01,3.833634456231e+00
6.010585058506e-01,1.581603899277e-01,6.063260311181e-01,3.833614923404e+00
6.011584158416e-01,1.581866798861e-01,6.064237330049e-01,3.833595429410e+00
6.012583258326e-01,1.582129698445e-01,6.065214400085e-01,3.833575974236e+00
6.013582358236e-01,1.582392598030e-01,6.066191521301e-01,3.833556557869e+00
6.014581458146e-01,1.582655497614e-01,6.067168693706e-01,3.833537180298e+00
6.015580558056e-01,1.582918397198e-01,6.068145917311e-01,3.833517841508e+00
6.016579657966e-01,1.583181296783e-01,6.069123192127e-01,3.833498541488e+00
6.017578757876e-01,1.583444196367e-01,6.070100518164e-01,3.833479280224e+00
6.018577857786e-01,1.583707095951e-01,6.071077895432e-01,3.833460057704e+00
6.019576957696e-01,1.583969995536e-01,6.072055323943e-01,3.833440873916e+00
6.020576057606e-01,1.584232895120e-01,6.073032803705e-01,3.833421728846e+00
6.021575157516e-01,1.584495794704e-01,6.074010334731e-01,3.833402622482e+00
6.022574257426e-01,1.584758694289e-01,6.074987917030e-01,3.833383554811e+00
6.023573357336e-01,1.585021593873e-01,6.075965550613e-01,3.833364525821e+00
6.024572457246e-01,1.585284493457e-01,6.076943235490e-01,3.833345535499e+00
6.025571557156e-01,1.585547393042e-01,6.077920971672e-01,3.833326583832e+00
6.026570657066e-01,1.585810292626e-01,6.078898759169e-01,3.833307670808e+00
6.027569756976e-01,1.586073192210e-01,6.079876597993e-01,3.833288796414e+00
6.028568856886e-01,1.586336091795e-01,6.080854488152e-01,3.833269960638e+00
6.029567956796e-01,1.586598991379e-01,6.081832429658e-01,3.833251163467e+00
6.030567056706e-01,1.586861890963e-01,6.082810422522e-01,3.833232404888e+00
6.031566156616e-01,1.587124790548e-01,6.083788466753e-01,3.833213684889e+00
6.032565256526e-01,1.587387690132e-01,6.084766562363e-01,3.833195003457e+00
6.033564356436e-01,1.587650589716e-01,6.085744709361e-01,3.833176360580e+00
6.034563456346e-01,1.587913489300e-01,6.086722907759e-01,3.833157756245e+00
6.035562556256e-01,1.588176388885e-01,6.087701157566e-01,3.833139190440e+00
6.036561656166e-01,1.588439288469e-01,6.088679458794e-01,3.833120663152e+00
6.037560756076e-01,1.588702188053e-01,6.089657811453e-01,3.833102174369e+00
6.038559855986e-01,1.588965087638e-01,6.090636215552e-01,3.833083724078e+00
6.039558955896e-01,1.589227987222e-01,6.091614671104e-01,3.833065312266e+00
6.040558055806e-01,1.589490886806e-01,6.092593178118e-01,3.833046938922e+00
6.041557155716e-01,1.589753786391e-01,6.093571736604e-01,3.833028604032e+00
6.042556255626e-01,1.590016685975e-01,6.094550346574e-01,3.833010307585e+00
6.043555355536e-01,1.590279585559e-01,6.095529008038e-01,3.832992049567e+00
6.044554455446e-01,1.590542485144e-01,6.096507721006e-01,3.832973829967e+00
6.045553555356e-01,1.590805384728e-01,6.097486485489e-01,3.832955648771e+00
6.046552655266e-01,1.591068284312e-01,6.098465301498e-01,3.832937505969e+00
6.047551755176e-01,1.591331183897e-01,6.099444169042e-01,3.832919401546e+00
6.048550855086e-01,1.591594083481e-01,6.100423088133e-01,3.832901335490e+00
6.049549954996e-01,1.591856983065e-01,6.101402058781e-01,3.832883307790e+00
6.050549054905e-01,1.592119882650e-01,6.102381080996e-01,3.832865318433e+00
6.051548154815e-01,1.592382782234e-01,6.103360154789e-01,3.832847367407e+00
6.052547254725e-01,1.592645681818e-01,6.104339280171e-01,3.832829454698e+00
6.053546354635e-01,1.592908581403e-01,6.105318457152e-01,3.832811580295e+00
6.054545454545e-01,1.593171480987e-01,6.106297685742e-01,3.832793744186e+00
6.055544554455e-01,1.593434380571e-01,6.107276965953e-01,3.832775946358e+00
6.056543654365e-01,1.593697280156e-01,6.108256297794e-01,3.832758186798e+00
6.057542754275e-01,1.593960179740e-01,6.109235681276e-01,3.832740465495e+00
6.058541854185e-01,1.594223079324e-01,6.110215116410e-01,3.832722782436e+00
6.059540954095e-01,1.594485978909e-01,6.111194603207e-01,3.832705137608e+00
6.060540054005e-01,1.594748878493e-01,6.112174141676e-01,3.832687531000e+00
6.061539153915e-01,1.595011778077e-01,6.113153731829e-01,3.832669962600e+00
6.062538253825e-01,1.595274677661e-01,6.114133373676e-01,3.832652432394e+00
6.063537353735e-01,1.595537577246e-01,6.115113067227e-01,3.832634940371e+00
6.064536453645e-01,1.595800476830e-01,6.116092812493e-01,3.832617486518e+00
6.065535553555e-01,1.596063376414e-01,6.117072609485e-01,3.832600070823e+00
6.066534653465e-01,1.596326275999e-01,6.118052458212e-01,3.832582693275e+00
6.067533753375e-01,1.596589175583e-01,6.119032358687e-01,3.832565353860e+00
6.068532853285e-01,1.596852075167e-01,6.120012310919e-01,3.832548052566e+00
6.069531953195e-01,1.597114974752e-01,6.120992314918e-01,3.832530789381e+00
6.070531053105e-01,1.597377874336e-01,6.121972370696e-01,3.832513564294e+00
6.071530153015e-01,1.597640773920e-01,6.122952478263e-01,3.832496377291e+00
6.072529252925e-01,1.597903673505e-01,6.123932637629e-01,3.832479228361e+00
6.073528352835e-01,1.598166573089e-01,6.124912848805e-01,3.832462117492e+00
6.074527452745e-01,1.598429472673e-01,6.125893111802e-01,3.832445044671e+00
6.075526552655e-01,1.598692372258e-01,6.126873426631e-01,3.832428009886e+00
6.076525652565e-01,1.598955271842e-01,6.127853793300e-01,3.832411013124e+00
6.077524752475e-01,1.599218171426e-01,6.128834211823e-01,3.832394054375e+00
6.078523852385e-01,1.599481071011e-01,6.129814682208e-01,3.832377133625e+00
6.079522952295e-01,1.599743970595e-01,6.130795204466e-01,3.832360250863e+00
6.080522052205e-01,1.600006870179e-01,6.131775778609e-01,3.832343406077e+00
6.081521152115e-01,1.600269769764e-01,6.132756404646e-01,3.832326599253e+00
6.082520252025e-01,1.600532669348e-01,6.133737082589e-01,3.832309830381e+00
6.083519351935e-01,1.600795568932e-01,6.134717812447e-01,3.832293099449e+00
6.084518451845e-01,1.601058468517e-01,6.135698594231e-01,3.832276406443e+00
6.085517551755e-01,1.601321368101e-01,6.136679427953e-01,3.832259751352e+00
6.086516651665e-01,1.601584267685e-01,6.137660313622e-01,3.832243134164e+00
6.087515751575e-01,1.601847167270e-01,6.138641251249e-01,3.832226554867e+00
6.088514851485e-01,1.602110066854e-01,6.139622240845e-01,3.832210013449e+00
6.089513951395e-01,1.602372966438e-01,6.140603282421e-01,3.832193509898e+00
6.090513051305e-01,1.602635866022e-01,6.141584375986e-01,3.832177044202e+00
6.091512151215e-01,1.602898765607e-01,6.142565521552e-01,3.832160616348e+00
6.092511251125e-01,1.603161665191e-01,6.143546719129e-01,3.832144226326e+00
6.093510351035e-01,1.603424564775e-01,6.144527968727e-01,3.832127874122e+00
6.094509450945e-01,1.603687464360e-01,6.145509270358e-01,3.832111559724e+00
6.095508550855e-01,1.603950363944e-01,6.146490624032e-01,3.832095283122e+00
6.096507650765e-01,1.604213263528e-01,6.147472029759e-01,3.832079044302e+00
6.097506750675e-01,1.604476163113e-01,6.148453487551e-01,3.832062843254e+00
6.098505850585e-01,1.604739062697e-01,6.149434997417e-01,3.832046679964e+00
6.099504950495e-01,1.605001962281e-01,6.150416559368e-01,3.832030554421e+00
6.100504050405e-01,1.605264861866e-01,6.151398173416e-01,3.832014466614e+00
6.101503150315e-01,1.605527761450e-01,6.152379839570e-01,3.831998416529e+00
6.102502250225e-01,1.605790661034e-01,6.153361557841e-01,3.831982404156e+00
6.103501350135e-01,1.606053560619e-01,6.154343328240e-01,3.831966429482e+00
6.104500450045e-01,1.606316460203e-01,6.155325150778e-01,3.831950492495e+00
6.105499549955e-01,1.606579359787e-01,6.156307025464e-01,3.831934593184e+00
6.106498649865e-01,1.606842259372e-01,6.157288952310e-01,3.831918731536e+00
6.107497749775e-01,1.607105158956e-01,6.158270931327e-01,3.831902907541e+00
6.108496849685e-01,1.607368058540e-01,6.159252962524e-01,3.831887121185e+00
6.109495949595e-01,1.607630958125e-01,6.160235045913e-01,3.831871372457e+00
6.110495049505e-01,1.607893857709e-01,6.161217181504e-01,3.831855661346e+00
6.111494149415e-01,1.608156757293e-01,6.162199369308e-01,3.831839987838e+00
6.112493249325e-01,1.608419656878e-01,6.163181609336e-01,3.831824351924e+00
6.113492349235e-01,1.608682556462e-01,6.164163901597e-01,3.831808753590e+00
6.114491449145e-01,1.608945456046e-01,6.165146246104e-01,3.831793192824e+00
6.115490549055e-01,1.609208355631e-01,6.166128642865e-01,3.831777669616e+00
6.116489648965e-01,1.609471255215e-01,6.167111091893e-01,3.831762183954e+00
6.117488748875e-01,1.609734154799e-01,6.168093593197e-01,3.831746735825e+00
6.118487848785e-01,1.609997054383e-01,6.169076146788e-01,3.831731325217e+00
6.119486948695e-01,1.610259953968e-01,6.170058752678e-01,3.831715952120e+00
6.120486048605e-01,1.610522853552e-01,6.171041410876e-01,3.831700616520e+00
6.121485148515e-01,1.610785753136e-01,6.172024121393e-01,3.831685318408e+00
6.122484248425e-01,1.611048652721e-01,6.173006884240e-01,3.831670057770e+00
6.123483348335e-01,1.611311552305e-01,6.173989699428e-01,3.831654834595e+00
6.124482448245e-01,1.611574451889e-01,6.174972566967e-01,3.831639648871e+00
6.125481548155e-01,1.611837351474e-01,6.175955486868e-01,3.831624500587e+00
6.126480648065e-01,1.612100251058e-01,6.176938459141e-01,3.831609389731e+00
6.127479747975e-01,1.612363150642e-01,6.177921483797e-01,3.831594316290e+00
6.128478847885e-01,1.612626050227e-01,6.178904560848e-01,3.831579280255e+00
6.129477947795e-01,1.612888949811e-01,6.179887690302e-01,3.831564281612e+00
6.130477047705e-01,1.613151849395e-01,6.180870872172e-01,3.831549320350e+00
6.131476147615e-01,1.613414748980e-01,6.181854106468e-01,3.831534396458e+00
6.132475247525e-01,1.613677648564e-01,6.182837393200e-01,3.831519509923e+00
6.133474347435e-01,1.613940548148e-01,6.183820732380e-01,3.831504660735e+00
6.134473447345e-01,1.614203447733e-01,6.184804124017e-01,3.831489848881e+00
6.135472547255e-01,1.614466347317e-01,6.185787568123e-01,3.831475074351e+00
6.136471647165e-01,1.614729246901e-01,6.186771064708e-01,3.831460337131e+00
6.137470747075e-01,1.614992146486e-01,6.187754613783e-01,3.831445637211e+00
6.138469846985e-01,1.615255046070e-01,6.188738215358e-01,3.831430974580e+00
6.139468946895e-01,1.615517945654e-01,6.189721869445e-01,3.831416349224e+00
6.140468046805e-01,1.615780845239e-01,6.190705576053e-01,3.831401761134e+00
6.141467146715e-01,1.616043744823e-01,6.191689335195e-01,3.831387210297e+00
6.142466246625e-01,1.616306644407e-01,6.192673146879e-01,3.831372696702e+00
6.143465346535e-01,1.616569543991e-01,6.193657011118e-01,3.831358220337e+00
6.144464446445e-01,1.616832443576e-01,6.194640927921e-01,3.831343781190e+00
6.145463546355e-01,1.617095343160e-01,6.195624897300e-01,3.831329379251e+00
6.146462646265e-01,1.617358242744e-01,6.196608919264e-01,3.831315014508e+00
6.147461746175e-01,1.617621142329e-01,6.197592993826e-01,3.831300686948e+00
6.148460846085e-01,1.617884041913e-01,6.198577120995e-01,3.831286396561e+00
6.149459945995e-01,1.618146941497e-01,6.199561300782e-01,3.831272143335e+00
6.150459045905e-01,1.618409841082e-01,6.200545533198e-01,3.831257927259e+00
6.151458145815e-01,1.618672740666e-01,6.201529818254e-01,3.831243748321e+00
6.152457245725e-01,1.618935640250e-01,6.202514155960e-01,3.831229606509e+00
6.153456345635e-01,1.619198539835e-01,6.203498546327e-01,3.831215501812e+00
6.154455445545e-01,1.619461439419e-01,6.204482989365e-01,3.831201434219e+00
6.155454545455e-01,1.619724339003e-01,6.205467485086e-01,3.831187403719e+00
6.156453645365e-01,1.619987238588e-01,6.206452033501e-01,3.831173410299e+00
6.157452745275e-01,1.620250138172e-01,6.207436634619e-01,3.831159453948e+00
6.158451845185e-01,1.620513037756e-01,6.208421288452e-01,3.831145534656e+00
6.159450945095e-01,1.620775937341e-01,6.209405995010e-01,3.831131652410e+00
6.160450045005e-01,1.621038836925e-01,6.210390754304e-01,3.831117807199e+00
6.161449144914e-01,1.621301736509e-01,6.211375566344e-01,3.831103999011e+00
6.162448244824e-01,1.621564636094e-01,6.212360431143e-01,3.831090227836e+00
6.163447344734e-01,1.621827535678e-01,6.213345348709e-01,3.831076493662e+00
6.164446444644e-01,1.622090435262e-01,6.214330319055e-01,3.831062796477e+00
6.165445544554e-01,1.622353334847e-01,6.215315342190e-01,3.831049136271e+00
6.166444644464e-01,1.622616234431e-01,6.216300418125e-01,3.831035513031e+00
6.167443744374e-01,1.622879134015e-01,6.217285546872e-01,3.831021926747e+00
6.168442844284e-01,1.623142033600e-01,6.218270728440e-01,3.831008377406e+00
6.169441944194e-01,1.623404933184e-01,6.219255962841e-01,3.830994864999e+00
6.170441044104e-01,1.623667832768e-01,6.220241250086e-01,3.830981389513e+00
6.171440144014e-01,1.623930732352e-01,6.221226590185e-01,3.830967950937e+00
6.172439243924e-01,1.624193631937e-01,6.222211983148e-01,3.830954549260e+00
6.173438343834e-01,1.624456531521e-01,6.223197428987e-01,3.830941184471e+00
6.174437443744e-01,1.624719431105e-01,6.224182927712e-01,3.830927856558e+00
6.175436543654e-01,1.624982330690e-01,6.225168479335e-01,3.830914565509e+00
6.176435643564e-01,1.625245230274e-01,6.226154083865e-01,3.830901311315e+00
6.177434743474e-01,1.625508129858e-01,6.227139741314e-01,3.830888093963e+00
6.178433843384e-01,1.625771029443e-01,6.228125451692e-01,3.830874913442e+00
6.179432943294e-01,1.626033929027e-01,6.229111215011e-01,3.830861769741e+00
6.180432043204e-01,1.626296828611e-01,6.230097031280e-01,3.830848662848e+00
6.181431143114e-01,1.626559728196e-01,6.231082900511e-01,3.830835592753e+00
6.182430243024e-01,1.626822627780e-01,6.232068822715e-01,3.830822559445e+00
6.183429342934e-01,1.627085527364e-01,6.233054797901e-01,3.830809562911e+00
6.184428442844e-01,1.627348426949e-01,6.234040826082e-01,3.830796603141e+00
6.185427542754e-01,1.627611326533e-01,6.235026907267e-01,3.830783680124e+00
6.186426642664e-01,1.627874226117e-01,6.236013041467e-01,3.830770793848e+00
6.187425742574e-01,1.628137125702e-01,6.236999228694e-01,3.830757944302e+00
6.188424842484e-01,1.628400025286e-01,6.237985468958e-01,3.830745131475e+00
6.189423942394e-01,1.628662924870e-01,6.238971762270e-01,3.830732355357e+00
6.190423042304e-01,1.628925824455e-01,6.239958108641e-01,3.830719615935e+00
6.191422142214e-01,1.629188724039e-01,6.240944508081e-01,3.830706913198e+00
6.192421242124e-01,1.629451623623e-01,6.241930960600e-01,3.830694247136e+00
6.193420342034e-01,1.629714523208e-01,6.242917466211e-01,3.830681617738e+00
6.194419441944e-01,1.629977422792e-01,6.243904024924e-01,3.830669024991e+00
6.195418541854e-01,1.630240322376e-01,6.244890636749e-01,3.830656468886e+00
6.196417641764e-01,1.630503221961e-01,6.245877301698e-01,3.830643949411e+00
6.197416741674e-01,1.630766121545e-01,6.246864019781e-01,3.830631466554e+00
6.198415841584e-01,1.631029021129e-01,6.247850791008e-01,3.830619020306e+00
6.199414941494e-01,1.631291920713e-01,6.248837615391e-01,3.830606610654e+00
6.200414041404e-01,1.631554820298e-01,6.249824492941e-01,3.830594237588e+00
6.201413141314e-01,1.631817719882e-01,6.250811423668e-01,3.830581901096e+00
6.202412241224e-01,1.632080619466e-01,6.251798407584e-01,3.830569601168e+00
6.203411341134e-01,1.632343519051e-01,6.252785444698e-01,3.830557337792e+00
6.204410441044e-01,1.632606418635e-01,6.253772535022e-01,3.830545110958e+00
6.205409540954e-01,1.632869318219e-01,6.254759678566e-01,3.830532920654e+00
6.206408640864e-01,1.633132217804e-01,6.255746875342e-01,3.830520766870e+00
6.207407740774e-01,1.633395117388e-01,6.256734125360e-01,3.830508649594e+00
6.208406840684e-01,1.633658016972e-01,6.257721428631e-01,3.830496568816e+00
6.209405940594e-01,1.633920916557e-01,6.258708785166e-01,3.830484524523e+00
6.210405040504e-01,1.634183816141e-01,6.259696194975e-01,3.830472516707e+00
6.211404140414e-01,1.634446715725e-01,6.260683658070e-01,3.830460545354e+00
6.212403240324e-01,1.634709615310e-01,6.261671174461e-01,3.830448610455e+00
6.213402340234e-01,1.634972514894e-01,6.262658744159e-01,3.830436711999e+00
6.214401440144e-01,1.635235414478e-01,6.263646367175e-01,3.830424849974e+00
6.215400540054e-01,1.635498314063e-01,6.264634043520e-01,3.830413024370e+00
6.216399639964e-01,1.635761213647e-01,6.265621773205e-01,3.830401235175e+00
6.217398739874e-01,1.636024113231e-01,6.266609556240e-01,3.830389482379e+00
6.218397839784e-01,1.636287012816e-01,6.267597392636e-01,3.830377765971e+00
6.219396939694e-01,1.636549912400e-01,6.268585282404e-01,3.830366085940e+00
6.220396039604e-01,1.636812811984e-01,6.269573225556e-01,3.830354442274e+00
6.221395139514e-01,1.637075711569e-01,6.270561222101e-01,3.830342834964e+00
6.222394239424e-01,1.637338611153e-01,6.271549272050e-01,3.830331263998e+00
6.223393339334e-01,1.637601510737e-01,6.272537375415e-01,3.830319729365e+00
6.224392439244e-01,1.637864410322e-01,6.273525532207e-01,3.830308231055e+00
6.225391539154e-01,1.638127309906e-01,6.274513742435e-01,3.830296769056e+00
6.226390639064e-01,1.638390209490e-01,6.275502006112e-01,3.830285343358e+00
6.227389738974e-01,1.638653109074e-01,6.276490323248e-01,3.830273953950e+00
6.228388838884e-01,1.638916008659e-01,6.277478693853e-01,3.830262600821e+00
6.229387938794e-01,1.639178908243e-01,6.278467117939e-01,3.830251283960e+00
6.230387038704e-01,1.639441807827e-01,6.279455595516e-01,3.830240003357e+00
6.231386138614e-01,1.639704707412e-01,6.280444126596e-01,3.830228759000e+00
6.232385238524e-01,1.639967606996e-01,6.281432711188e-01,3.830217550878e+00
6.233384338434e-01,1.640230506580e-01,6.282421349305e-01,3.830206378982e+00
6.234383438344e-01,1.640493406165e-01,6.283410040957e-01,3.830195243300e+00
6.235382538254e-01,1.640756305749e-01,6.284398786155e-01,3.830184143821e+00
6.236381638164e-01,1.641019205333e-01,6.285387584909e-01,3.830173080535e+00
6.237380738074e-01,1.641282104918e-01,6.286376437230e-01,3.830162053431e+00
6.238379837984e-01,1.641545004502e-01,6.287365343131e-01,3.830151062497e+00
6.239378937894e-01,1.641807904086e-01,6.288354302620e-01,3.830140107724e+00
6.240378037804e-01,1.642070803671e-01,6.289343315710e-01,3.830129189101e+00
6.241377137714e-01,1.642333703255e-01,6.290332382410e-01,3.830118306617e+00
6.242376237624e-01,1.642596602839e-01,6.291321502733e-01,3.830107460260e+00
6.243375337534e-01,1.642859502424e-01,6.292310676689e-01,3.830096650021e+00
6.244374437444e-01,1.643122402008e-01,6.293299904288e-01,3.830085875889e+00
6.245373537354e-01,1.643385301592e-01,6.294289185541e-01,3.830075137853e+00
6.246372637264e-01,1.643648201177e-01,6.295278520461e-01,3.830064435902e+00
6.247371737174e-01,1.643911100761e-01,6.296267909056e-01,3.830053770026e+00
6.248370837084e-01,1.644174000345e-01,6.297257351339e-01,3.830043140213e+00
6.249369936994e-01,1.644436899930e-01,6.298246847321e-01,3.830032546454e+00
6.250369036904e-01,1.644699799514e-01,6.299236397011e-01,3.830021988738e+00
6.251368136814e-01,1.644962699098e-01,6.300226000421e-01,3.830011467053e+00
6.252367236724e-01,1.645225598683e-01,6.301215657562e-01,3.830000981390e+00
6.253366336634e-01,1.645488498267e-01,6.302205368445e-01,3.829990531738e+00
6.254365436544e-01,1.645751397851e-01,6.303195133081e-01,3.829980118085e+00
6.255364536454e-01,1.646014297435e-01,6.304184951481e-01,3.829969740422e+00
6.256363636364e-01,1.646277197020e-01,6.305174823654e-01,3.829959398738e+00
6.257362736274e-01,1.646540096604e-01,6.306164749614e-01,3.829949093022e+00
6.258361836184e-01,1.646802996188e-01,6.307154729370e-01,3.829938823264e+00
6.259360936094e-01,1.647065895773e-01,6.308144762933e-01,3.829928589453e+00
6.260360036004e-01,1.647328795357e-01,6.309134850314e-01,3.829918391578e+00
6.261359135914e-01,1.647591694941e-01,6.310124991525e-01,3.829908229629e+00
6.262358235824e-01,1.647854594526e-01,6.311115186575e-01,3.829898103595e+00
6.263357335734e-01,1.648117494110e-01,6.312105435477e-01,3.829888013467e+00
6.264356435644e-01,1.648380393694e-01,6.313095738240e-01,3.829877959232e+00
6.265355535554e-01,1.648643293279e-01,6.314086094877e-01,3.829867940881e+00
6.266354635464e-01,1.648906192863e-01,6.315076505397e-01,3.829857958403e+00
6.267353735374e-01,1.649169092447e-01,6.316066969812e-01,3.829848011788e+00
6.268352835284e-01,1.649431992032e-01,6.317057488133e-01,3.829838101025e+00
6.269351935194e-01,1.649694891616e-01,6.318048060370e-01,3.829828226104e+00
6.270351035104e-01,1.649957791200e-01,6.319038686535e-01,3.829818387013e+00
6.271350135014e-01,1.650220690785e-01,6.320029366638e-01,3.829808583744e+00
6.272349234923e-01,1.650483590369e-01,6.321020100691e-01,3.829798816284e+00
6.273348334833e-01,1.650746489953e-01,6.322010888704e-01,3.829789084624e+00
6.274347434743e-01,1.651009389538e-01,6.323001730689e-01,3.829779388753e+00
6.275346534653e-01,1.651272289122e-01,6.323992626656e-01,3.829769728661e+00
6.276345634563e-01,1.651535188706e-01,6.324983576616e-01,3.829760104337e+00
6.277344734473e-01,1.651798088291e-01,6.325974580581e-01,3.829750515771e+00
6.278343834383e-01,1.652060987875e-01,6.326965638561e-01,3.829740962953e+00
6.279342934293e-01,1.652323887459e-01,6.327956750567e-01,3.829731445871e+00
6.280342034203e-01,1.652586787044e-01,6.328947916610e-01,3.829721964516e+00
6.281341134113e-01,1.652849686628e-01,6.329939136701e-01,3.829712518877e+00
6.282340234023e-01,1.653112586212e-01,6.330930410851e-01,3.829703108944e+00
6.283339333933e-01,1.653375485796e-01,6.331921739071e-01,3.829693734706e+00
6.284338433843e-01,1.653638385381e-01,6.332913121373e-01,3.829684396153e+00
6.285337533753e-01,1.653901284965e-01,6.333904557766e-01,3.829675093275e+00
6.286336633663e-01,1.654164184549e-01,6.334896048262e-01,3.829665826061e+00
6.287335733573e-01,1.654427084134e-01,6.335887592872e-01,3.829656594500e+00
6.288334833483e-01,1.654689983718e-01,6.336879191608e-01,3.829647398583e+00
6.289333933393e-01,1.654952883302e-01,6.337870844479e-01,3.829638238299e+00
6.290333033303e-01,1.655215782887e-01,6.338862551497e-01,3.829629113638e+00
6.291332133213e-01,1.655478682471e-01,6.339854312673e-01,3.829620024590e+00
6.292331233123e-01,1.655741582055e-01,6.340846128017e-01,3.829610971143e+00
6.293330333033e-01,1.656004481640e-01,6.341837997542e-01,3.829601953289e+00
6.294329432943e-01,1.656267381224e-01,6.342829921257e-01,3.829592971015e+00
6.295328532853e-01,1.656530280808e-01,6.343821899175e-01,3.829584024313e+00
6.296327632763e-01,1.656793180393e-01,6.344813931305e-01,3.829575113172e+00
6.297326732673e-01,1.657056079977e-01,6.345806017659e-01,3.829566237582e+00
6.298325832583e-01,1.657318979561e-01,6.346798158248e-01,3.829557397531e+00
6.299324932493e-01,1.657581879146e-01,6.347790353083e-01,3.829548593011e+00
6.300324032403e-01,1.657844778730e-01,6.348782602175e-01,3.829539824011e+00
6.301323132313e-01,1.658107678314e-01,6.349774905535e-01,3.829531090520e+00
6.302322232223e-01,1.658370577899e-01,6.350767263173e-01,3.829522392529e+00
6.303321332133e-01,1.658633477483e-01,6.351759675102e-01,3.829513730026e+00
6.304320432043e-01,1.658896377067e-01,6.352752141331e-01,3.829505103003e+00
6.305319531953e-01,1.659159276652e-01,6.353744661873e-01,3.829496511448e+00
6.306318631863e-01,1.659422176236e-01,6.354737236737e-01,3.829487955351e+00
6.307317731773e-01,1.659685075820e-01,6.355729865936e-01,3.829479434702e+00
6.308316831683e-01,1.659947975405e-01,6.356722549479e-01,3.829470949492e+00
6.309315931593e-01,1.660210874989e-01,6.357715287379e-01,3.829462499709e+00
6.310315031503e-01,1.660473774573e-01,6.358708079646e-01,3.829454085344e+00
6.311314131413e-01,1.660736674157e-01,6.359700926291e-01,3.829445706386e+00
6.312313231323e-01,1.660999573742e-01,6.360693827325e-01,3.829437362826e+00
6.313312331233e-01,1.661262473326e-01,6.361686782759e-01,3.829429054652e+00
6.314311431143e-01,1.661525372910e-01,6.362679792604e-01,3.829420781856e+00
6.315310531053e-01,1.661788272495e-01,6.363672856872e-01,3.829412544426e+00
6.316309630963e-01,1.662051172079e-01,6.364665975573e-01,3.829404342353e+00
6.317308730873e-01,1.662314071663e-01,6.365659148719e-01,3.829396175627e+00
6.318307830783e-01,1.662576971248e-01,6.366652376320e-01,3.829388044237e+00
6.319306930693e-01,1.662839870832e-01,6.367645658387e-01,3.829379948173e+00
6.320306030603e-01,1.663102770416e-01,6.368638994932e-01,3.829371887425e+00
6.321305130513e-01,1.663365670001e-01,6.369632385965e-01,3.829363861984e+00
6.322304230423e-01,1.663628569585e-01,6.370625831499e-01,3.829355871838e+00
6.323303330333e-01,1.663891469169e-01,6.371619331542e-01,3.829347916979e+00
6.324302430243e-01,1.664154368754e-01,6.372612886108e-01,3.829339997395e+00
6.325301530153e-01,1.664417268338e-01,6.373606495206e-01,3.829332113077e+00
6.326300630063e-01,1.664680167922e-01,6.374600158849e-01,3.829324264015e+00
6.327299729973e-01,1.664943067507e-01,6.375593877046e-01,3.829316450198e+00
6.328298829883e-01,1.665205967091e-01,6.376587649809e-01,3.829308671617e+00
6.329297929793e-01,1.665468866675e-01,6.377581477150e-01,3.829300928261e+00
6.330297029703e-01,1.665731766260e-01,6.378575359079e-01,3.829293220121e+00
6.331296129613e-01,1.665994665844e-01,6.379569295606e-01,3.829285547187e+00
6.332295229523e-01,1.666257565428e-01,6.380563286745e-01,3.829277909448e+00
6.333294329433e-01,1.666520465013e-01,6.381557332504e-01,3.829270306894e+00
6.334293429343e-01,1.666783364597e-01,6.382551432897e-01,3.829262739516e+00
6.335292529253e-01,1.667046264181e-01,6.383545587932e-01,3.829255207304e+00
6.336291629163e-01,1.667309163766e-01,6.384539797623e-01,3.829247710247e+00
6.337290729073e-01,1.667572063350e-01,6.385534061979e-01,3.829240248335e+00
6.338289828983e-01,1.667834962934e-01,6.386528381012e-01,3.829232821560e+00
6.339288928893e-01,1.668097862518e-01,6.387522754733e-01,3.829225429909e+00
6.340288028803e-01,1.668360762103e-01,6.388517183153e-01,3.829218073375e+00
6.341287128713e-01,1.668623661687e-01,6.389511666283e-01,3.829210751946e+00
6.342286228623e-01,1.668886561271e-01,6.390506204135e-01,3.829203465613e+00
6.343285328533e-01,1.669149460856e-01,6.391500796719e-01,3.829196214365e+00
6.344284428443e-01,1.669412360440e-01,6.392495444046e-01,3.829188998194e+00
6.345283528353e-01,1.669675260024e-01,6.393490146128e-01,3.829181817089e+00
6.346282628263e-01,1.669938159609e-01,6.394484902976e-01,3.829174671039e+00
6.347281728173e-01,1.670201059193e-01,6.395479714600e-01,3.829167560036e+00
6.348280828083e-01,1.670463958777e-01,6.396474581013e-01,3.829160484070e+00
6.349279927993e-01,1.670726858362e-01,6.397469502224e-01,3.829153443129e+00
6.350279027903e-01,1.670989757946e-01,6.398464478246e-01,3.829146437205e+00
6.351278127813e-01,1.671252657530e-01,6.399459509089e-01,3.829139466288e+00
6.352277227723e-01,1.671515557115e-01,6.400454594764e-01,3.829132530368e+00
6.353276327633e-01,1.671778456699e-01,6.401449735283e-01,3.829125629435e+00
6.354275427543e-01,1.672041356283e-01,6.402444930656e-01,3.829118763478e+00
6.355274527453e-01,1.672304255868e-01,6.403440180896e-01,3.829111932490e+00
6.356273627363e-01,1.672567155452e-01,6.404435486012e-01,3.829105136458e+00
6.357272727273e-01,1.672830055036e-01,6.405430846016e-01,3.829098375374e+00
6.358271827183e-01,1.673092954621e-01,6.406426260920e-01,3.829091649228e+00
6.359270927093e-01,1.673355854205e-01,6.407421730734e-01,3.829084958010e+00
6.360270027003e-01,1.673618753789e-01,6.408417255469e-01,3.829078301710e+00
6.361269126913e-01,1.673881653374e-01,6.409412835137e-01,3.829071680318e+00
6.362268226823e-01,1.674144552958e-01,6.410408469749e-01,3.829065093825e+00
6.363267326733e-01,1.674407452542e-01,6.411404159316e-01,3.829058542221e+00
6.364266426643e-01,1.674670352126e-01,6.412399903849e-01,3.829052025496e+00
6.365265526553e-01,1.674933251711e-01,6.413395703359e-01,3.829045543641e+00
6.366264626463e-01,1.675196151295e-01,6.414391557857e-01,3.829039096644e+00
6.367263726373e-01,1.675459050879e-01,6.415387467355e-01,3.829032684498e+00
6.368262826283e-01,1.675721950464e-01,6.416383431864e-01,3.829026307192e+00
6.369261926193e-01,1.675984850048e-01,6.417379451395e-01,3.829019964715e+00
6.370261026103e-01,1.676247749632e-01,6.418375525959e-01,3.829013657060e+00
6.371260126013e-01,1.676510649217e-01,6.419371655567e-01,3.829007384215e+00
6.372259225923e-01,1.676773548801e-01,6.420367840230e-01,3.829001146172e+00
6.373258325833e-01,1.677036448385e-01,6.421364079960e-01,3.828994942920e+00
6.374257425743e-01,1.677299347970e-01,6.422360374768e-01,3.828988774450e+00
6.375256525653e-01,1.677562247554e-01,6.423356724665e-01,3.828982640752e+00
6.376255625563e-01,1.677825147138e-01,6.424353129661e-01,3.828976541816e+00
6.377254725473e-01,1.678088046723e-01,6.425349589770e-01,3.828970477633e+00
6.378253825383e-01,1.678350946307e-01,6.426346105000e-01,3.828964448193e+00
6.379252925293e-01,1.678613845891e-01,6.427342675364e-01,3.828958453486e+00
6.380252025203e-01,1.678876745476e-01,6.428339300874e-01,3.828952493503e+00
6.381251125113e-01,1.679139645060e-01,6.429335981539e-01,3.828946568234e+00
6.382250225023e-01,1.679402544644e-01,6.430332717371e-01,3.828940677670e+00
6.383249324932e-01,1.679665444229e-01,6.431329508382e-01,3.828934821801e+00
6.384248424842e-01,1.679928343813e-01,6.432326354583e-01,3.828929000616e+00
6.385247524752e-01,1.680191243397e-01,6.433323255984e-01,3.828923214108e+00
6.386246624662e-01,1.680454142982e-01,6.434320212597e-01,3.828917462265e+00
6.387245724572e-01,1.680717042566e-01,6.435317224434e-01,3.828911745078e+00
6.388244824482e-01,1.680979942150e-01,6.436314291505e-01,3.828906062539e+00
6.389243924392e-01,1.681242841735e-01,6.437311413822e-01,3.828900414637e+00
6.390243024302e-01,1.681505741319e-01,6.438308591396e-01,3.828894801362e+00
6.391242124212e-01,1.681768640903e-01,6.439305824238e-01,3.828889222705e+00
6.392241224122e-01,1.682031540487e-01,6.440303112359e-01,3.828883678657e+00
6.393240324032e-01,1.682294440072e-01,6.441300455771e-01,3.828878169208e+00
6.394239423942e-01,1.682557339656e-01,6.442297854484e-01,3.828872694348e+00
6.395238523852e-01,1.682820239240e-01,6.443295308511e-01,3.828867254068e+00
6.396237623762e-01,1.683083138825e-01,6.444292817862e-01,3.828861848358e+00
6.397236723672e-01,1.683346038409e-01,6.445290382548e-01,3.828856477210e+00
6.398235823582e-01,1.683608937993e-01,6.446288002581e-01,3.828851140612e+00
6.399234923492e-01,1.683871837578e-01,6.447285677972e-01,3.828845838556e+00
6.400234023402e-01,1.684134737162e-01,6.448283408732e-01,3.828840571033e+00
6.401233123312e-01,1.684397636746e-01,6.449281194872e-01,3.828835338032e+00
6.402232223222e-01,1.684660536331e-01,6.450279036404e-01,3.828830139544e+00
6.403231323132e-01,1.684923435915e-01,6.451276933339e-01,3.828824975561e+00
6.404230423042e-01,1.685186335499e-01,6.452274885688e-01,3.828819846071e+00
6.405229522952e-01,1.685449235084e-01,6.453272893463e-01,3.828814751067e+00
6.406228622862e-01,1.685712134668e-01,6.454270956674e-01,3.828809690538e+00
6.407227722772e-01,1.685975034252e-01,6.455269075333e-01,3.828804664475e+00
6.408226822682e-01,1.686237933837e-01,6.456267249451e-01,3.828799672868e+00
6.409225922592e-01,1.686500833421e-01,6.457265479040e-01,3.828794715709e+00
6.410225022502e-01,1.686763733005e-01,6.458263764111e-01,3.828789792987e+00
6.411224122412e-01,1.687026632590e-01,6.459262104674e-01,3.828784904693e+00
6.412223222322e-01,1.687289532174e-01,6.460260500741e-01,3.828780050818e+00
6.413222322232e-01,1.687552431758e-01,6.461258952324e-01,3.828775231352e+00
6.414221422142e-01,1.687815331343e-01,6.462257459434e-01,3.828770446287e+00
6.415220522052e-01,1.688078230927e-01,6.463256022082e-01,3.828765695612e+00
6.416219621962e-01,1.688341130511e-01,6.464254640279e-01,3.828760979318e+00
6.417218721872e-01,1.688604030096e-01,6.465253314037e-01,3.828756297396e+00
6.418217821782e-01,1.688866929680e-01,6.466252043366e-01,3.828751649837e+00
6.419216921692e-01,1.689129829264e-01,6.467250828279e-01,3.828747036630e+00
6.420216021602e-01,1.689392728848e-01,6.468249668786e-01,3.828742457768e+00
6.421215121512e-01,1.689655628433e-01,6.469248564899e-01,3.828737913239e+00
6.422214221422e-01,1.689918528017e-01,6.470247516629e-01,3.828733403036e+00
6.423213321332e-01,1.690181427601e-01,6.471246523987e-01,3.828728927149e+00
6.424212421242e-01,1.690444327186e-01,6.472245586985e-01,3.828724485568e+00
6.425211521152e-01,1.690707226770e-01,6.473244705634e-01,3.828720078284e+00
6.426210621062e-01,1.690970126354e-01,6.474243879945e-01,3.828715705287e+00
6.427209720972e-01,1.691233025939e-01,6.475243109929e-01,3.828711366569e+00
6.428208820882e-01,1.691495925523e-01,6.476242395599e-01,3.828707062121e+00
6.429207920792e-01,1.691758825107e-01,6.477241736964e-01,3.828702791932e+00
6.430207020702e-01,1.692021724692e-01,6.478241134037e-01,3.828698555994e+00
6.431206120612e-01,1.692284624276e-01,6.479240586828e-01,3.828694354297e+00
6.432205220522e-01,1.692547523860e-01,6.480240095350e-01,3.828690186832e+00
6.433204320432e-01,1.692810423445e-01,6.481239659613e-01,3.828686053589e+00
6.434203420342e-01,1.693073323029e-01,6.482239279629e-01,3.828681954561e+00
6.435202520252e-01,1.693336222613e-01,6.483238955409e-01,3.828677889736e+00
6.436201620162e-01,1.693599122198e-01,6.484238686964e-01,3.828673859107e+00
6.437200720072e-01,1.693862021782e-01,6.485238474306e-01,3.828669862663e+00
6.438199819982e-01,1.694124921366e-01,6.486238317446e-01,3.828665900396e+00
6.439198919892e-01,1.694387820951e-01,6.487238216395e-01,3.828661972296e+00
6.440198019802e-01,1.694650720535e-01,6.488238171165e-01,3.828658078354e+00
6.441197119712e-01,1.694913620119e-01,6.489238181767e-01,3.828654218561e+00
6.442196219622e-01,1.695176519704e-01,6.490238248212e-01,3.828650392908e+00
6.443195319532e-01,1.695439419288e-01,6.491238370512e-01,3.828646601386e+00
6.444194419442e-01,1.695702318872e-01,6.492238548678e-01,3.828642843985e+00
6.445193519352e-01,1.695965218457e-01,6.493238782721e-01,3.828639120695e+00
6.446192619262e-01,1.696228118041e-01,6.494239072654e-01,3.828635431509e+00
6.447191719172e-01,1.696491017625e-01,6.495239418486e-01,3.828631776417e+00
6.448190819082e-01,1.696753917209e-01,6.496239820230e-01,3.828628155410e+00
6.449189918992e-01,1.697016816794e-01,6.497240277896e-01,3.828624568478e+00
6.450189018902e-01,1.697279716378e-01,6.498240791497e-01,3.828621015612e+00
6.451188118812e-01,1.697542615962e-01,6.499241361044e-01,3.828617496804e+00
6.452187218722e-01,1.697805515547e-01,6.500241986547e-01,3.828614012043e+00
6.453186318632e-01,1.698068415131e-01,6.501242668018e-01,3.828610561322e+00
6.454185418542e-01,1.698331314715e-01,6.502243405469e-01,3.828607144631e+00
6.455184518452e-01,1.698594214300e-01,6.503244198912e-01,3.828603761960e+00
6.456183618362e-01,1.698857113884e-01,6.504245048356e-01,3.828600413301e+00
6.457182718272e-01,1.699120013468e-01,6.505245953815e-01,3.828597098645e+00
6.458181818182e-01,1.699382913053e-01,6.506246915298e-01,3.828593817982e+00
6.459180918092e-01,1.699645812637e-01,6.507247932818e-01,3.828590571304e+00
6.460180018002e-01,1.699908712221e-01,6.508249006386e-01,3.828587358601e+00
6.461179117912e-01,1.700171611806e-01,6.509250136014e-01,3.828584179864e+00
6.462178217822e-01,1.700434511390e-01,6.510251321712e-01,3.828581035085e+00
6.463177317732e-01,1.700697410974e-01,6.511252563492e-01,3.828577924254e+00
6.464176417642e-01,1.700960310559e-01,6.512253861365e-01,3.828574847362e+00
6.465175517552e-01,1.701223210143e-01,6.513255215344e-01,3.828571804400e+00
6.466174617462e-01,1.701486109727e-01,6.514256625439e-01,3.828568795359e+00
6.467173717372e-01,1.701749009312e-01,6.515258091661e-01,3.828565820230e+00
6.468172817282e-01,1.702011908896e-01,6.516259614023e-01,3.828562879005e+00
6.469171917192e-01,1.702274808480e-01,6.517261192535e-01,3.828559971673e+00
6.470171017102e-01,1.702537708065e-01,6.518262827209e-01,3.828557098227e+00
6.471170117012e-01,1.702800607649e-01,6.519264518057e-01,3.828554258656e+00
6.472169216922e-01,1.703063507233e-01,6.520266265089e-01,3.828551452953e+00
6.473168316832e-01,1.703326406818e-01,6.521268068317e-01,3.828548681108e+00
6.474167416742e-01,1.703589306402e-01,6.522269927753e-01,3.828545943112e+00
6.475166516652e-01,1.703852205986e-01,6.523271843408e-01,3.828543238956e+00
6.476165616562e-01,1.704115105570e-01,6.524273815294e-01,3.828540568631e+00
6.477164716472e-01,1.704378005155e-01,6.525275843421e-01,3.828537932129e+00
6.478163816382e-01,1.704640904739e-01,6.526277927802e-01,3.828535329440e+00
6.479162916292e-01,1.704903804323e-01,6.527280068447e-01,3.828532760555e+00
6.480162016202e-01,1.705166703908e-01,6.528282265369e-01,3.828530225466e+00
6.481161116112e-01,1.705429603492e-01,6.529284518578e-01,3.828527724163e+00
6.482160216022e-01,1.705692503076e-01,6.530286828086e-01,3.828525256638e+00
6.483159315932e-01,1.705955402661e-01,6.531289193905e-01,3.828522822882e+00
6.484158415842e-01,1.706218302245e-01,6.532291616046e-01,3.828520422885e+00
6.485157515752e-01,1.706481201829e-01,6.533294094520e-01,3.828518056640e+00
6.486156615662e-01,1.706744101414e-01,6.534296629339e-01,3.828515724136e+00
6.487155715572e-01,1.707007000998e-01,6.535299220514e-01,3.828513425366e+00
6.488154815482e-01,1.707269900582e-01,6.536301868057e-01,3.828511160320e+00
6.489153915392e-01,1.707532800167e-01,6.537304571980e-01,3.828508928989e+00
6.490153015302e-01,1.707795699751e-01,6.538307332293e-01,3.828506731365e+00
6.491152115212e-01,1.708058599335e-01,6.539310149008e-01,3.828504567438e+00
6.492151215122e-01,1.708321498920e-01,6.540313022137e-01,3.828502437201e+00
6.493150315032e-01,1.708584398504e-01,6.541315951691e-01,3.828500340644e+00
6.494149414941e-01,1.708847298088e-01,6.542318937681e-01,3.828498277757e+00
6.495148514851e-01,1.709110197673e-01,6.543321980120e-01,3.828496248533e+00
6.496147614761e-01,1.709373097257e-01,6.544325079018e-01,3.828494252963e+00
6.497146714671e-01,1.709635996841e-01,6.545328234387e-01,3.828492291037e+00
6.498145814581e-01,1.709898896426e-01,6.546331446238e-01,3.828490362748e+00
6.499144914491e-01,1.710161796010e-01,6.547334714584e-01,3.828488468085e+00
6.500144014401e-01,1.710424695594e-01,6.548338039435e-01,3.828486607041e+00
6.501143114311e-01,1.710687595179e-01,6.549341420803e-01,3.828484779607e+00
6.502142214221e-01,1.710950494763e-01,6.550344858700e-01,3.828482985773e+00
6.503141314131e-01,1.711213394347e-01,6.551348353136e-01,3.828481225531e+00
6.504140414041e-01,1.711476293931e-01,6.552351904124e-01,3.828479498873e+00
6.505139513951e-01,1.711739193516e-01,6.553355511675e-01,3.828477805789e+00
6.506138613861e-01,1.712002093100e-01,6.554359175800e-01,3.828476146271e+00
6.507137713771e-01,1.712264992684e-01,6.555362896511e-01,3.828474520310e+00
6.508136813681e-01,1.712527892269e-01,6.556366673820e-01,3.828472927897e+00
6.509135913591e-01,1.712790791853e-01,6.557370507738e-01,3.828471369024e+00
6.510135013501e-01,1.713053691437e-01,6.558374398276e-01,3.828469843682e+00
6.511134113411e-01,1.713316591022e-01,6.559378345446e-01,3.828468351862e+00
6.512133213321e-01,1.713579490606e-01,6.560382349260e-01,3.828466893555e+00
6.513132313231e-01,1.713842390190e-01,6.561386409729e-01,3.828465468753e+00
6.514131413141e-01,1.714105289775e-01,6.562390526865e-01,3.828464077447e+00
6.515130513051e-01,1.714368189359e-01,6.563394700678e-01,3.828462719629e+00
6.516129612961e-01,1.714631088943e-01,6.564398931182e-01,3.828461395289e+00
6.517128712871e-01,1.714893988528e-01,6.565403218386e-01,3.828460104419e+00
6.518127812781e-01,1.715156888112e-01,6.566407562303e-01,3.828458847011e+00
6.519126912691e-01,1.715419787696e-01,6.567411962945e-01,3.828457623055e+00
6.520126012601e-01,1.715682687281e-01,6.568416420322e-01,3.828456432543e+00
6.521125112511e-01,1.715945586865e-01,6.569420934447e-01,3.828455275467e+00
6.522124212421e-01,1.716208486449e-01,6.570425505330e-01,3.828454151817e+00
6.523123312331e-01,1.716471386034e-01,6.571430132984e-01,3.828453061586e+00
6.524122412241e-01,1.716734285618e-01,6.572434817420e-01,3.828452004764e+00
6.525121512151e-01,1.716997185202e-01,6.573439558650e-01,3.828450981342e+00
6.526120612061e-01,1.717260084787e-01,6.574444356684e-01,3.828449991314e+00
6.527119711971e-01,1.717522984371e-01,6.575449211536e-01,3.828449034669e+00
6.528118811881e-01,1.717785883955e-01,6.576454123215e-01,3.828448111399e+00
6.529117911791e-01,1.718048783540e-01,6.577459091735e-01,3.828447221495e+00
6.530117011701e-01,1.718311683124e-01,6.578464117105e-01,3.828446364949e+00
6.531116111611e-01,1.718574582708e-01,6.579469199339e-01,3.828445541753e+00
6.532115211521e-01,1.718837482292e-01,6.580474338447e-01,3.828444751898e+00
6.533114311431e-01,1.719100381877e-01,6.581479534442e-01,3.828443995374e+00
6.534113411341e-01,1.719363281461e-01,6.582484787334e-01,3.828443272175e+00
6.535112511251e-01,1.719626181045e-01,6.583490097135e-01,3.828442582290e+00
6.536111611161e-01,1.719889080630e-01,6.584495463857e-01,3.828441925712e+00
6.537110711071e-01,1.720151980214e-01,6.585500887512e-01,3.828441302432e+00
6.538109810981e-01,1.720414879798e-01,6.586506368110e-01,3.828440712441e+00
6.539108910891e-01,1.720677779383e-01,6.587511905664e-01,3.828440155732e+00
6.540108010801e-01,1.720940678967e-01,6.588517500186e-01,3.828439632295e+00
6.541107110711e-01,1.721203578551e-01,6.589523151686e-01,3.828439142122e+00
6.542106210621e-01,1.721466478136e-01,6.590528860177e-01,3.828438685204e+00
6.543105310531e-01,1.721729377720e-01,6.591534625669e-01,3.828438261533e+00
6.544104410441e-01,1.721992277304e-01,6.592540448175e-01,3.828437871101e+00
6.545103510351e-01,1.722255176889e-01,6.593546327707e-01,3.828437513899e+00
6.546102610261e-01,1.722518076473e-01,6.594552264275e-01,3.828437189918e+00
6.547101710171e-01,1.722780976057e-01,6.595558257892e-01,3.828436899150e+00
6.548100810081e-01,1.723043875642e-01,6.596564308569e-01,3.828436641587e+00
6.549099909991e-01,1.723306775226e-01,6.597570416317e-01,3.828436417220e+00
6.550099009901e-01,1.723569674810e-01,6.598576581149e-01,3.828436226041e+00
6.551098109811e-01,1.723832574395e-01,6.599582803076e-01,3.828436068041e+00
6.552097209721e-01,1.724095473979e-01,6.600589082109e-01,3.828435943212e+00
6.553096309631e-01,1.724358373563e-01,6.601595418261e-01,3.828435851545e+00
6.554095409541e-01,1.724621273148e-01,6.602601811542e-01,3.828435793032e+00
6.555094509451e-01,1.724884172732e-01,6.603608261965e-01,3.828435767665e+00
6.556093609361e-01,1.725147072316e-01,6.604614769541e-01,3.828435775435e+00
6.557092709271e-01,1.725409971901e-01,6.605621334282e-01,3.828435816333e+00
6.558091809181e-01,1.725672871485e-01,6.606627956199e-01,3.828435890352e+00
6.559090909091e-01,1.725935771069e-01,6.607634635305e-01,3.828435997483e+00
6.560090009001e-01,1.726198670653e-01,6.608641371610e-01,3.828436137717e+00
6.561089108911e-01,1.726461570238e-01,6.609648165126e-01,3.828436311047e+00
6.562088208821e-01,1.726724469822e-01,6.610655015865e-01,3.828436517464e+00
6.563087308731e-01,1.726987369406e-01,6.611661923839e-01,3.828436756959e+00
6.564086408641e-01,1.727250268991e-01,6.612668889059e-01,3.828437029524e+00
6.565085508551e-01,1.727513168575e-01,6.613675911538e-01,3.828437335151e+00
6.566084608461e-01,1.727776068159e-01,6.614682991286e-01,3.828437673831e+00
6.567083708371e-01,1.728038967744e-01,6.615690128315e-01,3.828438045557e+00
6.568082808281e-01,1.728301867328e-01,6.616697322637e-01,3.828438450319e+00
6.569081908191e-01,1.728564766912e-01,6.617704574264e-01,3.828438888110e+00
6.570081008101e-01,1.728827666497e-01,6.618711883207e-01,3.828439358921e+00
6.571080108011e-01,1.729090566081e-01,6.619719249479e-01,3.828439862744e+00
6.572079207921e-01,1.729353465665e-01,6.620726673090e-01,3.828440399570e+00
6.573078307831e-01,1.729616365250e-01,6.621734154052e-01,3.828440969392e+00
6.574077407741e-01,1.729879264834e-01,6.622741692378e-01,3.828441572200e+00
6.575076507651e-01,1.730142164418e-01,6.623749288078e-01,3.828442207988e+00
6.576075607561e-01,1.730405064003e-01,6.624756941165e-01,3.828442876746e+00
6.577074707471e-01,1.730667963587e-01,6.625764651650e-01,3.828443578465e+00
6.578073807381e-01,1.730930863171e-01,6.626772419545e-01,3.828444313139e+00
6.579072907291e-01,1.731193762756e-01,6.627780244862e-01,3.828445080759e+00
6.580072007201e-01,1.731456662340e-01,6.628788127611e-01,3.828445881315e+00
6.581071107111e-01,1.731719561924e-01,6.629796067806e-01,3.828446714801e+00
6.582070207021e-01,1.731982461509e-01,6.630804065458e-01,3.828447581208e+00
6.583069306931e-01,1.732245361093e-01,6.631812120578e-01,3.828448480528e+00
6.584068406841e-01,1.732508260677e-01,6.632820233178e-01,3.828449412752e+00
6.585067506751e-01,1.732771160261e-01,6.633828403270e-01,3.828450377873e+00
6.586066606661e-01,1.733034059846e-01,6.634836630865e-01,3.828451375881e+00
6.587065706571e-01,1.733296959430e-01,6.635844915976e-01,3.828452406769e+00
6.588064806481e-01,1.733559859014e-01,6.636853258614e-01,3.828453470529e+00
6.589063906391e-01,1.733822758599e-01,6.637861658791e-01,3.828454567153e+00
6.590063006301e-01,1.734085658183e-01,6.638870116518e-01,3.828455696631e+00
6.591062106211e-01,1.734348557767e-01,6.639878631807e-01,3.828456858957e+00
6.592061206121e-01,1.734611457352e-01,6.640887204671e-01,3.828458054122e+00
6.593060306031e-01,1.734874356936e-01,6.641895835120e-01,3.828459282118e+00
6.594059405941e-01,1.735137256520e-01,6.642904523167e-01,3.828460542936e+00
6.595058505851e-01,1.735400156105e-01,6.643913268822e-01,3.828461836569e+00
6.596057605761e-01,1.735663055689e-01,6.644922072099e-01,3.828463163008e+00
6.597056705671e-01,1.735925955273e-01,6.645930933009e-01,3.828464522245e+00
6.598055805581e-01,1.736188854858e-01,6.646939851563e-01,3.828465914273e+00
6.599054905491e-01,1.736451754442e-01,6.647948827773e-01,3.828467339082e+00
6.600054005401e-01,1.736714654026e-01,6.648957861651e-01,3.828468796665e+00
6.601053105311e-01,1.736977553611e-01,6.649966953209e-01,3.828470287014e+00
6.602052205221e-01,1.737240453195e-01,6.650976102459e-01,3.828471810121e+00
6.603051305131e-01,1.737503352779e-01,6.651985309412e-01,3.828473365977e+00
6.604050405041e-01,1.737766252364e-01,6.652994574080e-01,3.828474954575e+00
6.605049504950e-01,1.738029151948e-01,6.654003896475e-01,3.828476575906e+00
6.606048604860e-01,1.738292051532e-01,6.655013276608e-01,3.828478229963e+00
6.607047704770e-01,1.738554951117e-01,6.656022714492e-01,3.828479916736e+00
6.608046804680e-01,1.738817850701e-01,6.657032210138e-01,3.828481636219e+00
6.609045904590e-01,1.739080750285e-01,6.658041763558e-01,3.828483388403e+00
6.610045004500e-01,1.739343649870e-01,6.659051374764e-01,3.828485173280e+00
6.611044104410e-01,1.739606549454e-01,6.660061043768e-01,3.828486990842e+00
6.612043204320e-01,1.739869449038e-01,6.661070770581e-01,3.828488841081e+00
6.613042304230e-01,1.740132348622e-01,6.662080555215e-01,3.828490723989e+00
6.614041404140e-01,1.740395248207e-01,6.663090397682e-01,3.828492639558e+00
6.615040504050e-01,1.740658147791e-01,6.664100297994e-01,3.828494587780e+00
6.616039603960e-01,1.740921047375e-01,6.665110256162e-01,3.828496568647e+00
6.617038703870e-01,1.741183946960e-01,6.666120272199e-01,3.828498582151e+00
6.618037803780e-01,1.741446846544e-01,6.667130346116e-01,3.828500628283e+00
6.619036903690e-01,1.741709746128e-01,6.668140477925e-01,3.828502707037e+00
6.620036003600e-01,1.741972645713e-01,6.669150667638e-01,3.828504818403e+00
6.621035103510e-01,1.742235545297e-01,6.670160915267e-01,3.828506962375e+00
6.622034203420e-01,1.742498444881e-01,6.671171220823e-01,3.828509138943e+00
6.623033303330e-01,1.742761344466e-01,6.672181584319e-01,3.828511348101e+00
6.624032403240e-01,1.743024244050e-01,6.673192005765e-01,3.828513589840e+00
6.625031503150e-01,1.743287143634e-01,6.674202485175e-01,3.828515864151e+00
6.626030603060e-01,1.743550043219e-01,6.675213022560e-01,3.828518171028e+00
6.627029702970e-01,1.743812942803e-01,6.676223617931e-01,3.828520510462e+00
6.628028802880e-01,1.744075842387e-01,6.677234271301e-01,3.828522882446e+00
6.629027902790e-01,1.744338741972e-01,6.678244982681e-01,3.828525286971e+00
6.630027002700e-01,1.744601641556e-01,6.679255752083e-01,3.828527724029e+00
6.631026102610e-01,1.744864541140e-01,6.680266579520e-01,3.828530193613e+00
6.632025202520e-01,1.745127440725e-01,6.681277465002e-01,3.828532695714e+00
6.633024302430e-01,1.745390340309e-01,6.682288408542e-01,3.828535230325e+00
6.634023402340e-01,1.745653239893e-01,6.683299410152e-01,3.828537797438e+00
6.635022502250e-01,1.745916139478e-01,6.684310469843e-01,3.828540397045e+00
6.636021602160e-01,1.746179039062e-01,6.685321587628e-01,3.828543029138e+00
6.637020702070e-01,1.746441938646e-01,6.686332763518e-01,3.828545693710e+00
6.638019801980e-01,1.746704838231e-01,6.687343997525e-01,3.828548390751e+00
6.639018901890e-01,1.746967737815e-01,6.688355289661e-01,3.828551120255e+00
6.640018001800e-01,1.747230637399e-01,6.689366639938e-01,3.828553882214e+00
6.641017101710e-01,1.747493536983e-01,6.690378048368e-01,3.828556676620e+00
6.642016201620e-01,1.747756436568e-01,6.691389514962e-01,3.828559503464e+00
6.643015301530e-01,1.748019336152e-01,6.692401039733e-01,3.828562362740e+00
6.644014401440e-01,1.748282235736e-01,6.693412622693e-01,3.828565254438e+00
6.645013501350e-01,1.748545135321e-01,6.694424263852e-01,3.828568178553e+00
6.646012601260e-01,1.748808034905e-01,6.695435963224e-01,3.828571135075e+00
6.647011701170e-01,1.749070934489e-01,6.696447720820e-01,3.828574123996e+00
6.648010801080e-01,1.749333834074e-01,6.697459536652e-01,3.828577145310e+00
6.649009900990e-01,1.749596733658e-01,6.698471410732e-01,3.828580199008e+00
6.650009000900e-01,1.749859633242e-01,6.699483343072e-01,3.828583285082e+00
6.651008100810e-01,1.750122532827e-01,6.700495333683e-01,3.828586403525e+00
6.652007200720e-01,1.750385432411e-01,6.701507382578e-01,3.828589554329e+00
6.653006300630e-01,1.750648331995e-01,6.702519489769e-01,3.828592737486e+00
6.654005400540e-01,1.750911231580e-01,6.703531655267e-01,3.828595952988e+00
6.655004500450e-01,1.751174131164e-01,6.704543879085e-01,3.828599200828e+00
6.656003600360e-01,1.751437030748e-01,6.705556161234e-01,3.828602480997e+00
6.657002700270e-01,1.751699930333e-01,6.706568501726e-01,3.828605793489e+00
6.658001800180e-01,1.751962829917e-01,6.707580900573e-01,3.828609138295e+00
6.659000900090e-01,1.752225729501e-01,6.708593357788e-01,3.828612515408e+00
6.660000000000e-01,1.752488629086e-01,6.709605873381e-01,3.828615924819e+00
6.660999099910e-01,1.752751528670e-01,6.710618447366e-01,3.828619366522e+00
6.661998199820e-01,1.753014428254e-01,6.711631079753e-01,3.828622840508e+00
6.662997299730e-01,1.753277327839e-01,6.712643770556e-01,3.828626346769e+00
6.663996399640e-01,1.753540227423e-01,6.713656519785e-01,3.828629885299e+00
6.664995499550e-01,1.753803127007e-01,6.714669327453e-01,3.828633456089e+00
6.665994599460e-01,1.754066026592e-01,6.715682193572e-01,3.828637059132e+00
6.666993699370e-01,1.754328926176e-01,6.716695118154e-01,3.828640694419e+00
6.667992799280e-01,1.754591825760e-01,6.717708101210e-01,3.828644361944e+00
6.668991899190e-01,1.754854725344e-01,6.718721142753e-01,3.828648061699e+00
6.669990999100e-01,1.755117624929e-01,6.719734242795e-01,3.828651793675e+00
6.670990099010e-01,1.755380524513e-01,6.720747401347e-01,3.828655557866e+00
6.671989198920e-01,1.755643424097e-01,6.721760618422e-01,3.828659354263e+00
6.672988298830e-01,1.755906323682e-01,6.722773894031e-01,3.828663182860e+00
6.673987398740e-01,1.756169223266e-01,6.723787228187e-01,3.828667043647e+00
6.674986498650e-01,1.756432122850e-01,6.724800620901e-01,3.828670936619e+00
6.675985598560e-01,1.756695022435e-01,6.725814072186e-01,3.828674861766e+00
6.676984698470e-01,1.756957922019e-01,6.726827582053e-01,3.828678819082e+00
6.677983798380e-01,1.757220821603e-01,6.727841150515e-01,3.828682808559e+00
6.678982898290e-01,1.757483721188e-01,6.728854777583e-01,3.828686830189e+00
6.679981998200e-01,1.757746620772e-01,6.729868463270e-01,3.828690883965e+00
6.680981098110e-01,1.758009520356e-01,6.730882207587e-01,3.828694969879e+00
6.681980198020e-01,1.758272419941e-01,6.731896010547e-01,3.828699087923e+00
6.682979297930e-01,1.758535319525e-01,6.732909872161e-01,3.828703238090e+00
6.683978397840e-01,1.758798219109e-01,6.733923792441e-01,3.828707420372e+00
6.684977497750e-01,1.759061118694e-01,6.734937771400e-01,3.828711634762e+00
6.685976597660e-01,1.759324018278e-01,6.735951809050e-01,3.828715881253e+00
6.686975697570e-01,1.759586917862e-01,6.736965905402e-01,3.828720159835e+00
6.687974797480e-01,1.759849817447e-01,6.737980060469e-01,3.828724470503e+00
6.688973897390e-01,1.760112717031e-01,6.738994274262e-01,3.828728813249e+00
6.689972997300e-01,1.760375616615e-01,6.740008546794e-01,3.828733188064e+00
6.690972097210e-01,1.760638516200e-01,6.741022878076e-01,3.828737594942e+00
6.691971197120e-01,1.760901415784e-01,6.742037268122e-01,3.828742033875e+00
6.692970297030e-01,1.761164315368e-01,6.743051716942e-01,3.828746504855e+00
6.693969396940e-01,1.761427214953e-01,6.744066224548e-01,3.828751007875e+00
6.694968496850e-01,1.761690114537e-01,6.745080790954e-01,3.828755542928e+00
6.695967596760e-01,1.761953014121e-01,6.746095416170e-01,3.828760110005e+00
6.696966696670e-01,1.762215913705e-01,6.747110100210e-01,3.828764709100e+00
6.697965796580e-01,1.762478813290e-01,6.748124843084e-01,3.828769340204e+00
6.698964896490e-01,1.762741712874e-01,6.749139644805e-01,3.828774003311e+00
6.699963996400e-01,1.763004612458e-01,6.750154505385e-01,3.828778698413e+00
6.700963096310e-01,1.763267512043e-01,6.751169424837e-01,3.828783425503e+00
6.701962196220e-01,1.763530411627e-01,6.752184403172e-01,3.828788184572e+00
6.702961296130e-01,1.763793311211e-01,6.753199440402e-01,3.828792975614e+00
6.703960396040e-01,1.764056210796e-01,6.754214536539e-01,3.828797798621e+00
6.704959495950e-01,1.764319110380e-01,6.755229691596e-01,3.828802653586e+00
6.705958595860e-01,1.764582009964e-01,6.756244905584e-01,3.828807540501e+00
6.706957695770e-01,1.764844909549e-01,6.757260178516e-01,3.828812459359e+00
6.707956795680e-01,1.765107809133e-01,6.758275510403e-01,3.828817410152e+00
6.708955895590e-01,1.765370708717e-01,6.759290901258e-01,3.828822392873e+00
6.709954995500e-01,1.765633608302e-01,6.760306351093e-01,3.828827407514e+00
6.710954095410e-01,1.765896507886e-01,6.761321859920e-01,3.828832454069e+00
6.711953195320e-01,1.766159407470e-01,6.762337427751e-01,3.828837532529e+00
6.712952295230e-01,1.766422307055e-01,6.763353054599e-01,3.828842642888e+00
6.713951395140e-01,1.766685206639e-01,6.764368740474e-01,3.828847785137e+00
6.714950495050e-01,1.766948106223e-01,6.765384485390e-01,3.828852959270e+00
6.715949594959e-01,1.767211005808e-01,6.766400289358e-01,3.828858165279e+00
6.716948694869e-01,1.767473905392e-01,6.767416152391e-01,3.828863403157e+00
6.717947794779e-01,1.767736804976e-01,6.768432074500e-01,3.828868672897e+00
6.718946894689e-01,1.767999704561e-01,6.769448055699e-01,3.828873974490e+00
6.719945994599e-01,1.768262604145e-01,6.770464095998e-01,3.828879307931e+00
6.720945094509e-01,1.768525503729e-01,6.771480195410e-01,3.828884673210e+00
6.721944194419e-01,1.768788403314e-01,6.772496353947e-01,3.828890070322e+00
6.722943294329e-01,1.769051302898e-01,6.773512571622e-01,3.828895499258e+00
6.723942394239e-01,1.769314202482e-01,6.774528848446e-01,3.828900960012e+00
6.724941494149e-01,1.769577102066e-01,6.775545184432e-01,3.828906452575e+00
6.725940594059e-01,1.769840001651e-01,6.776561579591e-01,3.828911976942e+00
6.726939693969e-01,1.770102901235e-01,6.777578033937e-01,3.828917533104e+00
6.727938793879e-01,1.770365800819e-01,6.778594547480e-01,3.828923121054e+00
6.728937893789e-01,1.770628700404e-01,6.779611120234e-01,3.828928740784e+00
6.729936993699e-01,1.770891599988e-01,6.780627752209e-01,3.828934392289e+00
6.730936093609e-01,1.771154499572e-01,6.781644443420e-01,3.828940075559e+00
6.731935193519e-01,1.771417399157e-01,6.782661193877e-01,3.828945790589e+00
6.732934293429e-01,1.771680298741e-01,6.783678003592e-01,3.828951537370e+00
6.733933393339e-01,1.771943198325e-01,6.784694872579e-01,3.828957315895e+00
6.734932493249e-01,1.772206097910e-01,6.785711800849e-01,3.828963126158e+00
6.735931593159e-01,1.772468997494e-01,6.786728788414e-01,3.828968968151e+00
6.736930693069e-01,1.772731897078e-01,6.787745835286e-01,3.828974841866e+00
6.737929792979e-01,1.772994796663e-01,6.788762941479e-01,3.828980747297e+00
6.738928892889e-01,1.773257696247e-01,6.789780107003e-01,3.828986684436e+00
6.739927992799e-01,1.773520595831e-01,6.790797331871e-01,3.828992653276e+00
6.740927092709e-01,1.773783495416e-01,6.791814616095e-01,3.828998653809e+00
6.741926192619e-01,1.774046395000e-01,6.792831959688e-01,3.829004686029e+00
6.742925292529e-01,1.774309294584e-01,6.793849362661e-01,3.829010749929e+00
6.743924392439e-01,1.774572194169e-01,6.794866825028e-01,3.829016845500e+00
6.744923492349e-01,1.774835093753e-01,6.795884346799e-01,3.829022972736e+00
6.745922592259e-01,1.775097993337e-01,6.796901927987e-01,3.829029131631e+00
6.746921692169e-01,1.775360892922e-01,6.797919568605e-01,3.829035322175e+00
6.747920792079e-01,1.775623792506e-01,6.798937268664e-01,3.829041544363e+00
6.748919891989e-01,1.775886692090e-01,6.799955028178e-01,3.829047798187e+00
6.749918991899e-01,1.776149591675e-01,6.800972847157e-01,3.829054083640e+00
6.750918091809e-01,1.776412491259e-01,6.801990725614e-01,3.829060400715e+00
6.751917191719e-01,1.776675390843e-01,6.803008663563e-01,3.829066749404e+00
6.752916291629e-01,1.776938290427e-01,6.804026661013e-01,3.829073129701e+00
6.753915391539e-01,1.777201190012e-01,6.805044717979e-01,3.829079541599e+00
6.754914491449e-01,1.777464089596e-01,6.806062834472e-01,3.829085985089e+00
6.755913591359e-01,1.777726989180e-01,6.807081010504e-01,3.829092460166e+00
6.756912691269e-01,1.777989888765e-01,6.808099246089e-01,3.829098966822e+00
6.757911791179e-01,1.778252788349e-01,6.809117541237e-01,3.829105505049e+00
6.758910891089e-01,1.778515687933e-01,6.810135895961e-01,3.829112074841e+00
6.759909990999e-01,1.778778587518e-01,6.811154310273e-01,3.829118676191e+00
6.760909090909e-01,1.779041487102e-01,6.812172784186e-01,3.829125309092e+00
6.761908190819e-01,1.779304386686e-01,6.813191317713e-01,3.829131973535e+00
6.762907290729e-01,1.779567286271e-01,6.814209910864e-01,3.829138669515e+00
6.763906390639e-01,1.779830185855e-01,6.815228563653e-01,3.829145397025e+00
6.764905490549e-01,1.780093085439e-01,6.816247276091e-01,3.829152156056e+00
6.765904590459e-01,1.780355985024e-01,6.817266048191e-01,3.829158946603e+00
6.766903690369e-01,1.780618884608e-01,6.818284879966e-01,3.829165768658e+00
6.767902790279e-01,1.780881784192e-01,6.819303771427e-01,3.829172622213e+00
6.768901890189e-01,1.781144683777e-01,6.820322722587e-01,3.829179507263e+00
6.769900990099e-01,1.781407583361e-01,6.821341733458e-01,3.829186423799e+00
6.770900090009e-01,1.781670482945e-01,6.822360804053e-01,3.829193371815e+00
6.771899189919e-01,1.781933382530e-01,6.823379934383e-01,3.829200351304e+00
6.772898289829e-01,1.782196282114e-01,6.824399124461e-01,3.829207362259e+00
6.773897389739e-01,1.782459181698e-01,6.825418374299e-01,3.829214404672e+00
6.774896489649e-01,1.782722081283e-01,6.826437683910e-01,3.829221478538e+00
6.775895589559e-01,1.782984980867e-01,6.827457053306e-01,3.829228583847e+00
6.776894689469e-01,1.783247880451e-01,6.828476482499e-01,3.829235720595e+00
6.777893789379e-01,1.783510780036e-01,6.829495971501e-01,3.829242888773e+00
6.778892889289e-01,1.783773679620e-01,6.830515520325e-01,3.829250088375e+00
6.779891989199e-01,1.784036579204e-01,6.831535128983e-01,3.829257319394e+00
6.780891089109e-01,1.784299478788e-01,6.832554797488e-01,3.829264581822e+00
6.781890189019e-01,1.784562378373e-01,6.833574525851e-01,3.829271875653e+00
6.782889288929e-01,1.784825277957e-01,6.834594314086e-01,3.829279200880e+00
6.783888388839e-01,1.785088177541e-01,6.835614162203e-01,3.829286557495e+00
6.784887488749e-01,1.785351077126e-01,6.836634070217e-01,3.829293945493e+00
6.785886588659e-01,1.785613976710e-01,6.837654038138e-01,3.829301364865e+00
6.786885688569e-01,1.785876876294e-01,6.838674065980e-01,3.829308815606e+00
6.787884788479e-01,1.786139775879e-01,6.839694153755e-01,3.829316297707e+00
6.788883888389e-01,1.786402675463e-01,6.840714301475e-01,3.829323811162e+00
6.789882988299e-01,1.786665575047e-01,6.841734509152e-01,3.829331355965e+00
6.790882088209e-01,1.786928474632e-01,6.842754776799e-01,3.829338932108e+00
6.791881188119e-01,1.787191374216e-01,6.843775104428e-01,3.829346539584e+00
6.792880288029e-01,1.787454273800e-01,6.844795492051e-01,3.829354178386e+00
6.793879387939e-01,1.787717173385e-01,6.845815939681e-01,3.829361848508e+00
6.794878487849e-01,1.787980072969e-01,6.846836447331e-01,3.829369549942e+00
6.795877587759e-01,1.788242972553e-01,6.847857015012e-01,3.829377282683e+00
6.796876687669e-01,1.788505872138e-01,6.848877642737e-01,3.829385046721e+00
6.797875787579e-01,1.788768771722e-01,6.849898330519e-01,3.829392842052e+00
6.798874887489e-01,1.789031671306e-01,6.850919078369e-01,3.829400668668e+00
6.799873987399e-01,1.789294570891e-01,6.851939886300e-01,3.829408526562e+00
6.800873087309e-01,1.789557470475e-01,6.852960754325e-01,3.829416415728e+00
6.801872187219e-01,1.789820370059e-01,6.853981682455e-01,3.829424336158e+00
6.802871287129e-01,1.790083269644e-01,6.855002670704e-01,3.829432287845e+00
6.803870387039e-01,1.790346169228e-01,6.856023719083e-01,3.829440270783e+00
6.804869486949e-01,1.790609068812e-01,6.857044827606e-01,3.829448284965e+00
6.805868586859e-01,1.790871968396e-01,6.858065996284e-01,3.829456330384e+00
6.806867686769e-01,1.791134867981e-01,6.859087225130e-01,3.829464407034e+00
6.807866786679e-01,1.791397767565e-01,6.860108514156e-01,3.829472514907e+00
6.808865886589e-01,1.791660667149e-01,6.861129863374e-01,3.829480653996e+00
6.809864986499e-01,1.791923566734e-01,6.862151272798e-01,3.829488824295e+00
6.810864086409e-01,1.792186466318e-01,6.863172742439e-01,3.829497025797e+00
6.811863186319e-01,1.792449365902e-01,6.864194272311e-01,3.829505258496e+00
6.812862286229e-01,1.792712265487e-01,6.865215862424e-01,3.829513522383e+00
6.813861386139e-01,1.792975165071e-01,6.866237512792e-01,3.829521817454e+00
6.814860486049e-01,1.793238064655e-01,6.867259223428e-01,3.829530143700e+00
6.815859585959e-01,1.793500964240e-01,6.868280994343e-01,3.829538501115e+00
6.816858685869e-01,1.793763863824e-01,6.869302825550e-01,3.829546889693e+00
6.817857785779e-01,1.794026763408e-01,6.870324717062e-01,3.829555309426e+00
6.818856885689e-01,1.794289662993e-01,6.871346668891e-01,3.829563760307e+00
6.819855985599e-01,1.794552562577e-01,6.872368681049e-01,3.829572242331e+00
6.820855085509e-01,1.794815462161e-01,6.873390753549e-01,3.829580755490e+00
6.821854185419e-01,1.795078361746e-01,6.874412886404e-01,3.829589299778e+00
6.822853285329e-01,1.795341261330e-01,6.875435079625e-01,3.829597875187e+00
6.823852385239e-01,1.795604160914e-01,6.876457333225e-01,3.829606481711e+00
6.824851485149e-01,1.795867060499e-01,6.877479647217e-01,3.829615119344e+00
6.825850585059e-01,1.796129960083e-01,6.878502021614e-01,3.829623788078e+00
6.826849684968e-01,1.796392859667e-01,6.879524456427e-01,3.829632487907e+00
6.827848784878e-01,1.796655759252e-01,6.880546951669e-01,3.829641218825e+00
6.828847884788e-01,1.796918658836e-01,6.881569507353e-01,3.829649980824e+00
6.829846984698e-01,1.797181558420e-01,6.882592123490e-01,3.829658773897e+00
6.830846084608e-01,1.797444458005e-01,6.883614800095e-01,3.829667598039e+00
6.831845184518e-01,1.797707357589e-01,6.884637537178e-01,3.829676453242e+00
6.832844284428e-01,1.797970257173e-01,6.885660334753e-01,3.829685339500e+00
6.833843384338e-01,1.798233156757e-01,6.886683192832e-01,3.829694256806e+00
6.834842484248e-01,1.798496056342e-01,6.887706111428e-01,3.829703205153e+00
6.835841584158e-01,1.798758955926e-01,6.888729090553e-01,3.829712184536e+00
6.836840684068e-01,1.799021855510e-01,6.889752130219e-01,3.829721194946e+00
6.837839783978e-01,1.799284755095e-01,6.890775230440e-01,3.829730236377e+00
6.838838883888e-01,1.799547654679e-01,6.891798391227e-01,3.829739308824e+00
6.839837983798e-01,1.799810554263e-01,6.892821612593e-01,3.829748412279e+00
6.840837083708e-01,1.800073453848e-01,6.893844894550e-01,3.829757546735e+00
6.841836183618e-01,1.800336353432e-01,6.894868237112e-01,3.829766712186e+00
6.842835283528e-01,1.800599253016e-01,6.895891640291e-01,3.829775908625e+00
6.843834383438e-01,1.800862152601e-01,6.896915104099e-01,3.829785136046e+00
6.844833483348e-01,1.801125052185e-01,6.897938628548e-01,3.829794394443e+00
6.845832583258e-01,1.801387951769e-01,6.898962213652e-01,3.829803683807e+00
6.846831683168e-01,1.801650851354e-01,6.899985859423e-01,3.829813004134e+00
6.847830783078e-01,1.801913750938e-01,6.901009565873e-01,3.829822355416e+00
6.848829882988e-01,1.802176650522e-01,6.902033333015e-01,3.829831737646e+00
6.849828982898e-01,1.802439550107e-01,6.903057160861e-01,3.829841150819e+00
6.850828082808e-01,1.802702449691e-01,6.904081049425e-01,3.829850594927e+00
6.851827182718e-01,1.802965349275e-01,6.905104998718e-01,3.829860069964e+00
6.852826282628e-01,1.803228248860e-01,6.906129008753e-01,3.829869575924e+00
6.853825382538e-01,1.803491148444e-01,6.907153079543e-01,3.829879112799e+00
6.854824482448e-01,1.803754048028e-01,6.908177211101e-01,3.829888680584e+00
6.855823582358e-01,1.804016947613e-01,6.909201403438e-01,3.829898279271e+00
6.856822682268e-01,1.804279847197e-01,6.910225656567e-01,3.829907908855e+00
6.857821782178e-01,1.804542746781e-01,6.911249970502e-01,3.829917569329e+00
6.858820882088e-01,1.804805646366e-01,6.912274345254e-01,3.829927260685e+00
6.859819981998e-01,1.805068545950e-01,6.913298780837e-01,3.829936982919e+00
6.860819081908e-01,1.805331445534e-01,6.914323277262e-01,3.829946736022e+00
6.861818181818e-01,1.805594345118e-01,6.915347834542e-01,3.829956519989e+00
6.862817281728e-01,1.805857244703e-01,6.916372452691e-01,3.829966334814e+00
6.863816381638e-01,1.806120144287e-01,6.917397131720e-01,3.829976180488e+00
6.864815481548e-01,1.806383043871e-01,6.918421871642e-01,3.829986057007e+00
6.865814581458e-01,1.806645943456e-01,6.919446672470e-01,3.829995964364e+00
6.866813681368e-01,1.806908843040e-01,6.920471534217e-01,3.830005902552e+00
6.867812781278e-01,1.807171742624e-01,6.921496456894e-01,3.830015871565e+00
6.868811881188e-01,1.807434642209e-01,6.922521440516e-01,3.830025871395e+00
6.869810981098e-01,1.807697541793e-01,6.923546485093e-01,3.830035902038e+00
6.870810081008e-01,1.807960441377e-01,6.924571590639e-01,3.830045963486e+00
6.871809180918e-01,1.808223340962e-01,6.925596757167e-01,3.830056055732e+00
6.872808280828e-01,1.808486240546e-01,6.926621984689e-01,3.830066178771e+00
6.873807380738e-01,1.808749140130e-01,6.927647273218e-01,3.830076332597e+00
6.874806480648e-01,1.809012039715e-01,6.928672622766e-01,3.830086517201e+00
6.875805580558e-01,1.809274939299e-01,6.929698033346e-01,3.830096732579e+00
6.876804680468e-01,1.809537838883e-01,6.930723504971e-01,3.830106978723e+00
6.877803780378e-01,1.809800738468e-01,6.931749037653e-01,3.830117255628e+00
6.878802880288e-01,1.810063638052e-01,6.932774631405e-01,3.830127563286e+00
6.879801980198e-01,1.810326537636e-01,6.933800286240e-01,3.830137901692e+00
6.880801080108e-01,1.810589437221e-01,6.934826002170e-01,3.830148270839e+00
6.881800180018e-01,1.810852336805e-01,6.935851779209e-01,3.830158670721e+00
6.882799279928e-01,1.811115236389e-01,6.936877617367e-01,3.830169101331e+00
6.883798379838e-01,1.811378135974e-01,6.937903516660e-01,3.830179562663e+00
6.884797479748e-01,1.811641035558e-01,6.938929477098e-01,3.830190054710e+00
6.885796579658e-01,1.811903935142e-01,6.939955498695e-01,3.830200577466e+00
6.886795679568e-01,1.812166834727e-01,6.940981581463e-01,3.830211130925e+00
6.887794779478e-01,1.812429734311e-01,6.942007725416e-01,3.830221715081e+00
6.888793879388e-01,1.812692633895e-01,6.943033930565e-01,3.830232329926e+00
6.889792979298e-01,1.812955533479e-01,6.944060196923e-01,3.830242975456e+00
6.890792079208e-01,1.813218433064e-01,6.945086524504e-01,3.830253651662e+00
6.891791179118e-01,1.813481332648e-01,6.946112913319e-01,3.830264358540e+00
6.892790279028e-01,1.813744232232e-01,6.947139363382e-01,3.830275096082e+00
6.893789378938e-01,1.814007131817e-01,6.948165874706e-01,3.830285864283e+00
6.894788478848e-01,1.814270031401e-01,6.949192447302e-01,3.830296663135e+00
6.895787578758e-01,1.814532930985e-01,6.950219081184e-01,3.830307492634e+00
6.896786678668e-01,1.814795830570e-01,6.951245776364e-01,3.830318352771e+00
6.897785778578e-01,1.815058730154e-01,6.952272532856e-01,3.830329243542e+00
6.898784878488e-01,1.815321629738e-01,6.953299350671e-01,3.830340164940e+00
6.899783978398e-01,1.815584529323e-01,6.954326229823e-01,3.830351116958e+00
6.900783078308e-01,1.815847428907e-01,6.955353170324e-01,3.830362099590e+00
6.901782178218e-01,1.816110328491e-01,6.956380172187e-01,3.830373112831e+00
6.902781278128e-01,1.816373228076e-01,6.957407235425e-01,3.830384156673e+00
6.903780378038e-01,1.816636127660e-01,6.958434360051e-01,3.830395231110e+00
6.904779477948e-01,1.816899027244e-01,6.959461546077e-01,3.830406336136e+00
6.905778577858e-01,1.817161926829e-01,6.960488793516e-01,3.830417471746e+00
6.906777677768e-01,1.817424826413e-01,6.961516102380e-01,3.830428637932e+00
6.907776777678e-01,1.817687725997e-01,6.962543472683e-01,3.830439834688e+00
6.908775877588e-01,1.817950625582e-01,6.963570904438e-01,3.830451062008e+00
6.909774977498e-01,1.818213525166e-01,6.964598397656e-01,3.830462319887e+00
6.910774077408e-01,1.818476424750e-01,6.965625952352e-01,3.830473608317e+00
6.911773177318e-01,1.818739324335e-01,6.966653568536e-01,3.830484927292e+00
6.912772277228e-01,1.819002223919e-01,6.967681246224e-01,3.830496276806e+00
6.913771377138e-01,1.819265123503e-01,6.968708985426e-01,3.830507656854e+00
6.914770477048e-01,1.819528023088e-01,6.969736786157e-01,3.830519067428e+00
6.915769576958e-01,1.819790922672e-01,6.970764648428e-01,3.830530508523e+00
6.916768676868e-01,1.820053822256e-01,6.971792572252e-01,3.830541980132e+00
6.917767776778e-01,1.820316721840e-01,6.972820557643e-01,3.830553482250e+00
6.918766876688e-01,1.820579621425e-01,6.973848604614e-01,3.830565014869e+00
6.919765976598e-01,1.820842521009e-01,6.974876713176e-01,3.830576577984e+00
6.920765076508e-01,1.821105420593e-01,6.975904883342e-01,3.830588171589e+00
6.921764176418e-01,1.821368320178e-01,6.976933115127e-01,3.830599795678e+00
6.922763276328e-01,1.821631219762e-01,6.977961408541e-01,3.830611450243e+00
6.923762376238e-01,1.821894119346e-01,6.978989763599e-01,3.830623135280e+00
6.924761476148e-01,1.822157018931e-01,6.980018180313e-01,3.830634850782e+00
6.925760576058e-01,1.822419918515e-01,6.981046658695e-01,3.830646596743e+00
6.926759675968e-01,1.822682818099e-01,6.982075198760e-01,3.830658373156e+00
6.927758775878e-01,1.822945717684e-01,6.983103800518e-01,3.830670180016e+00
6.928757875788e-01,1.823208617268e-01,6.984132463984e-01,3.830682017316e+00
6.929756975698e-01,1.823471516852e-01,6.985161189170e-01,3.830693885051e+00
6.930756075608e-01,1.823734416437e-01,6.986189976090e-01,3.830705783214e+00
6.931755175518e-01,1.823997316021e-01,6.987218824755e-01,3.830717711799e+00
6.932754275428e-01,1.824260215605e-01,6.988247735178e-01,3.830729670799e+00
6.933753375338e-01,1.824523115190e-01,6.989276707373e-01,3.830741660210e+00
6.934752475248e-01,1.824786014774e-01,6.990305741353e-01,3.830753680025e+00
6.935751575158e-01,1.825048914358e-01,6.991334837130e-01,3.830765730237e+00
6.936750675068e-01,1.825311813943e-01,6.992363994717e-01,3.830777810841e+00
6.937749774977e-01,1.825574713527e-01,6.993393214127e-01,3.830789921830e+00
6.938748874887e-01,1.825837613111e-01,6.994422495372e-01,3.830802063199e+00
6.939747974797e-01,1.826100512696e-01,6.995451838467e-01,3.830814234941e+00
6.940747074707e-01,1.826363412280e-01,6.996481243423e-01,3.830826437050e+00
6.941746174617e-01,1.826626311864e-01,6.997510710254e-01,3.830838669521e+00
6.942745274527e-01,1.826889211449e-01,6.998540238972e-01,3.830850932347e+00
6.943744374437e-01,1.827152111033e-01,6.999569829590e-01,3.830863225522e+00
6.944743474347e-01,1.827415010617e-01,7.000599482121e-01,3.830875549040e+00
6.945742574257e-01,1.827677910201e-01,7.001629196579e-01,3.830887902895e+00
6.946741674167e-01,1.827940809786e-01,7.002658972975e-01,3.830900287081e+00
6.947740774077e-01,1.828203709370e-01,7.003688811324e-01,3.830912701592e+00
6.948739873987e-01,1.828466608954e-01,7.004718711637e-01,3.830925146422e+00
6.949738973897e-01,1.828729508539e-01,7.005748673928e-01,3.830937621565e+00
6.950738073807e-01,1.828992408123e-01,7.006778698209e-01,3.830950127015e+00
6.951737173717e-01,1.829255307707e-01,7.007808784494e-01,3.830962662766e+00
6.952736273627e-01,1.829518207292e-01,7.008838932796e-01,3.830975228812e+00
6.953735373537e-01,1.829781106876e-01,7.009869143127e-01,3.830987825147e+00
6.954734473447e-01,1.830044006460e-01,7.010899415500e-01,3.831000451765e+00
6.955733573357e-01,1.830306906045e-01,7.011929749928e-01,3.831013108660e+00
6.956732673267e-01,1.830569805629e-01,7.012960146425e-01,3.831025795826e+00
6.957731773177e-01,1.830832705213e-01,7.013990605003e-01,3.831038513257e+00
6.958730873087e-01,1.831095604798e-01,7.015021125674e-01,3.831051260947e+00
6.959729972997e-01,1.831358504382e-01,7.016051708453e-01,3.831064038890e+00
6.960729072907e-01,1.831621403966e-01,7.017082353352e-01,3.831076847080e+00
6.961728172817e-01,1.831884303551e-01,7.018113060384e-01,3.831089685512e+00
6.962727272727e-01,1.832147203135e-01,7.019143829562e-01,3.831102554179e+00
6.963726372637e-01,1.832410102719e-01,7.020174660899e-01,3.831115453075e+00
6.964725472547e-01,1.832673002304e-01,7.021205554407e-01,3.831128382195e+00
6.965724572457e-01,1.832935901888e-01,7.022236510100e-01,3.831141341532e+00
6.966723672367e-01,1.833198801472e-01,7.023267527992e-01,3.831154331080e+00
6.967722772277e-01,1.833461701057e-01,7.024298608094e-01,3.831167350835e+00
6.968721872187e-01,1.833724600641e-01,7.025329750419e-01,3.831180400789e+00
6.969720972097e-01,1.833987500225e-01,7.026360954982e-01,3.831193480936e+00
6.970720072007e-01,1.834250399810e-01,7.027392221794e-01,3.831206591272e+00
6.971719171917e-01,1.834513299394e-01,7.028423550869e-01,3.831219731790e+00
6.972718271827e-01,1.834776198978e-01,7.029454942220e-01,3.831232902484e+00
6.973717371737e-01,1.835039098562e-01,7.030486395859e-01,3.831246103348e+00
6.974716471647e-01,1.835301998147e-01,7.031517911800e-01,3.831259334377e+00
6.975715571557e-01,1.835564897731e-01,7.032549490056e-01,3.831272595564e+00
6.976714671467e-01,1.835827797315e-01,7.033581130640e-01,3.831285886904e+00
6.977713771377e-01,1.836090696900e-01,7.034612833565e-01,3.831299208390e+00
6.978712871287e-01,1.836353596484e-01,7.035644598843e-01,3.831312560018e+00
6.979711971197e-01,1.836616496068e-01,7.036676426489e-01,3.831325941780e+00
6.980711071107e-01,1.836879395653e-01,7.037708316514e-01,3.831339353672e+00
6.981710171017e-01,1.837142295237e-01,7.038740268932e-01,3.831352795687e+00
6.982709270927e-01,1.837405194821e-01,7.039772283756e-01,3.831366267820e+00
6.983708370837e-01,1.837668094406e-01,7.040804360999e-01,3.831379770065e+00
6.984707470747e-01,1.837930993990e-01,7.041836500674e-01,3.831393302415e+00
6.985706570657e-01,1.838193893574e-01,7.042868702794e-01,3.831406864865e+00
6.986705670567e-01,1.838456793159e-01,7.043900967373e-01,3.831420457410e+00
6.987704770477e-01,1.838719692743e-01,7.044933294422e-01,3.831434080043e+00
6.988703870387e-01,1.838982592327e-01,7.045965683956e-01,3.831447732759e+00
6.989702970297e-01,1.839245491912e-01,7.046998135988e-01,3.831461415552e+00
6.990702070207e-01,1.839508391496e-01,7.048030650529e-01,3.831475128416e+00
6.991701170117e-01,1.839771291080e-01,7.049063227594e-01,3.831488871345e+00
6.992700270027e-01,1.840034190665e-01,7.050095867196e-01,3.831502644334e+00
6.993699369937e-01,1.840297090249e-01,7.051128569348e-01,3.831516447376e+00
6.994698469847e-01,1.840559989833e-01,7.052161334062e-01,3.831530280467e+00
6.995697569757e-01,1.840822889418e-01,7.053194161352e-01,3.831544143599e+00
6.996696669667e-01,1.841085789002e-01,7.054227051230e-01,3.831558036768e+00
6.997695769577e-01,1.841348688586e-01,7.055260003711e-01,3.831571959968e+00
6.998694869487e-01,1.841611588171e-01,7.056293018807e-01,3.831585913193e+00
6.999693969397e-01,1.841874487755e-01,7.057326096531e-01,3.831599896437e+00
7.000693069307e-01,1.842137387339e-01,7.058359236897e-01,3.831613909694e+00
7.001692169217e-01,1.842400286923e-01,7.059392439917e-01,3.831627952960e+00
7.002691269127e-01,1.842663186508e-01,7.060425705604e-01,3.831642026227e+00
7.003690369037e-01,1.842926086092e-01,7.061459033972e-01,3.831656129490e+00
7.004689468947e-01,1.843188985676e-01,7.062492425034e-01,3.831670262744e+00
7.005688568857e-01,1.843451885261e-01,7.063525878803e-01,3.831684425983e+00
7.006687668767e-01,1.843714784845e-01,7.064559395292e-01,3.831698619201e+00
7.007686768677e-01,1.843977684429e-01,7.065592974514e-01,3.831712842393e+00
7.008685868587e-01,1.844240584014e-01,7.066626616483e-01,3.831727095552e+00
7.009684968497e-01,1.844503483598e-01,7.067660321211e-01,3.831741378674e+00
7.010684068407e-01,1.844766383182e-01,7.068694088711e-01,3.831755691752e+00
7.011683168317e-01,1.845029282767e-01,7.069727918998e-01,3.831770034780e+00
7.012682268227e-01,1.845292182351e-01,7.070761812083e-01,3.831784407754e+00
7.013681368137e-01,1.845555081935e-01,7.071795767980e-01,3.831798810667e+00
7.014680468047e-01,1.845817981520e-01,7.072829786703e-01,3.831813243514e+00
7.015679567957e-01,1.846080881104e-01,7.073863868264e-01,3.831827706289e+00
7.016678667867e-01,1.846343780688e-01,7.074898012677e-01,3.831842198986e+00
7.017677767777e-01,1.846606680273e-01,7.075932219954e-01,3.831856721600e+00
7.018676867687e-01,1.846869579857e-01,7.076966490110e-01,3.831871274125e+00
7.019675967597e-01,1.847132479441e-01,7.078000823156e-01,3.831885856556e+00
7.020675067507e-01,1.847395379026e-01,7.079035219107e-01,3.831900468887e+00
7.021674167417e-01,1.847658278610e-01,7.080069677975e-01,3.831915111111e+00
7.022673267327e-01,1.847921178194e-01,7.081104199774e-01,3.831929783225e+00
7.023672367237e-01,1.848184077779e-01,7.082138784517e-01,3.831944485221e+00
7.024671467147e-01,1.848446977363e-01,7.083173432217e-01,3.831959217095e+00
7.025670567057e-01,1.848709876947e-01,7.084208142888e-01,3.831973978841e+00
7.026669666967e-01,1.848972776532e-01,7.085242916542e-01,3.831988770453e+00
7.027668766877e-01,1.849235676116e-01,7.086277753192e-01,3.832003591925e+00
7.028667866787e-01,1.849498575700e-01,7.087312652853e-01,3.832018443253e+00
7.029666966697e-01,1.849761475284e-01,7.088347615537e-01,3.832033324430e+00
7.030666066607e-01,1.850024374869e-01,7.089382641257e-01,3.832048235451e+00
7.031665166517e-01,1.850287274453e-01,7.090417730027e-01,3.832063176310e+00
7.032664266427e-01,1.850550174037e-01,7.091452881859e-01,3.832078147002e+00
7.033663366337e-01,1.850813073622e-01,7.092488096768e-01,3.832093147521e+00
7.034662466247e-01,1.851075973206e-01,7.093523374766e-01,3.832108177862e+00
7.035661566157e-01,1.851338872790e-01,7.094558715867e-01,3.832123238019e+00
7.036660666067e-01,1.851601772375e-01,7.095594120084e-01,3.832138327986e+00
7.037659765977e-01,1.851864671959e-01,7.096629587430e-01,3.832153447758e+00
7.038658865887e-01,1.852127571543e-01,7.097665117918e-01,3.832168597330e+00
7.039657965797e-01,1.852390471128e-01,7.098700711561e-01,3.832183776696e+00
7.040657065707e-01,1.852653370712e-01,7.099736368374e-01,3.832198985850e+00
7.041656165617e-01,1.852916270296e-01,7.100772088369e-01,3.832214224787e+00
7.042655265527e-01,1.853179169881e-01,7.101807871559e-01,3.832229493501e+00
7.043654365437e-01,1.853442069465e-01,7.102843717958e-01,3.832244791988e+00
7.044653465347e-01,1.853704969049e-01,7.103879627579e-01,3.832260120240e+00
7.045652565257e-01,1.853967868634e-01,7.104915600435e-01,3.832275478254e+00
7.046651665167e-01,1.854230768218e-01,7.105951636540e-01,3.832290866023e+00
7.047650765077e-01,1.854493667802e-01,7.106987735907e-01,3.832306283542e+00
7.048649864986e-01,1.854756567387e-01,7.108023898549e-01,3.832321730805e+00
7.049648964896e-01,1.855019466971e-01,7.109060124479e-01,3.832337207807e+00
7.050648064806e-01,1.855282366555e-01,7.110096413712e-01,3.832352714543e+00
7.051647164716e-01,1.855545266140e-01,7.111132766259e-01,3.832368251007e+00
7.052646264626e-01,1.855808165724e-01,7.112169182135e-01,3.832383817193e+00
7.053645364536e-01,1.856071065308e-01,7.113205661352e-01,3.832399413096e+00
7.054644464446e-01,1.856333964892e-01,7.114242203925e-01,3.832415038711e+00
7.055643564356e-01,1.856596864477e-01,7.115278809866e-01,3.832430694033e+00
7.056642664266e-01,1.856859764061e-01,7.116315479188e-01,3.832446379055e+00
7.057641764176e-01,1.857122663645e-01,7.117352211906e-01,3.832462093772e+00
7.058640864086e-01,1.857385563230e-01,7.118389008032e-01,3.832477838179e+00
7.059639963996e-01,1.857648462814e-01,7.119425867580e-01,3.832493612271e+00
7.060639063906e-01,1.857911362398e-01,7.120462790563e-01,3.832509416042e+00
7.061638163816e-01,1.858174261983e-01,7.121499776994e-01,3.832525249486e+00
7.062637263726e-01,1.858437161567e-01,7.122536826887e-01,3.832541112599e+00
7.063636363636e-01,1.858700061151e-01,7.123573940255e-01,3.832557005374e+00
7.064635463546e-01,1.858962960736e-01,7.124611117112e-01,3.832572927807e+00
7.065634563456e-01,1.859225860320e-01,7.125648357471e-01,3.832588879892e+00
7.066633663366e-01,1.859488759904e-01,7.126685661345e-01,3.832604861624e+00
7.067632763276e-01,1.859751659489e-01,7.127723028748e-01,3.832620872997e+00
7.068631863186e-01,1.860014559073e-01,7.128760459692e-01,3.832636914006e+00
7.069630963096e-01,1.860277458657e-01,7.129797954192e-01,3.832652984646e+00
7.070630063006e-01,1.860540358242e-01,7.130835512261e-01,3.832669084911e+00
7.071629162916e-01,1.860803257826e-01,7.131873133912e-01,3.832685214795e+00
7.072628262826e-01,1.861066157410e-01,7.132910819159e-01,3.832701374294e+00
7.073627362736e-01,1.861329056995e-01,7.133948568014e-01,3.832717563402e+00
7.074626462646e-01,1.861591956579e-01,7.134986380492e-01,3.832733782114e+00
7.075625562556e-01,1.861854856163e-01,7.136024256606e-01,3.832750030425e+00
7.076624662466e-01,1.862117755748e-01,7.137062196369e-01,3.832766308328e+00
7.077623762376e-01,1.862380655332e-01,7.138100199795e-01,3.832782615819e+00
7.078622862286e-01,1.862643554916e-01,7.139138266896e-01,3.832798952893e+00
7.079621962196e-01,1.862906454501e-01,7.140176397687e-01,3.832815319544e+00
7.080621062106e-01,1.863169354085e-01,7.141214592181e-01,3.832831715767e+00
7.081620162016e-01,1.863432253669e-01,7.142252850392e-01,3.832848141556e+00
7.082619261926e-01,1.863695153253e-01,7.143291172332e-01,3.832864596907e+00
7.083618361836e-01,1.863958052838e-01,7.144329558015e-01,3.832881081813e+00
7.084617461746e-01,1.864220952422e-01,7.145368007455e-01,3.832897596270e+00
7.085616561656e-01,1.864483852006e-01,7.146406520666e-01,3.832914140273e+00
7.086615661566e-01,1.864746751591e-01,7.147445097659e-01,3.832930713815e+00
7.087614761476e-01,1.865009651175e-01,7.148483738450e-01,3.832947316892e+00
7.088613861386e-01,1.865272550759e-01,7.149522443051e-01,3.832963949499e+00
7.089612961296e-01,1.865535450344e-01,7.150561211477e-01,3.832980611630e+00
7.090612061206e-01,1.865798349928e-01,7.151600043739e-01,3.832997303280e+00
7.091611161116e-01,1.866061249512e-01,7.152638939853e-01,3.833014024444e+00
7.092610261026e-01,1.866324149097e-01,7.153677899831e-01,3.833030775117e+00
7.093609360936e-01,1.866587048681e-01,7.154716923687e-01,3.833047555292e+00
7.094608460846e-01,1.866849948265e-01,7.155756011434e-01,3.833064364966e+00
7.095607560756e-01,1.867112847850e-01,7.156795163086e-01,3.833081204132e+00
7.096606660666e-01,1.867375747434e-01,7.157834378657e-01,3.833098072786e+00
7.097605760576e-01,1.867638647018e-01,7.158873658159e-01,3.833114970922e+00
7.098604860486e-01,1.867901546603e-01,7.159913001607e-01,3.833131898536e+00
7.099603960396e-01,1.868164446187e-01,7.160952409013e-01,3.833148855621e+00
7.100603060306e-01,1.868427345771e-01,7.161991880392e-01,3.833165842173e+00
7.101602160216e-01,1.868690245356e-01,7.163031415757e-01,3.833182858186e+00
7.102601260126e-01,1.868953144940e-01,7.164071015121e-01,3.833199903656e+00
7.103600360036e-01,1.869216044524e-01,7.165110678499e-01,3.833216978577e+00
7.104599459946e-01,1.869478944109e-01,7.166150405902e-01,3.833234082944e+00
7.105598559856e-01,1.869741843693e-01,7.167190197346e-01,3.833251216751e+00
7.106597659766e-01,1.870004743277e-01,7.168230052844e-01,3.833268379994e+00
7.107596759676e-01,1.870267642862e-01,7.169269972408e-01,3.833285572668e+00
7.108595859586e-01,1.870530542446e-01,7.170309956053e-01,3.833302794766e+00
7.109594959496e-01,1.870793442030e-01,7.171350003792e-01,3.833320046285e+00
7.110594059406e-01,1.871056341614e-01,7.172390115639e-01,3.833337327218e+00
7.111593159316e-01,1.871319241199e-01,7.173430291608e-01,3.833354637562e+00
7.112592259226e-01,1.871582140783e-01,7.174470531711e-01,3.833371977309e+00
7.113591359136e-01,1.871845040367e-01,7.175510835963e-01,3.833389346457e+00
7.114590459046e-01,1.872107939952e-01,7.176551204376e-01,3.833406744998e+00
7.115589558956e-01,1.872370839536e-01,7.177591636966e-01,3.833424172929e+00
7.116588658866e-01,1.872633739120e-01,7.178632133744e-01,3.833441630244e+00
7.117587758776e-01,1.872896638705e-01,7.179672694725e-01,3.833459116938e+00
7.118586858686e-01,1.873159538289e-01,7.180713319923e-01,3.833476633006e+00
7.119585958596e-01,1.873422437873e-01,7.181754009350e-01,3.833494178442e+00
7.120585058506e-01,1.873685337458e-01,7.182794763022e-01,3.833511753242e+00
7.121584158416e-01,1.873948237042e-01,7.183835580950e-01,3.833529357401e+00
7.122583258326e-01,1.874211136626e-01,7.184876463149e-01,3.833546990913e+00
7.123582358236e-01,1.874474036211e-01,7.185917409632e-01,3.833564653773e+00
7.124581458146e-01,1.874736935795e-01,7.186958420414e-01,3.833582345976e+00
7.125580558056e-01,1.874999835379e-01,7.187999495507e-01,3.833600067518e+00
7.126579657966e-01,1.875262734964e-01,7.189040634925e-01,3.833617818393e+00
7.127578757876e-01,1.875525634548e-01,7.190081838682e-01,3.833635598596e+00
7.128577857786e-01,1.875788534132e-01,7.191123106791e-01,3.833653408121e+00
7.129576957696e-01,1.876051433717e-01,7.192164439267e-01,3.833671246965e+00
7.130576057606e-01,1.876314333301e-01,7.193205836123e-01,3.833689115122e+00
7.131575157516e-01,1.876577232885e-01,7.194247297371e-01,3.833707012586e+00
7.132574257426e-01,1.876840132470e-01,7.195288823027e-01,3.833724939353e+00
7.133573357336e-01,1.877103032054e-01,7.196330413104e-01,3.833742895418e+00
7.134572457246e-01,1.877365931638e-01,7.197372067615e-01,3.833760880775e+00
7.135571557156e-01,1.877628831223e-01,7.198413786574e-01,3.833778895421e+00
7.136570657066e-01,1.877891730807e-01,7.199455569995e-01,3.833796939348e+00
7.137569756976e-01,1.878154630391e-01,7.200497417891e-01,3.833815012554e+00
7.138568856886e-01,1.878417529975e-01,7.201539330276e-01,3.833833115032e+00
7.139567956796e-01,1.878680429560e-01,7.202581307164e-01,3.833851246777e+00
7.140567056706e-01,1.878943329144e-01,7.203623348569e-01,3.833869407786e+00
7.141566156616e-01,1.879206228728e-01,7.204665454503e-01,3.833887598052e+00
7.142565256526e-01,1.879469128313e-01,7.205707624981e-01,3.833905817570e+00
7.143564356436e-01,1.879732027897e-01,7.206749860017e-01,3.833924066336e+00
7.144563456346e-01,1.879994927481e-01,7.207792159624e-01,3.833942344345e+00
7.145562556256e-01,1.880257827066e-01,7.208834523816e-01,3.833960651591e+00
7.146561656166e-01,1.880520726650e-01,7.209876952607e-01,3.833978988070e+00
7.147560756076e-01,1.880783626234e-01,7.210919446010e-01,3.833997353777e+00
7.148559855986e-01,1.881046525819e-01,7.211962004038e-01,3.834015748706e+00
7.149558955896e-01,1.881309425403e-01,7.213004626707e-01,3.834034172854e+00
7.150558055806e-01,1.881572324987e-01,7.214047314029e-01,3.834052626214e+00
7.151557155716e-01,1.881835224572e-01,7.215090066019e-01,3.834071108782e+00
7.152556255626e-01,1.882098124156e-01,7.216132882689e-01,3.834089620553e+00
7.153555355536e-01,1.882361023740e-01,7.217175764054e-01,3.834108161522e+00
7.154554455446e-01,1.882623923325e-01,7.218218710128e-01,3.834126731685e+00
7.155553555356e-01,1.882886822909e-01,7.219261720924e-01,3.834145331035e+00
7.156552655266e-01,1.883149722493e-01,7.220304796455e-01,3.834163959569e+00
7.157551755176e-01,1.883412622078e-01,7.221347936737e-01,3.834182617281e+00
7.158550855086e-01,1.883675521662e-01,7.222391141782e-01,3.834201304166e+00
7.159549954995e-01,1.883938421246e-01,7.223434411604e-01,3.834220020220e+00
7.160549054905e-01,1.884201320831e-01,7.224477746217e-01,3.834238765438e+00
7.161548154815e-01,1.884464220415e-01,7.225521145635e-01,3.834257539814e+00
7.162547254725e-01,1.884727119999e-01,7.226564609872e-01,3.834276343344e+00
7.163546354635e-01,1.884990019584e-01,7.227608138941e-01,3.834295176023e+00
7.164545454545e-01,1.885252919168e-01,7.228651732856e-01,3.834314037846e+00
7.165544554455e-01,1.885515818752e-01,7.229695391631e-01,3.834332928809e+00
7.166543654365e-01,1.885778718336e-01,7.230739115280e-01,3.834351848905e+00
7.167542754275e-01,1.886041617921e-01,7.231782903816e-01,3.834370798132e+00
7.168541854185e-01,1.886304517505e-01,7.232826757254e-01,3.834389776482e+00
7.169540954095e-01,1.886567417089e-01,7.233870675607e-01,3.834408783953e+00
7.170540054005e-01,1.886830316674e-01,7.234914658889e-01,3.834427820538e+00
7.171539153915e-01,1.887093216258e-01,7.235958707114e-01,3.834446886234e+00
7.172538253825e-01,1.887356115842e-01,7.237002820295e-01,3.834465981035e+00
7.173537353735e-01,1.887619015427e-01,7.238046998447e-01,3.834485104936e+00
7.174536453645e-01,1.887881915011e-01,7.239091241583e-01,3.834504257932e+00
7.175535553555e-01,1.888144814595e-01,7.240135549717e-01,3.834523440020e+00
7.176534653465e-01,1.888407714180e-01,7.241179922864e-01,3.834542651193e+00
7.177533753375e-01,1.888670613764e-01,7.242224361036e-01,3.834561891447e+00
7.178532853285e-01,1.888933513348e-01,7.243268864247e-01,3.834581160778e+00
7.179531953195e-01,1.889196412933e-01,7.244313432513e-01,3.834600459180e+00
7.180531053105e-01,1.889459312517e-01,7.245358065845e-01,3.834619786649e+00
7.181530153015e-01,1.889722212101e-01,7.246402764259e-01,3.834639143179e+00
7.182529252925e-01,1.889985111686e-01,7.247447527768e-01,3.834658528767e+00
7.183528352835e-01,1.890248011270e-01,7.248492356386e-01,3.834677943407e+00
7.184527452745e-01,1.890510910854e-01,7.249537250127e-01,3.834697387095e+00
7.185526552655e-01,1.890773810439e-01,7.250582209005e-01,3.834716859825e+00
7.186525652565e-01,1.891036710023e-01,7.251627233033e-01,3.834736361593e+00
7.187524752475e-01,1.891299609607e-01,7.252672322226e-01,3.834755892395e+00
7.188523852385e-01,1.891562509192e-01,7.253717476597e-01,3.834775452225e+00
7.189522952295e-01,1.891825408776e-01,7.254762696161e-01,3.834795041079e+00
7.190522052205e-01,1.892088308360e-01,7.255807980931e-01,3.834814658952e+00
7.191521152115e-01,1.892351207945e-01,7.256853330921e-01,3.834834305838e+00
7.192520252025e-01,1.892614107529e-01,7.257898746145e-01,3.834853981735e+00
7.193519351935e-01,1.892877007113e-01,7.258944226617e-01,3.834873686636e+00
7.194518451845e-01,1.893139906697e-01,7.259989772351e-01,3.834893420537e+00
7.195517551755e-01,1.893402806282e-01,7.261035383360e-01,3.834913183434e+00
7.196516651665e-01,1.893665705866e-01,7.262081059660e-01,3.834932975321e+00
7.197515751575e-01,1.893928605450e-01,7.263126801263e-01,3.834952796194e+00
7.198514851485e-01,1.894191505035e-01,7.264172608184e-01,3.834972646048e+00
7.199513951395e-01,1.894454404619e-01,7.265218480437e-01,3.834992524878e+00
7.200513051305e-01,1.894717304203e-01,7.266264418035e-01,3.835012432680e+00
7.201512151215e-01,1.894980203788e-01,7.267310420992e-01,3.835032369450e+00
7.202511251125e-01,1.895243103372e-01,7.268356489323e-01,3.835052335181e+00
7.203510351035e-01,1.895506002956e-01,7.269402623042e-01,3.835072329871e+00
7.204509450945e-01,1.895768902541e-01,7.270448822161e-01,3.835092353513e+00
7.205508550855e-01,1.896031802125e-01,7.271495086697e-01,3.835112406104e+00
7.206507650765e-01,1.896294701709e-01,7.272541416661e-01,3.835132487638e+00
7.207506750675e-01,1.896557601294e-01,7.273587812069e-01,3.835152598111e+00
7.208505850585e-01,1.896820500878e-01,7.274634272934e-01,3.835172737519e+00
7.209504950495e-01,1.897083400462e-01,7.275680799271e-01,3.835192905856e+00
7.210504050405e-01,1.897346300047e-01,7.276727391092e-01,3.835213103119e+00
7.211503150315e-01,1.897609199631e-01,7.277774048413e-01,3.835233329301e+00
7.212502250225e-01,1.897872099215e-01,7.278820771248e-01,3.835253584400e+00
7.213501350135e-01,1.898134998800e-01,7.279867559609e-01,3.835273868409e+00
7.214500450045e-01,1.898397898384e-01,7.280914413512e-01,3.835294181326e+00
7.215499549955e-01,1.898660797968e-01,7.281961332971e-01,3.835314523143e+00
7.216498649865e-01,1.898923697553e-01,7.283008317998e-01,3.835334893859e+00
7.217497749775e-01,1.899186597137e-01,7.284055368610e-01,3.835355293467e+00
7.218496849685e-01,1.899449496721e-01,7.285102484818e-01,3.835375721962e+00
7.219495949595e-01,1.899712396306e-01,7.286149666638e-01,3.835396179342e+00
7.220495049505e-01,1.899975295890e-01,7.287196914084e-01,3.835416665600e+00
7.221494149415e-01,1.900238195474e-01,7.288244227169e-01,3.835437180732e+00
7.222493249325e-01,1.900501095058e-01,7.289291605907e-01,3.835457724734e+00
7.223492349235e-01,1.900763994643e-01,7.290339050314e-01,3.835478297601e+00
7.224491449145e-01,1.901026894227e-01,7.291386560402e-01,3.835498899328e+00
7.225490549055e-01,1.901289793811e-01,7.292434136186e-01,3.835519529912e+00
7.226489648965e-01,1.901552693396e-01,7.293481777679e-01,3.835540189346e+00
7.227488748875e-01,1.901815592980e-01,7.294529484897e-01,3.835560877628e+00
7.228487848785e-01,1.902078492564e-01,7.295577257852e-01,3.835581594751e+00
7.229486948695e-01,1.902341392149e-01,7.296625096560e-01,3.835602340713e+00
7.230486048605e-01,1.902604291733e-01,7.297673001034e-01,3.835623115507e+00
7.231485148515e-01,1.902867191317e-01,7.298720971288e-01,3.835643919130e+00
7.232484248425e-01,1.903130090902e-01,7.299769007337e-01,3.835664751577e+00
7.233483348335e-01,1.903392990486e-01,7.300817109194e-01,3.835685612843e+00
7.234482448245e-01,1.903655890070e-01,7.301865276873e-01,3.835706502925e+00
7.235481548155e-01,1.903918789655e-01,7.302913510390e-01,3.835727421816e+00
7.236480648065e-01,1.904181689239e-01,7.303961809757e-01,3.835748369514e+00
7.237479747975e-01,1.904444588823e-01,7.305010174989e-01,3.835769346013e+00
7.238478847885e-01,1.904707488408e-01,7.306058606100e-01,3.835790351309e+00
7.239477947795e-01,1.904970387992e-01,7.307107103104e-01,3.835811385397e+00
7.240477047705e-01,1.905233287576e-01,7.308155666016e-01,3.835832448273e+00
7.241476147615e-01,1.905496187161e-01,7.309204294849e-01,3.835853539933e+00
7.242475247525e-01,1.905759086745e-01,7.310252989617e-01,3.835874660371e+00
7.243474347435e-01,1.906021986329e-01,7.311301750336e-01,3.835895809584e+00
7.244473447345e-01,1.906284885914e-01,7.312350577018e-01,3.835916987567e+00
7.245472547255e-01,1.906547785498e-01,7.313399469678e-01,3.835938194315e+00
7.246471647165e-01,1.906810685082e-01,7.314448428331e-01,3.835959429824e+00
7.247470747075e-01,1.907073584667e-01,7.315497452990e-01,3.835980694090e+00
7.248469846985e-01,1.907336484251e-01,7.316546543669e-01,3.836001987108e+00
7.249468946895e-01,1.907599383835e-01,7.317595700384e-01,3.836023308873e+00
7.250468046805e-01,1.907862283419e-01,7.318644923147e-01,3.836044659382e+00
7.251467146715e-01,1.908125183004e-01,7.319694211973e-01,3.836066038629e+00
7.252466246625e-01,1.908388082588e-01,7.320743566876e-01,3.836087446610e+00
7.253465346535e-01,1.908650982172e-01,7.321792987872e-01,3.836108883321e+00
7.254464446445e-01,1.908913881757e-01,7.322842474972e-01,3.836130348758e+00
7.255463546355e-01,1.909176781341e-01,7.323892028193e-01,3.836151842915e+00
7.256462646265e-01,1.909439680925e-01,7.324941647548e-01,3.836173365790e+00
7.257461746175e-01,1.909702580510e-01,7.325991333051e-01,3.836194917376e+00
7.258460846085e-01,1.909965480094e-01,7.327041084716e-01,3.836216497670e+00
7.259459945995e-01,1.910228379678e-01,7.328090902559e-01,3.836238106667e+00
7.260459045905e-01,1.910491279263e-01,7.329140786592e-01,3.836259744363e+00
7.261458145815e-01,1.910754178847e-01,7.330190736831e-01,3.836281410754e+00
7.262457245725e-01,1.911017078431e-01,7.331240753289e-01,3.836303105834e+00
7.263456345635e-01,1.911279978016e-01,7.332290835980e-01,3.836324829601e+00
7.264455445545e-01,1.911542877600e-01,7.333340984920e-01,3.836346582049e+00
7.265454545455e-01,1.911805777184e-01,7.334391200122e-01,3.836368363173e+00
7.266453645365e-01,1.912068676769e-01,7.335441481600e-01,3.836390172971e+00
7.267452745275e-01,1.912331576353e-01,7.336491829369e-01,3.836412011436e+00
7.268451845185e-01,1.912594475937e-01,7.337542243444e-01,3.836433878566e+00
7.269450945095e-01,1.912857375522e-01,7.338592723837e-01,3.836455774355e+00
7.270450045005e-01,1.913120275106e-01,7.339643270564e-01,3.836477698799e+00
7.271449144914e-01,1.913383174690e-01,7.340693883638e-01,3.836499651894e+00
7.272448244824e-01,1.913646074275e-01,7.341744563075e-01,3.836521633635e+00
7.273447344734e-01,1.913908973859e-01,7.342795308889e-01,3.836543644019e+00
7.274446444644e-01,1.914171873443e-01,7.343846121092e-01,3.836565683040e+00
7.275445544554e-01,1.914434773027e-01,7.344896999701e-01,3.836587750695e+00
7.276444644464e-01,1.914697672612e-01,7.345947944730e-01,3.836609846979e+00
7.277443744374e-01,1.914960572196e-01,7.346998956191e-01,3.836631971887e+00
7.278442844284e-01,1.915223471780e-01,7.348050034101e-01,3.836654125417e+00
7.279441944194e-01,1.915486371365e-01,7.349101178473e-01,3.836676307562e+00
7.280441044104e-01,1.915749270949e-01,7.350152389322e-01,3.836698518319e+00
7.281440144014e-01,1.916012170533e-01,7.351203666661e-01,3.836720757684e+00
7.282439243924e-01,1.916275070118e-01,7.352255010506e-01,3.836743025652e+00
7.283438343834e-01,1.916537969702e-01,7.353306420870e-01,3.836765322220e+00
7.284437443744e-01,1.916800869286e-01,7.354357897768e-01,3.836787647381e+00
7.285436543654e-01,1.917063768871e-01,7.355409441214e-01,3.836810001134e+00
7.286435643564e-01,1.917326668455e-01,7.356461051223e-01,3.836832383472e+00
7.287434743474e-01,1.917589568039e-01,7.357512727809e-01,3.836854794393e+00
7.288433843384e-01,1.917852467624e-01,7.358564470987e-01,3.836877233891e+00
7.289432943294e-01,1.918115367208e-01,7.359616280770e-01,3.836899701962e+00
7.290432043204e-01,1.918378266792e-01,7.360668157173e-01,3.836922198603e+00
7.291431143114e-01,1.918641166377e-01,7.361720100210e-01,3.836944723808e+00
7.292430243024e-01,1.918904065961e-01,7.362772109897e-01,3.836967277574e+00
7.293429342934e-01,1.919166965545e-01,7.363824186246e-01,3.836989859897e+00
7.294428442844e-01,1.919429865130e-01,7.364876329273e-01,3.837012470771e+00
7.295427542754e-01,1.919692764714e-01,7.365928538993e-01,3.837035110194e+00
7.296426642664e-01,1.919955664298e-01,7.366980815418e-01,3.837057778160e+00
7.297425742574e-01,1.920218563883e-01,7.368033158565e-01,3.837080474666e+00
7.298424842484e-01,1.920481463467e-01,7.369085568446e-01,3.837103199707e+00
7.299423942394e-01,1.920744363051e-01,7.370138045078e-01,3.837125953279e+00
7.300423042304e-01,1.921007262636e-01,7.371190588473e-01,3.837148735378e+00
7.301422142214e-01,1.921270162220e-01,7.372243198647e-01,3.837171545999e+00
7.302421242124e-01,1.921533061804e-01,7.373295875614e-01,3.837194385139e+00
7.303420342034e-01,1.921795961388e-01,7.374348619388e-01,3.837217252793e+00
7.304419441944e-01,1.922058860973e-01,7.375401429984e-01,3.837240148957e+00
7.305418541854e-01,1.922321760557e-01,7.376454307416e-01,3.837263073627e+00
7.306417641764e-01,1.922584660141e-01,7.377507251699e-01,3.837286026799e+00
7.307416741674e-01,1.922847559726e-01,7.378560262847e-01,3.837309008468e+00
7.308415841584e-01,1.923110459310e-01,7.379613340874e-01,3.837332018631e+00
7.309414941494e-01,1.923373358894e-01,7.380666485796e-01,3.837355057283e+00
7.310414041404e-01,1.923636258479e-01,7.381719697626e-01,3.837378124419e+00
7.311413141314e-01,1.923899158063e-01,7.382772976380e-01,3.837401220037e+00
7.312412241224e-01,1.924162057647e-01,7.383826322070e-01,3.837424344132e+00
7.313411341134e-01,1.924424957232e-01,7.384879734713e-01,3.837447496699e+00
7.314410441044e-01,1.924687856816e-01,7.385933214322e-01,3.837470677734e+00
7.315409540954e-01,1.924950756400e-01,7.386986760913e-01,3.837493887234e+00
7.316408640864e-01,1.925213655985e-01,7.388040374498e-01,3.837517125194e+00
7.317407740774e-01,1.925476555569e-01,7.389094055094e-01,3.837540391610e+00
7.318406840684e-01,1.925739455153e-01,7.390147802714e-01,3.837563686478e+00
7.319405940594e-01,1.926002354738e-01,7.391201617373e-01,3.837587009794e+00
7.320405040504e-01,1.926265254322e-01,7.392255499086e-01,3.837610361553e+00
7.321404140414e-01,1.926528153906e-01,7.393309447867e-01,3.837633741752e+00
7.322403240324e-01,1.926791053491e-01,7.394363463730e-01,3.837657150387e+00
7.323402340234e-01,1.927053953075e-01,7.395417546690e-01,3.837680587453e+00
7.324401440144e-01,1.927316852659e-01,7.396471696762e-01,3.837704052946e+00
7.325400540054e-01,1.927579752244e-01,7.397525913960e-01,3.837727546863e+00
7.326399639964e-01,1.927842651828e-01,7.398580198299e-01,3.837751069199e+00
7.327398739874e-01,1.928105551412e-01,7.399634549794e-01,3.837774619950e+00
7.328397839784e-01,1.928368450997e-01,7.400688968458e-01,3.837798199111e+00
7.329396939694e-01,1.928631350581e-01,7.401743454306e-01,3.837821806680e+00
7.330396039604e-01,1.928894250165e-01,7.402798007354e-01,3.837845442652e+00
7.331395139514e-01,1.929157149749e-01,7.403852627615e-01,3.837869107022e+00
7.332394239424e-01,1.929420049334e-01,7.404907315104e-01,3.837892799788e+00
7.333393339334e-01,1.929682948918e-01,7.405962069836e-01,3.837916520944e+00
7.334392439244e-01,1.929945848502e-01,7.407016891825e-01,3.837940270486e+00
7.335391539154e-01,1.930208748087e-01,7.408071781087e-01,3.837964048412e+00
7.336390639064e-01,1.930471647671e-01,7.409126737634e-01,3.837987854715e+00
7.337389738974e-01,1.930734547255e-01,7.410181761483e-01,3.838011689394e+00
7.338388838884e-01,1.930997446840e-01,7.411236852648e-01,3.838035552443e+00
7.339387938794e-01,1.931260346424e-01,7.412292011142e-01,3.838059443859e+00
7.340387038704e-01,1.931523246008e-01,7.413347236982e-01,3.838083363637e+00
7.341386138614e-01,1.931786145593e-01,7.414402530182e-01,3.838107311773e+00
7.342385238524e-01,1.932049045177e-01,7.415457890755e-01,3.838131288264e+00
7.343384338434e-01,1.932311944761e-01,7.416513318718e-01,3.838155293106e+00
7.344383438344e-01,1.932574844346e-01,7.417568814084e-01,3.838179326294e+00
7.345382538254e-01,1.932837743930e-01,7.418624376868e-01,3.838203387825e+00
7.346381638164e-01,1.933100643514e-01,7.419680007085e-01,3.838227477694e+00
7.347380738074e-01,1.933363543099e-01,7.420735704749e-01,3.838251595898e+00
7.348379837984e-01,1.933626442683e-01,7.421791469876e-01,3.838275742432e+00
7.349378937894e-01,1.933889342267e-01,7.422847302479e-01,3.838299917293e+00
7.350378037804e-01,1.934152241852e-01,7.423903202573e-01,3.838324120477e+00
7.351377137714e-01,1.934415141436e-01,7.424959170174e-01,3.838348351979e+00
7.352376237624e-01,1.934678041020e-01,7.426015205295e-01,3.838372611796e+00
7.353375337534e-01,1.934940940605e-01,7.427071307952e-01,3.838396899924e+00
7.354374437444e-01,1.935203840189e-01,7.428127478160e-01,3.838421216359e+00
7.355373537354e-01,1.935466739773e-01,7.429183715932e-01,3.838445561096e+00
7.356372637264e-01,1.935729639358e-01,7.430240021283e-01,3.838469934133e+00
7.357371737174e-01,1.935992538942e-01,7.431296394229e-01,3.838494335464e+00
7.358370837084e-01,1.936255438526e-01,7.432352834784e-01,3.838518765087e+00
7.359369936994e-01,1.936518338110e-01,7.433409342962e-01,3.838543222996e+00
7.360369036904e-01,1.936781237695e-01,7.434465918779e-01,3.838567709189e+00
7.361368136814e-01,1.937044137279e-01,7.435522562249e-01,3.838592223662e+00
7.362367236724e-01,1.937307036863e-01,7.436579273387e-01,3.838616766409e+00
7.363366336634e-01,1.937569936448e-01,7.437636052208e-01,3.838641337429e+00
7.364365436544e-01,1.937832836032e-01,7.438692898725e-01,3.838665936716e+00
7.365364536454e-01,1.938095735616e-01,7.439749812955e-01,3.838690564266e+00
7.366363636364e-01,1.938358635201e-01,7.440806794912e-01,3.838715220077e+00
7.367362736274e-01,1.938621534785e-01,7.441863844611e-01,3.838739904143e+00
7.368361836184e-01,1.938884434369e-01,7.442920962065e-01,3.838764616462e+00
7.369360936094e-01,1.939147333954e-01,7.443978147291e-01,3.838789357028e+00
7.370360036004e-01,1.939410233538e-01,7.445035400303e-01,3.838814125839e+00
7.371359135914e-01,1.939673133122e-01,7.446092721116e-01,3.838838922891e+00
7.372358235824e-01,1.939936032707e-01,7.447150109744e-01,3.838863748179e+00
7.373357335734e-01,1.940198932291e-01,7.448207566202e-01,3.838888601700e+00
7.374356435644e-01,1.940461831875e-01,7.449265090505e-01,3.838913483449e+00
7.375355535554e-01,1.940724731460e-01,7.450322682668e-01,3.838938393424e+00
7.376354635464e-01,1.940987631044e-01,7.451380342706e-01,3.838963331620e+00
7.377353735374e-01,1.941250530628e-01,7.452438070633e-01,3.838988298033e+00
7.378352835284e-01,1.941513430213e-01,7.453495866464e-01,3.839013292660e+00
7.379351935194e-01,1.941776329797e-01,7.454553730215e-01,3.839038315497e+00
7.380351035104e-01,1.942039229381e-01,7.455611661900e-01,3.839063366539e+00
7.381350135014e-01,1.942302128966e-01,7.456669661533e-01,3.839088445784e+00
7.382349234923e-01,1.942565028550e-01,7.457727729129e-01,3.839113553226e+00
7.383348334833e-01,1.942827928134e-01,7.458785864705e-01,3.839138688864e+00
7.384347434743e-01,1.943090827719e-01,7.459844068273e-01,3.839163852691e+00
7.385346534653e-01,1.943353727303e-01,7.460902339850e-01,3.839189044706e+00
7.386345634563e-01,1.943616626887e-01,7.461960679449e-01,3.839214264904e+00
7.387344734473e-01,1.943879526471e-01,7.463019087087e-01,3.839239513281e+00
7.388343834383e-01,1.944142426056e-01,7.464077562777e-01,3.839264789833e+00
7.389342934293e-01,1.944405325640e-01,7.465136106534e-01,3.839290094557e+00
7.390342034203e-01,1.944668225224e-01,7.466194718374e-01,3.839315427449e+00
7.391341134113e-01,1.944931124809e-01,7.467253398312e-01,3.839340788505e+00
7.392340234023e-01,1.945194024393e-01,7.468312146361e-01,3.839366177722e+00
7.393339333933e-01,1.945456923977e-01,7.469370962538e-01,3.839391595095e+00
7.394338433843e-01,1.945719823562e-01,7.470429846857e-01,3.839417040621e+00
7.395337533753e-01,1.945982723146e-01,7.471488799332e-01,3.839442514296e+00
7.396336633663e-01,1.946245622730e-01,7.472547819980e-01,3.839468016116e+00
7.397335733573e-01,1.946508522315e-01,7.473606908814e-01,3.839493546078e+00
7.398334833483e-01,1.946771421899e-01,7.474666065849e-01,3.839519104178e+00
7.399333933393e-01,1.947034321483e-01,7.475725291102e-01,3.839544690412e+00
7.400333033303e-01,1.947297221068e-01,7.476784584585e-01,3.839570304777e+00
7.401332133213e-01,1.947560120652e-01,7.477843946316e-01,3.839595947268e+00
7.402331233123e-01,1.947823020236e-01,7.478903376307e-01,3.839621617882e+00
7.403330333033e-01,1.948085919821e-01,7.479962874575e-01,3.839647316615e+00
7.404329432943e-01,1.948348819405e-01,7.481022441134e-01,3.839673043464e+00
7.405328532853e-01,1.948611718989e-01,7.482082075999e-01,3.839698798425e+00
7.406327632763e-01,1.948874618574e-01,7.483141779186e-01,3.839724581494e+00
7.407326732673e-01,1.949137518158e-01,7.484201550709e-01,3.839750392667e+00
7.408325832583e-01,1.949400417742e-01,7.485261390582e-01,3.839776231941e+00
7.409324932493e-01,1.949663317327e-01,7.486321298822e-01,3.839802099312e+00
7.410324032403e-01,1.949926216911e-01,7.487381275443e-01,3.839827994777e+00
7.411323132313e-01,1.950189116495e-01,7.488441320460e-01,3.839853918331e+00
7.412322232223e-01,1.950452016080e-01,7.489501433888e-01,3.839879869971e+00
7.413321332133e-01,1.950714915664e-01,7.490561615742e-01,3.839905849694e+00
7.414320432043e-01,1.950977815248e-01,7.491621866037e-01,3.839931857495e+00
7.415319531953e-01,1.951240714832e-01,7.492682184788e-01,3.839957893371e+00
7.416318631863e-01,1.951503614417e-01,7.493742572010e-01,3.839983957319e+00
7.417317731773e-01,1.951766514001e-01,7.494803027719e-01,3.840010049334e+00
7.418316831683e-01,1.952029413585e-01,7.495863551928e-01,3.840036169414e+00
7.419315931593e-01,1.952292313170e-01,7.496924144653e-01,3.840062317554e+00
7.420315031503e-01,1.952555212754e-01,7.497984805910e-01,3.840088493751e+00
7.421314131413e-01,1.952818112338e-01,7.499045535713e-01,3.840114698001e+00
7.422313231323e-01,1.953081011923e-01,7.500106334077e-01,3.840140930300e+00
7.423312331233e-01,1.953343911507e-01,7.501167201018e-01,3.840167190646e+00
7.424311431143e-01,1.953606811091e-01,7.502228136549e-01,3.840193479034e+00
7.425310531053e-01,1.953869710676e-01,7.503289140688e-01,3.840219795461e+00
7.426309630963e-01,1.954132610260e-01,7.504350213447e-01,3.840246139922e+00
7.427308730873e-01,1.954395509844e-01,7.505411354844e-01,3.840272512416e+00
7.428307830783e-01,1.954658409429e-01,7.506472564892e-01,3.840298912937e+00
7.429306930693e-01,1.954921309013e-01,7.507533843606e-01,3.840325341482e+00
7.430306030603e-01,1.955184208597e-01,7.508595191003e-01,3.840351798049e+00
7.431305130513e-01,1.955447108182e-01,7.509656607096e-01,3.840378282632e+00
7.432304230423e-01,1.955710007766e-01,7.510718091902e-01,3.840404795229e+00
7.433303330333e-01,1.955972907350e-01,7.511779645434e-01,3.840431335836e+00
7.434302430243e-01,1.956235806935e-01,7.512841267709e-01,3.840457904449e+00
7.435301530153e-01,1.956498706519e-01,7.513902958741e-01,3.840484501066e+00
7.436300630063e-01,1.956761606103e-01,7.514964718545e-01,3.840511125681e+00
7.437299729973e-01,1.957024505688e-01,7.516026547138e-01,3.840537778293e+00
7.438298829883e-01,1.957287405272e-01,7.517088444532e-01,3.840564458896e+00
7.439297929793e-01,1.957550304856e-01,7.518150410745e-01,3.840591167488e+00
7.440297029703e-01,1.957813204441e-01,7.519212445791e-01,3.840617904066e+00
7.441296129613e-01,1.958076104025e-01,7.520274549685e-01,3.840644668625e+00
7.442295229523e-01,1.958339003609e-01,7.521336722442e-01,3.840671461162e+00
7.443294329433e-01,1.958601903193e-01,7.522398964077e-01,3.840698281673e+00
7.444293429343e-01,1.958864802778e-01,7.523461274606e-01,3.840725130156e+00
7.445292529253e-01,1.959127702362e-01,7.524523654044e-01,3.840752006606e+00
7.446291629163e-01,1.959390601946e-01,7.525586102406e-01,3.840778911020e+00
7.447290729073e-01,1.959653501531e-01,7.526648619707e-01,3.840805843394e+00
7.448289828983e-01,1.959916401115e-01,7.527711205963e-01,3.840832803726e+00
7.449288928893e-01,1.960179300699e-01,7.528773861188e-01,3.840859792011e+00
7.450288028803e-01,1.960442200284e-01,7.529836585397e-01,3.840886808245e+00
7.451287128713e-01,1.960705099868e-01,7.530899378607e-01,3.840913852427e+00
7.452286228623e-01,1.960967999452e-01,7.531962240832e-01,3.840940924551e+00
7.453285328533e-01,1.961230899037e-01,7.533025172087e-01,3.840968024615e+00
7.454284428443e-01,1.961493798621e-01,7.534088172388e-01,3.840995152615e+00
7.455283528353e-01,1.961756698205e-01,7.535151241749e-01,3.841022308547e+00
7.456282628263e-01,1.962019597790e-01,7.536214380186e-01,3.841049492409e+00
7.457281728173e-01,1.962282497374e-01,7.537277587715e-01,3.841076704196e+00
7.458280828083e-01,1.962545396958e-01,7.538340864350e-01,3.841103943906e+00
7.459279927993e-01,1.962808296543e-01,7.539404210107e-01,3.841131211534e+00
7.460279027903e-01,1.963071196127e-01,7.540467625001e-01,3.841158507077e+00
7.461278127813e-01,1.963334095711e-01,7.541531109047e-01,3.841185830532e+00
7.462277227723e-01,1.963596995296e-01,7.542594662261e-01,3.841213181896e+00
7.463276327633e-01,1.963859894880e-01,7.543658284657e-01,3.841240561165e+00
7.464275427543e-01,1.964122794464e-01,7.544721976252e-01,3.841267968335e+00
7.465274527453e-01,1.964385694049e-01,7.545785737060e-01,3.841295403403e+00
7.466273627363e-01,1.964648593633e-01,7.546849567096e-01,3.841322866366e+00
7.467272727273e-01,1.964911493217e-01,7.547913466377e-01,3.841350357221e+00
7.468271827183e-01,1.965174392802e-01,7.548977434916e-01,3.841377875963e+00
7.469270927093e-01,1.965437292386e-01,7.550041472730e-01,3.841405422589e+00
7.470270027003e-01,1.965700191970e-01,7.551105579834e-01,3.841432997097e+00
7.471269126913e-01,1.965963091554e-01,7.552169756243e-01,3.841460599483e+00
7.472268226823e-01,1.966225991139e-01,7.553234001973e-01,3.841488229742e+00
7.473267326733e-01,1.966488890723e-01,7.554298317038e-01,3.841515887873e+00
7.474266426643e-01,1.966751790307e-01,7.555362701455e-01,3.841543573871e+00
7.475265526553e-01,1.967014689892e-01,7.556427155237e-01,3.841571287733e+00
7.476264626463e-01,1.967277589476e-01,7.557491678402e-01,3.841599029456e+00
7.477263726373e-01,1.967540489060e-01,7.558556270964e-01,3.841626799036e+00
7.478262826283e-01,1.967803388645e-01,7.559620932938e-01,3.841654596471e+00
7.479261926193e-01,1.968066288229e-01,7.560685664340e-01,3.841682421756e+00
7.480261026103e-01,1.968329187813e-01,7.561750465185e-01,3.841710274888e+00
7.481260126013e-01,1.968592087398e-01,7.562815335489e-01,3.841738155865e+00
7.482259225923e-01,1.968854986982e-01,7.563880275267e-01,3.841766064682e+00
7.483258325833e-01,1.969117886566e-01,7.564945284534e-01,3.841794001336e+00
7.484257425743e-01,1.969380786151e-01,7.566010363305e-01,3.841821965824e+00
7.485256525653e-01,1.969643685735e-01,7.567075511597e-01,3.841849958143e+00
7.486255625563e-01,1.969906585319e-01,7.568140729425e-01,3.841877978289e+00
7.487254725473e-01,1.970169484904e-01,7.569206016803e-01,3.841906026259e+00
7.488253825383e-01,1.970432384488e-01,7.570271373747e-01,3.841934102050e+00
7.489252925293e-01,1.970695284072e-01,7.571336800274e-01,3.841962205658e+00
7.490252025203e-01,1.970958183657e-01,7.572402296397e-01,3.841990337080e+00
7.491251125113e-01,1.971221083241e-01,7.573467862133e-01,3.842018496313e+00
7.492250225023e-01,1.971483982825e-01,7.574533497497e-01,3.842046683353e+00
7.493249324932e-01,1.971746882410e-01,7.575599202504e-01,3.842074898197e+00
7.494248424842e-01,1.972009781994e-01,7.576664977171e-01,3.842103140842e+00
7.495247524752e-01,1.972272681578e-01,7.577730821511e-01,3.842131411285e+00
7.496246624662e-01,1.972535581162e-01,7.578796735541e-01,3.842159709522e+00
7.497245724572e-01,1.972798480747e-01,7.579862719277e-01,3.842188035550e+00
7.498244824482e-01,1.973061380331e-01,7.580928772733e-01,3.842216389366e+00
7.499243924392e-01,1.973324279915e-01,7.581994895926e-01,3.842244770966e+00
7.500243024302e-01,1.973587179500e-01,7.583061088870e-01,3.842273180348e+00
7.501242124212e-01,1.973850079084e-01,7.584127351581e-01,3.842301617507e+00
7.502241224122e-01,1.974112978668e-01,7.585193684075e-01,3.842330082441e+00
7.503240324032e-01,1.974375878253e-01,7.586260086367e-01,3.842358575146e+00
7.504239423942e-01,1.974638777837e-01,7.587326558472e-01,3.842387095620e+00
7.505238523852e-01,1.974901677421e-01,7.588393100407e-01,3.842415643859e+00
7.506237623762e-01,1.975164577006e-01,7.589459712186e-01,3.842444219859e+00
7.507236723672e-01,1.975427476590e-01,7.590526393825e-01,3.842472823618e+00
7.508235823582e-01,1.975690376174e-01,7.591593145340e-01,3.842501455132e+00
7.509234923492e-01,1.975953275759e-01,7.592659966746e-01,3.842530114398e+00
7.510234023402e-01,1.976216175343e-01,7.593726858059e-01,3.842558801413e+00
7.511233123312e-01,1.976479074927e-01,7.594793819294e-01,3.842587516174e+00
7.512232223222e-01,1.976741974512e-01,7.595860850467e-01,3.842616258677e+00
7.513231323132e-01,1.977004874096e-01,7.596927951594e-01,3.842645028919e+00
7.514230423042e-01,1.977267773680e-01,7.597995122689e-01,3.842673826897e+00
7.515229522952e-01,1.977530673265e-01,7.599062363768e-01,3.842702652608e+00
7.516228622862e-01,1.977793572849e-01,7.600129674848e-01,3.842731506049e+00
7.517227722772e-01,1.978056472433e-01,7.601197055943e-01,3.842760387216e+00
7.518226822682e-01,1.978319372018e-01,7.602264507070e-01,3.842789296107e+00
7.519225922592e-01,1.978582271602e-01,7.603332028243e-01,3.842818232717e+00
7.520225022502e-01,1.978845171186e-01,7.604399619479e-01,3.842847197045e+00
7.521224122412e-01,1.979108070771e-01,7.605467280792e-01,3.842876189086e+00
7.522223222322e-01,1.979370970355e-01,7.606535012199e-01,3.842905208838e+00
7.523222322232e-01,1.979633869939e-01,7.607602813716e-01,3.842934256297e+00
7.524221422142e-01,1.979896769523e-01,7.608670685357e-01,3.842963331461e+00
7.525220522052e-01,1.980159669108e-01,7.609738627138e-01,3.842992434326e+00
7.526219621962e-01,1.980422568692e-01,7.610806639076e-01,3.843021564888e+00
7.527218721872e-01,1.980685468276e-01,7.611874721185e-01,3.843050723146e+00
7.528217821782e-01,1.980948367861e-01,7.612942873481e-01,3.843079909095e+00
7.529216921692e-01,1.981211267445e-01,7.614011095980e-01,3.843109122733e+00
7.530216021602e-01,1.981474167029e-01,7.615079388698e-01,3.843138364057e+00
7.531215121512e-01,1.981737066614e-01,7.616147751651e-01,3.843167633063e+00
7.532214221422e-01,1.981999966198e-01,7.617216184853e-01,3.843196929748e+00
7.533213321332e-01,1.982262865782e-01,7.618284688320e-01,3.843226254109e+00
7.534212421242e-01,1.982525765367e-01,7.619353262069e-01,3.843255606143e+00
7.535211521152e-01,1.982788664951e-01,7.620421906115e-01,3.843284985847e+00
7.536210621062e-01,1.983051564535e-01,7.621490620473e-01,3.843314393218e+00
7.537209720972e-01,1.983314464120e-01,7.622559405160e-01,3.843343828253e+00
7.538208820882e-01,1.983577363704e-01,7.623628260190e-01,3.843373290949e+00
7.539207920792e-01,1.983840263288e-01,7.624697185581e-01,3.843402781302e+00
7.540207020702e-01,1.984103162873e-01,7.625766181346e-01,3.843432299309e+00
7.541206120612e-01,1.984366062457e-01,7.626835247503e-01,3.843461844968e+00
7.542205220522e-01,1.984628962041e-01,7.627904384067e-01,3.843491418276e+00
7.543204320432e-01,1.984891861626e-01,7.628973591053e-01,3.843521019228e+00
7.544203420342e-01,1.985154761210e-01,7.630042868477e-01,3.843550647823e+00
7.545202520252e-01,1.985417660794e-01,7.631112216356e-01,3.843580304057e+00
7.546201620162e-01,1.985680560379e-01,7.632181634704e-01,3.843609987927e+00
7.547200720072e-01,1.985943459963e-01,7.633251123538e-01,3.843639699430e+00
7.548199819982e-01,1.986206359547e-01,7.634320682873e-01,3.843669438564e+00
7.549198919892e-01,1.986469259132e-01,7.635390312725e-01,3.843699205324e+00
7.550198019802e-01,1.986732158716e-01,7.636460013109e-01,3.843728999708e+00
7.551197119712e-01,1.986995058300e-01,7.637529784042e-01,3.843758821714e+00
7.552196219622e-01,1.987257957884e-01,7.638599625540e-01,3.843788671337e+00
7.553195319532e-01,1.987520857469e-01,7.639669537618e-01,3.843818548575e+00
7.554194419442e-01,1.987783757053e-01,7.640739520291e-01,3.843848453425e+00
7.555193519352e-01,1.988046656637e-01,7.641809573577e-01,3.843878385884e+00
7.556192619262e-01,1.988309556222e-01,7.642879697490e-01,3.843908345948e+00
7.557191719172e-01,1.988572455806e-01,7.643949892046e-01,3.843938333616e+00
7.558190819082e-01,1.988835355390e-01,7.645020157261e-01,3.843968348883e+00
7.559189918992e-01,1.989098254975e-01,7.646090493151e-01,3.843998391748e+00
7.560189018902e-01,1.989361154559e-01,7.647160899732e-01,3.844028462206e+00
7.561188118812e-01,1.989624054143e-01,7.648231377019e-01,3.844058560255e+00
7.562187218722e-01,1.989886953728e-01,7.649301925029e-01,3.844088685892e+00
7.563186318632e-01,1.990149853312e-01,7.650372543778e-01,3.844118839114e+00
7.564185418542e-01,1.990412752896e-01,7.651443233280e-01,3.844149019919e+00
7.565184518452e-01,1.990675652481e-01,7.652513993552e-01,3.844179228302e+00
7.566183618362e-01,1.990938552065e-01,7.653584824610e-01,3.844209464261e+00
7.567182718272e-01,1.991201451649e-01,7.654655726470e-01,3.844239727793e+00
7.568181818182e-01,1.991464351234e-01,7.655726699148e-01,3.844270018896e+00
7.569180918092e-01,1.991727250818e-01,7.656797742658e-01,3.844300337566e+00
7.570180018002e-01,1.991990150402e-01,7.657868857019e-01,3.844330683800e+00
7.571179117912e-01,1.992253049987e-01,7.658940042244e-01,3.844361057595e+00
7.572178217822e-01,1.992515949571e-01,7.660011298351e-01,3.844391458949e+00
7.573177317732e-01,1.992778849155e-01,7.661082625354e-01,3.844421887859e+00
7.574176417642e-01,1.993041748740e-01,7.662154023271e-01,3.844452344321e+00
7.575175517552e-01,1.993304648324e-01,7.663225492116e-01,3.844482828332e+00
7.576174617462e-01,1.993567547908e-01,7.664297031906e-01,3.844513339891e+00
7.577173717372e-01,1.993830447493e-01,7.665368642657e-01,3.844543878993e+00
7.578172817282e-01,1.994093347077e-01,7.666440324385e-01,3.844574445636e+00
7.579171917192e-01,1.994356246661e-01,7.667512077105e-01,3.844605039817e+00
7.580171017102e-01,1.994619146245e-01,7.668583900833e-01,3.844635661534e+00
7.581170117012e-01,1.994882045830e-01,7.669655795586e-01,3.844666310782e+00
7.582169216922e-01,1.995144945414e-01,7.670727761380e-01,3.844696987560e+00
7.583168316832e-01,1.995407844998e-01,7.671799798230e-01,3.844727691865e+00
7.584167416742e-01,1.995670744583e-01,7.672871906152e-01,3.844758423693e+00
7.585166516652e-01,1.995933644167e-01,7.673944085162e-01,3.844789183042e+00
7.586165616562e-01,1.996196543751e-01,7.675016335277e-01,3.844819969908e+00
7.587164716472e-01,1.996459443336e-01,7.676088656512e-01,3.844850784290e+00
7.588163816382e-01,1.996722342920e-01,7.677161048884e-01,3.844881626184e+00
7.589162916292e-01,1.996985242504e-01,7.678233512407e-01,3.844912495587e+00
7.590162016202e-01,1.997248142089e-01,7.679306047100e-01,3.844943392496e+00
7.591161116112e-01,1.997511041673e-01,7.680378652976e-01,3.844974316909e+00
7.592160216022e-01,1.997773941257e-01,7.681451330053e-01,3.845005268823e+00
7.593159315932e-01,1.998036840842e-01,7.682524078346e-01,3.845036248235e+00
7.594158415842e-01,1.998299740426e-01,7.683596897871e-01,3.845067255142e+00
7.595157515752e-01,1.998562640010e-01,7.684669788645e-01,3.845098289541e+00
7.596156615662e-01,1.998825539595e-01,7.685742750683e-01,3.845129351430e+00
7.597155715572e-01,1.999088439179e-01,7.686815784002e-01,3.845160440805e+00
7.598154815482e-01,1.999351338763e-01,7.687888888617e-01,3.845191557664e+00
7.599153915392e-01,1.999614238348e-01,7.688962064545e-01,3.845222702004e+00
7.600153015302e-01,1.999877137932e-01,7.690035311802e-01,3.845253873823e+00
7.601152115212e-01,2.000140037516e-01,7.691108630403e-01,3.845285073116e+00
7.602151215122e-01,2.000402937101e-01,7.692182020366e-01,3.845316299883e+00
7.603150315032e-01,2.000665836685e-01,7.693255481705e-01,3.845347554119e+00
7.604149414941e-01,2.000928736269e-01,7.694329014437e-01,3.845378835822e+00
7.605148514851e-01,2.001191635854e-01,7.695402618578e-01,3.845410144989e+00
7.606147614761e-01,2.001454535438e-01,7.696476294145e-01,3.845441481618e+00
7.607146714671e-01,2.001717435022e-01,7.697550041153e-01,3.845472845705e+00
7.608145814581e-01,2.001980334606e-01,7.698623859618e-01,3.845504237249e+00
7.609144914491e-01,2.002243234191e-01,7.699697749557e-01,3.845535656246e+00
7.610144014401e-01,2.002506133775e-01,7.700771710986e-01,3.845567102693e+00
7.611143114311e-01,2.002769033359e-01,7.701845743920e-01,3.845598576587e+00
7.612142214221e-01,2.003031932944e-01,7.702919848377e-01,3.845630077927e+00
7.613141314131e-01,2.003294832528e-01,7.703994024371e-01,3.845661606709e+00
7.614140414041e-01,2.003557732112e-01,7.705068271920e-01,3.845693162930e+00
7.615139513951e-01,2.003820631697e-01,7.706142591039e-01,3.845724746588e+00
7.616138613861e-01,2.004083531281e-01,7.707216981745e-01,3.845756357680e+00
7.617137713771e-01,2.004346430865e-01,7.708291444054e-01,3.845787996203e+00
7.618136813681e-01,2.004609330450e-01,7.709365977981e-01,3.845819662154e+00
7.619135913591e-01,2.004872230034e-01,7.710440583544e-01,3.845851355532e+00
7.620135013501e-01,2.005135129618e-01,7.711515260758e-01,3.845883076332e+00
7.621134113411e-01,2.005398029203e-01,7.712590009640e-01,3.845914824553e+00
7.622133213321e-01,2.005660928787e-01,7.713664830205e-01,3.845946600191e+00
7.623132313231e-01,2.005923828371e-01,7.714739722470e-01,3.845978403245e+00
7.624131413141e-01,2.006186727956e-01,7.715814686452e-01,3.846010233711e+00
7.625130513051e-01,2.006449627540e-01,7.716889722165e-01,3.846042091586e+00
7.626129612961e-01,2.006712527124e-01,7.717964829628e-01,3.846073976868e+00
7.627128712871e-01,2.006975426709e-01,7.719040008855e-01,3.846105889554e+00
7.628127812781e-01,2.007238326293e-01,7.720115259863e-01,3.846137829642e+00
7.629126912691e-01,2.007501225877e-01,7.721190582668e-01,3.846169797129e+00
7.630126012601e-01,2.007764125462e-01,7.722265977288e-01,3.846201792012e+00
7.631125112511e-01,2.008027025046e-01,7.723341443737e-01,3.846233814288e+00
7.632124212421e-01,2.008289924630e-01,7.724416982032e-01,3.846265863956e+00
7.633123312331e-01,2.008552824215e-01,7.725492592189e-01,3.846297941011e+00
7.634122412241e-01,2.008815723799e-01,7.726568274225e-01,3.846330045453e+00
7.635121512151e-01,2.009078623383e-01,7.727644028156e-01,3.846362177277e+00
7.636120612061e-01,2.009341522967e-01,7.728719853998e-01,3.846394336481e+00
7.637119711971e-01,2.009604422552e-01,7.729795751768e-01,3.846426523063e+00
7.638118811881e-01,2.009867322136e-01,7.730871721482e-01,3.846458737020e+00
7.639117911791e-01,2.010130221720e-01,7.731947763155e-01,3.846490978349e+00
7.640117011701e-01,2.010393121305e-01,7.733023876805e-01,3.846523247049e+00
7.641116111611e-01,2.010656020889e-01,7.734100062448e-01,3.846555543115e+00
7.642115211521e-01,2.010918920473e-01,7.735176320100e-01,3.846587866546e+00
7.643114311431e-01,2.011181820058e-01,7.736252649778e-01,3.846620217339e+00
7.644113411341e-01,2.011444719642e-01,7.737329051497e-01,3.846652595491e+00
7.645112511251e-01,2.011707619226e-01,7.738405525274e-01,3.846685000999e+00
7.646111611161e-01,2.011970518811e-01,7.739482071126e-01,3.846717433862e+00
7.647110711071e-01,2.012233418395e-01,7.740558689069e-01,3.846749894077e+00
7.648109810981e-01,2.012496317979e-01,7.741635379119e-01,3.846782381640e+00
7.649108910891e-01,2.012759217564e-01,7.742712141292e-01,3.846814896550e+00
7.650108010801e-01,2.013022117148e-01,7.743788975606e-01,3.846847438804e+00
7.651107110711e-01,2.013285016732e-01,7.744865882076e-01,3.846880008398e+00
7.652106210621e-01,2.013547916317e-01,7.745942860718e-01,3.846912605332e+00
7.653105310531e-01,2.013810815901e-01,7.747019911550e-01,3.846945229601e+00
7.654104410441e-01,2.014073715485e-01,7.748097034587e-01,3.846977881204e+00
7.655103510351e-01,2.014336615070e-01,7.749174229846e-01,3.847010560138e+00
7.656102610261e-01,2.014599514654e-01,7.750251497344e-01,3.847043266401e+00
7.657101710171e-01,2.014862414238e-01,7.751328837096e-01,3.847075999989e+00
7.658100810081e-01,2.015125313823e-01,7.752406249120e-01,3.847108760901e+00
7.659099909991e-01,2.015388213407e-01,7.753483733431e-01,3.847141549133e+00
7.660099009901e-01,2.015651112991e-01,7.754561290046e-01,3.847174364684e+00
7.661098109811e-01,2.015914012576e-01,7.755638918982e-01,3.847207207550e+00
7.662097209721e-01,2.016176912160e-01,7.756716620255e-01,3.847240077730e+00
7.663096309631e-01,2.016439811744e-01,7.757794393882e-01,3.847272975220e+00
7.664095409541e-01,2.016702711328e-01,7.758872239878e-01,3.847305900019e+00
7.665094509451e-01,2.016965610913e-01,7.759950158261e-01,3.847338852123e+00
7.666093609361e-01,2.017228510497e-01,7.761028149047e-01,3.847371831530e+00
7.667092709271e-01,2.017491410081e-01,7.762106212252e-01,3.847404838238e+00
7.668091809181e-01,2.017754309666e-01,7.763184347893e-01,3.847437872245e+00
7.669090909091e-01,2.018017209250e-01,7.764262555986e-01,3.847470933546e+00
7.670090009001e-01,2.018280108834e-01,7.765340836548e-01,3.847504022141e+00
7.671089108911e-01,2.018543008419e-01,7.766419189596e-01,3.847537138027e+00
7.672088208821e-01,2.018805908003e-01,7.767497615146e-01,3.847570281201e+00
7.673087308731e-01,2.019068807587e-01,7.768576113214e-01,3.847603451661e+00
7.674086408641e-01,2.019331707172e-01,7.769654683817e-01,3.847636649404e+00
7.675085508551e-01,2.019594606756e-01,7.770733326972e-01,3.847669874428e+00
7.676084608461e-01,2.019857506340e-01,7.771812042695e-01,3.847703126730e+00
7.677083708371e-01,2.020120405925e-01,7.772890831002e-01,3.847736406308e+00
7.678082808281e-01,2.020383305509e-01,7.773969691911e-01,3.847769713160e+00
7.679081908191e-01,2.020646205093e-01,7.775048625437e-01,3.847803047282e+00
7.680081008101e-01,2.020909104678e-01,7.776127631598e-01,3.847836408673e+00
7.681080108011e-01,2.021172004262e-01,7.777206710410e-01,3.847869797331e+00
7.682079207921e-01,2.021434903846e-01,7.778285861889e-01,3.847903213252e+00
7.683078307831e-01,2.021697803431e-01,7.779365086053e-01,3.847936656434e+00
7.684077407741e-01,2.021960703015e-01,7.780444382917e-01,3.847970126875e+00
7.685076507651e-01,2.022223602599e-01,7.781523752498e-01,3.848003624573e+00
7.686075607561e-01,2.022486502184e-01,7.782603194813e-01,3.848037149524e+00
7.687074707471e-01,2.022749401768e-01,7.783682709879e-01,3.848070701727e+00
7.688073807381e-01,2.023012301352e-01,7.784762297712e-01,3.848104281180e+00
7.689072907291e-01,2.023275200937e-01,7.785841958329e-01,3.848137887879e+00
7.690072007201e-01,2.023538100521e-01,7.786921691746e-01,3.848171521822e+00
7.691071107111e-01,2.023801000105e-01,7.788001497981e-01,3.848205183008e+00
7.692070207021e-01,2.024063899689e-01,7.789081377049e-01,3.848238871433e+00
7.693069306931e-01,2.024326799274e-01,7.790161328967e-01,3.848272587095e+00
7.694068406841e-01,2.024589698858e-01,7.791241353753e-01,3.848306329992e+00
7.695067506751e-01,2.024852598442e-01,7.792321451422e-01,3.848340100122e+00
7.696066606661e-01,2.025115498027e-01,7.793401621992e-01,3.848373897482e+00
7.697065706571e-01,2.025378397611e-01,7.794481865479e-01,3.848407722069e+00
7.698064806481e-01,2.025641297195e-01,7.795562181900e-01,3.848441573882e+00
7.699063906391e-01,2.025904196780e-01,7.796642571271e-01,3.848475452918e+00
7.700063006301e-01,2.026167096364e-01,7.797723033609e-01,3.848509359175e+00
7.701062106211e-01,2.026429995948e-01,7.798803568932e-01,3.848543292650e+00
7.702061206121e-01,2.026692895533e-01,7.799884177255e-01,3.848577253341e+00
7.703060306031e-01,2.026955795117e-01,7.800964858595e-01,3.848611241245e+00
7.704059405941e-01,2.027218694701e-01,7.802045612969e-01,3.848645256361e+00
7.705058505851e-01,2.027481594286e-01,7.803126440394e-01,3.848679298686e+00
7.706057605761e-01,2.027744493870e-01,7.804207340887e-01,3.848713368218e+00
7.707056705671e-01,2.028007393454e-01,7.805288314464e-01,3.848747464954e+00
7.708055805581e-01,2.028270293039e-01,7.806369361142e-01,3.848781588891e+00
7.709054905491e-01,2.028533192623e-01,7.807450480939e-01,3.848815740029e+00
7.710054005401e-01,2.028796092207e-01,7.808531673869e-01,3.848849918364e+00
7.711053105311e-01,2.029058991792e-01,7.809612939951e-01,3.848884123894e+00
7.712052205221e-01,2.029321891376e-01,7.810694279202e-01,3.848918356617e+00
7.713051305131e-01,2.029584790960e-01,7.811775691637e-01,3.848952616530e+00
7.714050405041e-01,2.029847690545e-01,7.812857177274e-01,3.848986903632e+00
7.715049504950e-01,2.030110590129e-01,7.813938736129e-01,3.849021217920e+00
7.716048604860e-01,2.030373489713e-01,7.815020368220e-01,3.849055559391e+00
7.717047704770e-01,2.030636389297e-01,7.816102073564e-01,3.849089928043e+00
7.718046804680e-01,2.030899288882e-01,7.817183852176e-01,3.849124323875e+00
7.719045904590e-01,2.031162188466e-01,7.818265704074e-01,3.849158746884e+00
7.720045004500e-01,2.031425088050e-01,7.819347629275e-01,3.849193197067e+00
7.721044104410e-01,2.031687987635e-01,7.820429627795e-01,3.849227674422e+00
7.722043204320e-01,2.031950887219e-01,7.821511699652e-01,3.849262178948e+00
7.723042304230e-01,2.032213786803e-01,7.822593844862e-01,3.849296710641e+00
7.724041404140e-01,2.032476686388e-01,7.823676063442e-01,3.849331269500e+00
7.725040504050e-01,2.032739585972e-01,7.824758355410e-01,3.849365855522e+00
7.726039603960e-01,2.033002485556e-01,7.825840720781e-01,3.849400468706e+00
7.727038703870e-01,2.033265385141e-01,7.826923159573e-01,3.849435109048e+00
7.728037803780e-01,2.033528284725e-01,7.828005671802e-01,3.849469776547e+00
7.729036903690e-01,2.033791184309e-01,7.829088257486e-01,3.849504471200e+00
7.730036003600e-01,2.034054083894e-01,7.830170916642e-01,3.849539193006e+00
7.731035103510e-01,2.034316983478e-01,7.831253649286e-01,3.849573941961e+00
7.732034203420e-01,2.034579883062e-01,7.832336455435e-01,3.849608718064e+00
7.733033303330e-01,2.034842782647e-01,7.833419335107e-01,3.849643521313e+00
7.734032403240e-01,2.035105682231e-01,7.834502288317e-01,3.849678351706e+00
7.735031503150e-01,2.035368581815e-01,7.835585315084e-01,3.849713209239e+00
7.736030603060e-01,2.035631481400e-01,7.836668415424e-01,3.849748093911e+00
7.737029702970e-01,2.035894380984e-01,7.837751589354e-01,3.849783005721e+00
7.738028802880e-01,2.036157280568e-01,7.838834836891e-01,3.849817944665e+00
7.739027902790e-01,2.036420180153e-01,7.839918158052e-01,3.849852910741e+00
7.740027002700e-01,2.036683079737e-01,7.841001552854e-01,3.849887903948e+00
7.741026102610e-01,2.036945979321e-01,7.842085021313e-01,3.849922924282e+00
7.742025202520e-01,2.037208878906e-01,7.843168563448e-01,3.849957971743e+00
7.743024302430e-01,2.037471778490e-01,7.844252179274e-01,3.849993046327e+00
7.744023402340e-01,2.037734678074e-01,7.845335868810e-01,3.850028148034e+00
7.745022502250e-01,2.037997577658e-01,7.846419632071e-01,3.850063276859e+00
7.746021602160e-01,2.038260477243e-01,7.847503469075e-01,3.850098432802e+00
7.747020702070e-01,2.038523376827e-01,7.848587379839e-01,3.850133615860e+00
7.748019801980e-01,2.038786276411e-01,7.849671364380e-01,3.850168826032e+00
7.749018901890e-01,2.039049175996e-01,7.850755422716e-01,3.850204063314e+00
7.750018001800e-01,2.039312075580e-01,7.851839554862e-01,3.850239327705e+00
7.751017101710e-01,2.039574975164e-01,7.852923760836e-01,3.850274619202e+00
7.752016201620e-01,2.039837874749e-01,7.854008040655e-01,3.850309937805e+00
7.753015301530e-01,2.040100774333e-01,7.855092394337e-01,3.850345283509e+00
7.754014401440e-01,2.040363673917e-01,7.856176821898e-01,3.850380656314e+00
7.755013501350e-01,2.040626573502e-01,7.857261323355e-01,3.850416056218e+00
7.756012601260e-01,2.040889473086e-01,7.858345898726e-01,3.850451483217e+00
7.757011701170e-01,2.041152372670e-01,7.859430548027e-01,3.850486937310e+00
7.758010801080e-01,2.041415272255e-01,7.860515271276e-01,3.850522418496e+00
7.759009900990e-01,2.041678171839e-01,7.861600068490e-01,3.850557926771e+00
7.760009000900e-01,2.041941071423e-01,7.862684939686e-01,3.850593462134e+00
7.761008100810e-01,2.042203971008e-01,7.863769884881e-01,3.850629024583e+00
7.762007200720e-01,2.042466870592e-01,7.864854904091e-01,3.850664614115e+00
7.763006300630e-01,2.042729770176e-01,7.865939997335e-01,3.850700230729e+00
7.764005400540e-01,2.042992669761e-01,7.867025164630e-01,3.850735874423e+00
7.765004500450e-01,2.043255569345e-01,7.868110405992e-01,3.850771545194e+00
7.766003600360e-01,2.043518468929e-01,7.869195721438e-01,3.850807243040e+00
7.767002700270e-01,2.043781368514e-01,7.870281110987e-01,3.850842967959e+00
7.768001800180e-01,2.044044268098e-01,7.871366574655e-01,3.850878719950e+00
7.769000900090e-01,2.044307167682e-01,7.872452112458e-01,3.850914499010e+00
7.770000000000e-01,2.044570067267e-01,7.873537724416e-01,3.850950305138e+00
7.770999099910e-01,2.044832966851e-01,7.874623410543e-01,3.850986138330e+00
7.771998199820e-01,2.045095866435e-01,7.875709170859e-01,3.851021998586e+00
7.772997299730e-01,2.045358766019e-01,7.876795005379e-01,3.851057885903e+00
7.773996399640e-01,2.045621665604e-01,7.877880914122e-01,3.851093800278e+00
7.774995499550e-01,2.045884565188e-01,7.878966897104e-01,3.851129741711e+00
7.775994599460e-01,2.046147464772e-01,7.880052954343e-01,3.851165710199e+00
7.776993699370e-01,2.046410364357e-01,7.881139085856e-01,3.851201705740e+00
7.777992799280e-01,2.046673263941e-01,7.882225291660e-01,3.851237728333e+00
7.778991899190e-01,2.046936163525e-01,7.883311571772e-01,3.851273777974e+00
7.779990999100e-01,2.047199063110e-01,7.884397926209e-01,3.851309854662e+00
7.780990099010e-01,2.047461962694e-01,7.885484354990e-01,3.851345958395e+00
7.781989198920e-01,2.047724862278e-01,7.886570858131e-01,3.851382089172e+00
7.782988298830e-01,2.047987761863e-01,7.887657435649e-01,3.851418246989e+00
7.783987398740e-01,2.048250661447e-01,7.888744087562e-01,3.851454431846e+00
7.784986498650e-01,2.048513561031e-01,7.889830813887e-01,3.851490643740e+00
7.785985598560e-01,2.048776460616e-01,7.890917614641e-01,3.851526882669e+00
7.786984698470e-01,2.049039360200e-01,7.892004489842e-01,3.851563148632e+00
7.787983798380e-01,2.049302259784e-01,7.893091439507e-01,3.851599441625e+00
7.788982898290e-01,2.049565159369e-01,7.894178463653e-01,3.851635761648e+00
7.789981998200e-01,2.049828058953e-01,7.895265562297e-01,3.851672108699e+00
7.790981098110e-01,2.050090958537e-01,7.896352735457e-01,3.851708482775e+00
7.791980198020e-01,2.050353858122e-01,7.897439983151e-01,3.851744883874e+00
7.792979297930e-01,2.050616757706e-01,7.898527305395e-01,3.851781311995e+00
7.793978397840e-01,2.050879657290e-01,7.899614702207e-01,3.851817767135e+00
7.794977497750e-01,2.051142556875e-01,7.900702173604e-01,3.851854249294e+00
7.795976597660e-01,2.051405456459e-01,7.901789719604e-01,3.851890758468e+00
7.796975697570e-01,2.051668356043e-01,7.902877340224e-01,3.851927294656e+00
7.797974797480e-01,2.051931255628e-01,7.903965035482e-01,3.851963857856e+00
7.798973897390e-01,2.052194155212e-01,7.905052805394e-01,3.852000448066e+00
7.799972997300e-01,2.052457054796e-01,7.906140649978e-01,3.852037065284e+00
7.800972097210e-01,2.052719954380e-01,7.907228569252e-01,3.852073709508e+00
7.801971197120e-01,2.052982853965e-01,7.908316563233e-01,3.852110380737e+00
7.802970297030e-01,2.053245753549e-01,7.909404631939e-01,3.852147078968e+00
7.803969396940e-01,2.053508653133e-01,7.910492775386e-01,3.852183804200e+00
7.804968496850e-01,2.053771552718e-01,7.911580993592e-01,3.852220556431e+00
7.805967596760e-01,2.054034452302e-01,7.912669286576e-01,3.852257335658e+00
7.806966696670e-01,2.054297351886e-01,7.913757654353e-01,3.852294141881e+00
7.807965796580e-01,2.054560251471e-01,7.914846096942e-01,3.852330975096e+00
7.808964896490e-01,2.054823151055e-01,7.915934614360e-01,3.852367835303e+00
7.809963996400e-01,2.055086050639e-01,7.917023206625e-01,3.852404722499e+00
7.810963096310e-01,2.055348950224e-01,7.918111873754e-01,3.852441636683e+00
7.811962196220e-01,2.055611849808e-01,7.919200615764e-01,3.852478577852e+00
7.812961296130e-01,2.055874749392e-01,7.920289432673e-01,3.852515546005e+00
7.813960396040e-01,2.056137648977e-01,7.921378324499e-01,3.852552541140e+00
7.814959495950e-01,2.056400548561e-01,7.922467291259e-01,3.852589563255e+00
7.815958595860e-01,2.056663448145e-01,7.923556332970e-01,3.852626612349e+00
7.816957695770e-01,2.056926347730e-01,7.924645449650e-01,3.852663688419e+00
7.817956795680e-01,2.057189247314e-01,7.925734641317e-01,3.852700791464e+00
7.818955895590e-01,2.057452146898e-01,7.926823907988e-01,3.852737921481e+00
7.819954995500e-01,2.057715046483e-01,7.927913249681e-01,3.852775078470e+00
7.820954095410e-01,2.057977946067e-01,7.929002666412e-01,3.852812262428e+00
7.821953195320e-01,2.058240845651e-01,7.930092158201e-01,3.852849473353e+00
7.822952295230e-01,2.058503745236e-01,7.931181725064e-01,3.852886711244e+00
7.823951395140e-01,2.058766644820e-01,7.932271367018e-01,3.852923976099e+00
7.824950495050e-01,2.059029544404e-01,7.933361084083e-01,3.852961267915e+00
7.825949594959e-01,2.059292443989e-01,7.934450876274e-01,3.852998586692e+00
7.826948694869e-01,2.059555343573e-01,7.935540743610e-01,3.853035932428e+00
7.827947794779e-01,2.059818243157e-01,7.936630686108e-01,3.853073305120e+00
7.828946894689e-01,2.060081142741e-01,7.937720703786e-01,3.853110704767e+00
7.829945994599e-01,2.060344042326e-01,7.938810796661e-01,3.853148131367e+00
7.830945094509e-01,2.060606941910e-01,7.939900964752e-01,3.853185584919e+00
7.831944194419e-01,2.060869841494e-01,7.940991208075e-01,3.853223065420e+00
7.832943294329e-01,2.061132741079e-01,7.942081526648e-01,3.853260572869e+00
7.833942394239e-01,2.061395640663e-01,7.943171920490e-01,3.853298107264e+00
7.834941494149e-01,2.061658540247e-01,7.944262389617e-01,3.853335668604e+00
7.835940594059e-01,2.061921439832e-01,7.945352934048e-01,3.853373256886e+00
7.836939693969e-01,2.062184339416e-01,7.946443553799e-01,3.853410872109e+00
7.837938793879e-01,2.062447239000e-01,7.947534248889e-01,3.853448514272e+00
7.838937893789e-01,2.062710138585e-01,7.948625019336e-01,3.853486183371e+00
7.839936993699e-01,2.062973038169e-01,7.949715865156e-01,3.853523879407e+00
7.840936093609e-01,2.063235937753e-01,7.950806786369e-01,3.853561602376e+00
7.841935193519e-01,2.063498837338e-01,7.951897782990e-01,3.853599352278e+00
7.842934293429e-01,2.063761736922e-01,7.952988855039e-01,3.853637129110e+00
7.843933393339e-01,2.064024636506e-01,7.954080002533e-01,3.853674932871e+00
7.844932493249e-01,2.064287536091e-01,7.955171225489e-01,3.853712763559e+00
7.845931593159e-01,2.064550435675e-01,7.956262523925e-01,3.853750621173e+00
7.846930693069e-01,2.064813335259e-01,7.957353897860e-01,3.853788505710e+00
7.847929792979e-01,2.065076234844e-01,7.958445347310e-01,3.853826417170e+00
7.848928892889e-01,2.065339134428e-01,7.959536872294e-01,3.853864355550e+00
7.849927992799e-01,2.065602034012e-01,7.960628472829e-01,3.853902320849e+00
7.850927092709e-01,2.065864933597e-01,7.961720148934e-01,3.853940313064e+00
7.851926192619e-01,2.066127833181e-01,7.962811900625e-01,3.853978332195e+00
7.852925292529e-01,2.066390732765e-01,7.963903727921e-01,3.854016378240e+00
7.853924392439e-01,2.066653632350e-01,7.964995630839e-01,3.854054451197e+00
7.854923492349e-01,2.066916531934e-01,7.966087609397e-01,3.854092551064e+00
7.855922592259e-01,2.067179431518e-01,7.967179663614e-01,3.854130677840e+00
7.856921692169e-01,2.067442331102e-01,7.968271793506e-01,3.854168831523e+00
7.857920792079e-01,2.067705230687e-01,7.969363999093e-01,3.854207012111e+00
7.858919891989e-01,2.067968130271e-01,7.970456280390e-01,3.854245219604e+00
7.859918991899e-01,2.068231029855e-01,7.971548637417e-01,3.854283453998e+00
7.860918091809e-01,2.068493929440e-01,7.972641070192e-01,3.854321715293e+00
7.861917191719e-01,2.068756829024e-01,7.973733578731e-01,3.854360003487e+00
7.862916291629e-01,2.069019728608e-01,7.974826163053e-01,3.854398318578e+00
7.863915391539e-01,2.069282628193e-01,7.975918823177e-01,3.854436660565e+00
7.864914491449e-01,2.069545527777e-01,7.977011559118e-01,3.854475029446e+00
7.865913591359e-01,2.069808427361e-01,7.978104370897e-01,3.854513425219e+00
7.866912691269e-01,2.070071326946e-01,7.979197258530e-01,3.854551847884e+00
7.867911791179e-01,2.070334226530e-01,7.980290222035e-01,3.854590297437e+00
7.868910891089e-01,2.070597126114e-01,7.981383261430e-01,3.854628773878e+00
7.869909990999e-01,2.070860025699e-01,7.982476376734e-01,3.854667277206e+00
7.870909090909e-01,2.071122925283e-01,7.983569567963e-01,3.854705807417e+00
7.871908190819e-01,2.071385824867e-01,7.984662835137e-01,3.854744364512e+00
7.872907290729e-01,2.071648724452e-01,7.985756178273e-01,3.854782948488e+00
7.873906390639e-01,2.071911624036e-01,7.986849597388e-01,3.854821559344e+00
7.874905490549e-01,2.072174523620e-01,7.987943092502e-01,3.854860197078e+00
7.875904590459e-01,2.072437423205e-01,7.989036663631e-01,3.854898861688e+00
7.876903690369e-01,2.072700322789e-01,7.990130310794e-01,3.854937553174e+00
7.877902790279e-01,2.072963222373e-01,7.991224034009e-01,3.854976271533e+00
7.878901890189e-01,2.073226121958e-01,7.992317833294e-01,3.855015016764e+00
7.879900990099e-01,2.073489021542e-01,7.993411708666e-01,3.855053788866e+00
7.880900090009e-01,2.073751921126e-01,7.994505660144e-01,3.855092587836e+00
7.881899189919e-01,2.074014820711e-01,7.995599687746e-01,3.855131413674e+00
7.882898289829e-01,2.074277720295e-01,7.996693791490e-01,3.855170266377e+00
7.883897389739e-01,2.074540619879e-01,7.997787971393e-01,3.855209145945e+00
7.884896489649e-01,2.074803519463e-01,7.998882227475e-01,3.855248052376e+00
7.885895589559e-01,2.075066419048e-01,7.999976559752e-01,3.855286985668e+00
7.886894689469e-01,2.075329318632e-01,8.001070968243e-01,3.855325945820e+00
7.887893789379e-01,2.075592218216e-01,8.002165452966e-01,3.855364932830e+00
7.888892889289e-01,2.075855117801e-01,8.003260013939e-01,3.855403946696e+00
7.889891989199e-01,2.076118017385e-01,8.004354651180e-01,3.855442987418e+00
7.890891089109e-01,2.076380916969e-01,8.005449364707e-01,3.855482054994e+00
7.891890189019e-01,2.076643816554e-01,8.006544154538e-01,3.855521149421e+00
7.892889288929e-01,2.076906716138e-01,8.007639020692e-01,3.855560270700e+00
7.893888388839e-01,2.077169615722e-01,8.008733963186e-01,3.855599418828e+00
7.894887488749e-01,2.077432515307e-01,8.009828982039e-01,3.855638593804e+00
7.895886588659e-01,2.077695414891e-01,8.010924077268e-01,3.855677795626e+00
7.896885688569e-01,2.077958314475e-01,8.012019248893e-01,3.855717024292e+00
7.897884788479e-01,2.078221214060e-01,8.013114496930e-01,3.855756279803e+00
7.898883888389e-01,2.078484113644e-01,8.014209821398e-01,3.855795562155e+00
7.899882988299e-01,2.078747013228e-01,8.015305222315e-01,3.855834871348e+00
7.900882088209e-01,2.079009912813e-01,8.016400699700e-01,3.855874207379e+00
7.901881188119e-01,2.079272812397e-01,8.017496253570e-01,3.855913570248e+00
7.902880288029e-01,2.079535711981e-01,8.018591883944e-01,3.855952959954e+00
7.903879387939e-01,2.079798611566e-01,8.019687590840e-01,3.855992376494e+00
7.904878487849e-01,2.080061511150e-01,8.020783374275e-01,3.856031819867e+00
7.905877587759e-01,2.080324410734e-01,8.021879234269e-01,3.856071290073e+00
7.906876687669e-01,2.080587310319e-01,8.022975170840e-01,3.856110787108e+00
7.907875787579e-01,2.080850209903e-01,8.024071184005e-01,3.856150310973e+00
7.908874887489e-01,2.081113109487e-01,8.025167273783e-01,3.856189861665e+00
7.909873987399e-01,2.081376009072e-01,8.026263440192e-01,3.856229439184e+00
7.910873087309e-01,2.081638908656e-01,8.027359683250e-01,3.856269043527e+00
7.911872187219e-01,2.081901808240e-01,8.028456002976e-01,3.856308674693e+00
7.912871287129e-01,2.082164707824e-01,8.029552399388e-01,3.856348332682e+00
7.913870387039e-01,2.082427607409e-01,8.030648872504e-01,3.856388017491e+00
7.914869486949e-01,2.082690506993e-01,8.031745422342e-01,3.856427729119e+00
7.915868586859e-01,2.082953406577e-01,8.032842048921e-01,3.856467467566e+00
7.916867686769e-01,2.083216306162e-01,8.033938752258e-01,3.856507232828e+00
7.917866786679e-01,2.083479205746e-01,8.035035532373e-01,3.856547024906e+00
7.918865886589e-01,2.083742105330e-01,8.036132389283e-01,3.856586843797e+00
7.919864986499e-01,2.084005004915e-01,8.037229323007e-01,3.856626689501e+00
7.920864086409e-01,2.084267904499e-01,8.038326333563e-01,3.856666562015e+00
7.921863186319e-01,2.084530804083e-01,8.039423420970e-01,3.856706461340e+00
7.922862286229e-01,2.084793703668e-01,8.040520585245e-01,3.856746387472e+00
7.923861386139e-01,2.085056603252e-01,8.041617826407e-01,3.856786340412e+00
7.924860486049e-01,2.085319502836e-01,8.042715144475e-01,3.856826320157e+00
7.925859585959e-01,2.085582402421e-01,8.043812539466e-01,3.856866326706e+00
7.926858685869e-01,2.085845302005e-01,8.044910011400e-01,3.856906360058e+00
7.927857785779e-01,2.086108201589e-01,8.046007560294e-01,3.856946420212e+00
7.928856885689e-01,2.086371101174e-01,8.047105186167e-01,3.856986507166e+00
7.929855985599e-01,2.086634000758e-01,8.048202889037e-01,3.857026620918e+00
7.930855085509e-01,2.086896900342e-01,8.049300668923e-01,3.857066761469e+00
7.931854185419e-01,2.087159799927e-01,8.050398525842e-01,3.857106928816e+00
7.932853285329e-01,2.087422699511e-01,8.051496459815e-01,3.857147122957e+00
7.933852385239e-01,2.087685599095e-01,8.052594470858e-01,3.857187343893e+00
7.934851485149e-01,2.087948498680e-01,8.053692558990e-01,3.857227591621e+00
7.935850585059e-01,2.088211398264e-01,8.054790724230e-01,3.857267866140e+00
7.936849684968e-01,2.088474297848e-01,8.055888966596e-01,3.857308167449e+00
7.937848784878e-01,2.088737197433e-01,8.056987286107e-01,3.857348495546e+00
7.938847884788e-01,2.089000097017e-01,8.058085682781e-01,3.857388850430e+00
7.939846984698e-01,2.089262996601e-01,8.059184156636e-01,3.857429232101e+00
7.940846084608e-01,2.089525896185e-01,8.060282707692e-01,3.857469640556e+00
7.941845184518e-01,2.089788795770e-01,8.061381335965e-01,3.857510075795e+00
7.942844284428e-01,2.090051695354e-01,8.062480041476e-01,3.857550537816e+00
7.943843384338e-01,2.090314594938e-01,8.063578824242e-01,3.857591026618e+00
7.944842484248e-01,2.090577494523e-01,8.064677684283e-01,3.857631542199e+00
7.945841584158e-01,2.090840394107e-01,8.065776621615e-01,3.857672084559e+00
7.946840684068e-01,2.091103293691e-01,8.066875636259e-01,3.857712653696e+00
7.947839783978e-01,2.091366193276e-01,8.067974728232e-01,3.857753249609e+00
7.948838883888e-01,2.091629092860e-01,8.069073897553e-01,3.857793872297e+00
7.949837983798e-01,2.091891992444e-01,8.070173144241e-01,3.857834521758e+00
7.950837083708e-01,2.092154892029e-01,8.071272468314e-01,3.857875197991e+00
7.951836183618e-01,2.092417791613e-01,8.072371869791e-01,3.857915900996e+00
7.952835283528e-01,2.092680691197e-01,8.073471348690e-01,3.857956630770e+00
7.953834383438e-01,2.092943590782e-01,8.074570905029e-01,3.857997387313e+00
7.954833483348e-01,2.093206490366e-01,8.075670538829e-01,3.858038170623e+00
7.955832583258e-01,2.093469389950e-01,8.076770250106e-01,3.858078980700e+00
7.956831683168e-01,2.093732289535e-01,8.077870038880e-01,3.858119817541e+00
7.957830783078e-01,2.093995189119e-01,8.078969905169e-01,3.858160681147e+00
7.958829882988e-01,2.094258088703e-01,8.080069848992e-01,3.858201571515e+00
7.959828982898e-01,2.094520988288e-01,8.081169870368e-01,3.858242488644e+00
7.960828082808e-01,2.094783887872e-01,8.082269969315e-01,3.858283432534e+00
7.961827182718e-01,2.095046787456e-01,8.083370145851e-01,3.858324403182e+00
7.962826282628e-01,2.095309687041e-01,8.084470399996e-01,3.858365400589e+00
7.963825382538e-01,2.095572586625e-01,8.085570731768e-01,3.858406424752e+00
7.964824482448e-01,2.095835486209e-01,8.086671141186e-01,3.858447475671e+00
7.965823582358e-01,2.096098385793e-01,8.087771628268e-01,3.858488553344e+00
7.966822682268e-01,2.096361285378e-01,8.088872193033e-01,3.858529657771e+00
7.967821782178e-01,2.096624184962e-01,8.089972835500e-01,3.858570788950e+00
7.968820882088e-01,2.096887084546e-01,8.091073555688e-01,3.858611946879e+00
7.969819981998e-01,2.097149984131e-01,8.092174353615e-01,3.858653131559e+00
7.970819081908e-01,2.097412883715e-01,8.093275229299e-01,3.858694342987e+00
7.971818181818e-01,2.097675783299e-01,8.094376182761e-01,3.858735581163e+00
7.972817281728e-01,2.097938682884e-01,8.095477214017e-01,3.858776846085e+00
7.973816381638e-01,2.098201582468e-01,8.096578323088e-01,3.858818137752e+00
7.974815481548e-01,2.098464482052e-01,8.097679509992e-01,3.858859456164e+00
7.975814581458e-01,2.098727381637e-01,8.098780774748e-01,3.858900801319e+00
7.976813681368e-01,2.098990281221e-01,8.099882117373e-01,3.858942173216e+00
7.977812781278e-01,2.099253180805e-01,8.100983537889e-01,3.858983571853e+00
7.978811881188e-01,2.099516080390e-01,8.102085036312e-01,3.859024997231e+00
7.979810981098e-01,2.099778979974e-01,8.103186612661e-01,3.859066449347e+00
7.980810081008e-01,2.100041879558e-01,8.104288266957e-01,3.859107928201e+00
7.981809180918e-01,2.100304779143e-01,8.105389999216e-01,3.859149433791e+00
7.982808280828e-01,2.100567678727e-01,8.106491809459e-01,3.859190966116e+00
7.983807380738e-01,2.100830578311e-01,8.107593697704e-01,3.859232525176e+00
7.984806480648e-01,2.101093477896e-01,8.108695663970e-01,3.859274110970e+00
7.985805580558e-01,2.101356377480e-01,8.109797708275e-01,3.859315723495e+00
7.986804680468e-01,2.101619277064e-01,8.110899830639e-01,3.859357362752e+00
7.987803780378e-01,2.101882176649e-01,8.112002031081e-01,3.859399028739e+00
7.988802880288e-01,2.102145076233e-01,8.113104309619e-01,3.859440721455e+00
7.989801980198e-01,2.102407975817e-01,8.114206666271e-01,3.859482440898e+00
7.990801080108e-01,2.102670875402e-01,8.115309101058e-01,3.859524187069e+00
7.991800180018e-01,2.102933774986e-01,8.116411613998e-01,3.859565959966e+00
7.992799279928e-01,2.103196674570e-01,8.117514205110e-01,3.859607759587e+00
7.993798379838e-01,2.103459574154e-01,8.118616874412e-01,3.859649585933e+00
7.994797479748e-01,2.103722473739e-01,8.119719621924e-01,3.859691439001e+00
7.995796579658e-01,2.103985373323e-01,8.120822447665e-01,3.859733318791e+00
7.996795679568e-01,2.104248272907e-01,8.121925351653e-01,3.859775225302e+00
7.997794779478e-01,2.104511172492e-01,8.123028333907e-01,3.859817158533e+00
7.998793879388e-01,2.104774072076e-01,8.124131394447e-01,3.859859118482e+00
7.999792979298e-01,2.105036971660e-01,8.125234533291e-01,3.859901105149e+00
8.000792079208e-01,2.105299871245e-01,8.126337750459e-01,3.859943118533e+00
8.001791179118e-01,2.105562770829e-01,8.127441045969e-01,3.859985158632e+00
8.002790279028e-01,2.105825670413e-01,8.128544419840e-01,3.860027225447e+00
8.003789378938e-01,2.106088569998e-01,8.129647872092e-01,3.860069318975e+00
8.004788478848e-01,2.106351469582e-01,8.130751402743e-01,3.860111439216e+00
8.005787578758e-01,2.106614369166e-01,8.131855011812e-01,3.860153586169e+00
8.006786678668e-01,2.106877268751e-01,8.132958699318e-01,3.860195759832e+00
8.007785778578e-01,2.107140168335e-01,8.134062465281e-01,3.860237960206e+00
8.008784878488e-01,2.107403067919e-01,8.135166309720e-01,3.860280187288e+00
8.009783978398e-01,2.107665967504e-01,8.136270232652e-01,3.860322441079e+00
8.010783078308e-01,2.107928867088e-01,8.137374234099e-01,3.860364721576e+00
8.011782178218e-01,2.108191766672e-01,8.138478314077e-01,3.860407028780e+00
8.012781278128e-01,2.108454666257e-01,8.139582472608e-01,3.860449362688e+00
8.013780378038e-01,2.108717565841e-01,8.140686709709e-01,3.860491723301e+00
8.014779477948e-01,2.108980465425e-01,8.141791025400e-01,3.860534110617e+00
8.015778577858e-01,2.109243365010e-01,8.142895419700e-01,3.860576524636e+00
8.016777677768e-01,2.109506264594e-01,8.143999892628e-01,3.860618965356e+00
8.017776777678e-01,2.109769164178e-01,8.145104444203e-01,3.860661432776e+00
8.018775877588e-01,2.110032063763e-01,8.146209074444e-01,3.860703926896e+00
8.019774977498e-01,2.110294963347e-01,8.147313783370e-01,3.860746447714e+00
8.020774077408e-01,2.110557862931e-01,8.148418571002e-01,3.860788995230e+00
8.021773177318e-01,2.110820762515e-01,8.149523437356e-01,3.860831569443e+00
8.022772277228e-01,2.111083662100e-01,8.150628382454e-01,3.860874170352e+00
8.023771377138e-01,2.111346561684e-01,8.151733406314e-01,3.860916797956e+00
8.024770477048e-01,2.111609461268e-01,8.152838508954e-01,3.860959452254e+00
8.025769576958e-01,2.111872360853e-01,8.153943690396e-01,3.861002133246e+00
8.026768676868e-01,2.112135260437e-01,8.155048950656e-01,3.861044840930e+00
8.027767776778e-01,2.112398160021e-01,8.156154289756e-01,3.861087575305e+00
8.028766876688e-01,2.112661059606e-01,8.157259707713e-01,3.861130336371e+00
8.029765976598e-01,2.112923959190e-01,8.158365204548e-01,3.861173124126e+00
8.030765076508e-01,2.113186858774e-01,8.159470780278e-01,3.861215938571e+00
8.031764176418e-01,2.113449758359e-01,8.160576434925e-01,3.861258779704e+00
8.032763276328e-01,2.113712657943e-01,8.161682168507e-01,3.861301647523e+00
8.033762376238e-01,2.113975557527e-01,8.162787981042e-01,3.861344542030e+00
8.034761476148e-01,2.114238457112e-01,8.163893872551e-01,3.861387463221e+00
8.035760576058e-01,2.114501356696e-01,8.164999843053e-01,3.861430411098e+00
8.036759675968e-01,2.114764256280e-01,8.166105892566e-01,3.861473385658e+00
8.037758775878e-01,2.115027155865e-01,8.167212021111e-01,3.861516386901e+00
8.038757875788e-01,2.115290055449e-01,8.168318228707e-01,3.861559414826e+00
8.039756975698e-01,2.115552955033e-01,8.169424515372e-01,3.861602469433e+00
8.040756075608e-01,2.115815854618e-01,8.170530881126e-01,3.861645550720e+00
8.041755175518e-01,2.116078754202e-01,8.171637325989e-01,3.861688658687e+00
8.042754275428e-01,2.116341653786e-01,8.172743849980e-01,3.861731793332e+00
8.043753375338e-01,2.116604553371e-01,8.173850453118e-01,3.861774954656e+00
8.044752475248e-01,2.116867452955e-01,8.174957135422e-01,3.861818142657e+00
8.045751575158e-01,2.117130352539e-01,8.176063896912e-01,3.861861357335e+00
8.046750675068e-01,2.117393252124e-01,8.177170737608e-01,3.861904598689e+00
8.047749774977e-01,2.117656151708e-01,8.178277657528e-01,3.861947866717e+00
8.048748874887e-01,2.117919051292e-01,8.179384656692e-01,3.861991161419e+00
8.049747974797e-01,2.118181950876e-01,8.180491735120e-01,3.862034482795e+00
8.050747074707e-01,2.118444850461e-01,8.181598892830e-01,3.862077830844e+00
8.051746174617e-01,2.118707750045e-01,8.182706129842e-01,3.862121205564e+00
8.052745274527e-01,2.118970649629e-01,8.183813446176e-01,3.862164606956e+00
8.053744374437e-01,2.119233549214e-01,8.184920841852e-01,3.862208035017e+00
8.054743474347e-01,2.119496448798e-01,8.186028316887e-01,3.862251489749e+00
8.055742574257e-01,2.119759348382e-01,8.187135871303e-01,3.862294971149e+00
8.056741674167e-01,2.120022247967e-01,8.188243505118e-01,3.862338479217e+00
8.057740774077e-01,2.120285147551e-01,8.189351218352e-01,3.862382013952e+00
8.058739873987e-01,2.120548047135e-01,8.190459011024e-01,3.862425575355e+00
8.059738973897e-01,2.120810946720e-01,8.191566883154e-01,3.862469163423e+00
8.060738073807e-01,2.121073846304e-01,8.192674834761e-01,3.862512778156e+00
8.061737173717e-01,2.121336745888e-01,8.193782865866e-01,3.862556419553e+00
8.062736273627e-01,2.121599645473e-01,8.194890976486e-01,3.862600087615e+00
8.063735373537e-01,2.121862545057e-01,8.195999166642e-01,3.862643782339e+00
8.064734473447e-01,2.122125444641e-01,8.197107436354e-01,3.862687503726e+00
8.065733573357e-01,2.122388344226e-01,8.198215785641e-01,3.862731251774e+00
8.066732673267e-01,2.122651243810e-01,8.199324214522e-01,3.862775026483e+00
8.067731773177e-01,2.122914143394e-01,8.200432723017e-01,3.862818827852e+00
8.068730873087e-01,2.123177042979e-01,8.201541311146e-01,3.862862655881e+00
8.069729972997e-01,2.123439942563e-01,8.202649978928e-01,3.862906510569e+00
8.070729072907e-01,2.123702842147e-01,8.203758726382e-01,3.862950391914e+00
8.071728172817e-01,2.123965741732e-01,8.204867553529e-01,3.862994299918e+00
8.072727272727e-01,2.124228641316e-01,8.205976460388e-01,3.863038234578e+00
8.073726372637e-01,2.124491540900e-01,8.207085446979e-01,3.863082195894e+00
8.074725472547e-01,2.124754440485e-01,8.208194513320e-01,3.863126183865e+00
8.075724572457e-01,2.125017340069e-01,8.209303659433e-01,3.863170198492e+00
8.076723672367e-01,2.125280239653e-01,8.210412885335e-01,3.863214239773e+00
8.077722772277e-01,2.125543139237e-01,8.211522191048e-01,3.863258307707e+00
8.078721872187e-01,2.125806038822e-01,8.212631576591e-01,3.863302402294e+00
8.079720972097e-01,2.126068938406e-01,8.213741041983e-01,3.863346523533e+00
8.080720072007e-01,2.126331837990e-01,8.214850587244e-01,3.863390671424e+00
8.081719171917e-01,2.126594737575e-01,8.215960212394e-01,3.863434845966e+00
8.082718271827e-01,2.126857637159e-01,8.217069917452e-01,3.863479047158e+00
8.083717371737e-01,2.127120536743e-01,8.218179702438e-01,3.863523275000e+00
8.084716471647e-01,2.127383436328e-01,8.219289567372e-01,3.863567529491e+00
8.085715571557e-01,2.127646335912e-01,8.220399512274e-01,3.863611810630e+00
8.086714671467e-01,2.127909235496e-01,8.221509537163e-01,3.863656118418e+00
8.087713771377e-01,2.128172135081e-01,8.222619642059e-01,3.863700452853e+00
8.088712871287e-01,2.128435034665e-01,8.223729826982e-01,3.863744813934e+00
8.089711971197e-01,2.128697934249e-01,8.224840091952e-01,3.863789201662e+00
8.090711071107e-01,2.128960833834e-01,8.225950436988e-01,3.863833616035e+00
8.091710171017e-01,2.129223733418e-01,8.227060862109e-01,3.863878057053e+00
8.092709270927e-01,2.129486633002e-01,8.228171367337e-01,3.863922524715e+00
8.093708370837e-01,2.129749532587e-01,8.229281952690e-01,3.863967019021e+00
8.094707470747e-01,2.130012432171e-01,8.230392618189e-01,3.864011539970e+00
8.095706570657e-01,2.130275331755e-01,8.231503363853e-01,3.864056087562e+00
8.096705670567e-01,2.130538231340e-01,8.232614189702e-01,3.864100661797e+00
8.097704770477e-01,2.130801130924e-01,8.233725095756e-01,3.864145262672e+00
8.098703870387e-01,2.131064030508e-01,8.234836082035e-01,3.864189890189e+00
8.099702970297e-01,2.131326930093e-01,8.235947148558e-01,3.864234544346e+00
8.100702070207e-01,2.131589829677e-01,8.237058295346e-01,3.864279225143e+00
8.101701170117e-01,2.131852729261e-01,8.238169522418e-01,3.864323932579e+00
8.102700270027e-01,2.132115628846e-01,8.239280829795e-01,3.864368666654e+00
8.103699369937e-01,2.132378528430e-01,8.240392217495e-01,3.864413427368e+00
8.104698469847e-01,2.132641428014e-01,8.241503685539e-01,3.864458214719e+00
8.105697569757e-01,2.132904327598e-01,8.242615233948e-01,3.864503028707e+00
8.106696669667e-01,2.133167227183e-01,8.243726862740e-01,3.864547869333e+00
8.107695769577e-01,2.133430126767e-01,8.244838571935e-01,3.864592736594e+00
8.108694869487e-01,2.133693026351e-01,8.245950361555e-01,3.864637630491e+00
8.109693969397e-01,2.133955925936e-01,8.247062231618e-01,3.864682551024e+00
8.110693069307e-01,2.134218825520e-01,8.248174182144e-01,3.864727498191e+00
8.111692169217e-01,2.134481725104e-01,8.249286213154e-01,3.864772471992e+00
8.112691269127e-01,2.134744624689e-01,8.250398324668e-01,3.864817472428e+00
8.113690369037e-01,2.135007524273e-01,8.251510516705e-01,3.864862499496e+00
8.114689468947e-01,2.135270423857e-01,8.252622789285e-01,3.864907553197e+00
8.115688568857e-01,2.135533323442e-01,8.253735142429e-01,3.864952633531e+00
8.116687668767e-01,2.135796223026e-01,8.254847576156e-01,3.864997740496e+00
8.117686768677e-01,2.136059122610e-01,8.255960090487e-01,3.865042874093e+00
8.118685868587e-01,2.136322022195e-01,8.257072685441e-01,3.865088034321e+00
8.119684968497e-01,2.136584921779e-01,8.258185361039e-01,3.865133221179e+00
8.120684068407e-01,2.136847821363e-01,8.259298117300e-01,3.865178434668e+00
8.121683168317e-01,2.137110720948e-01,8.260410954245e-01,3.865223674786e+00
8.122682268227e-01,2.137373620532e-01,8.261523871893e-01,3.865268941533e+00
8.123681368137e-01,2.137636520116e-01,8.262636870266e-01,3.865314234909e+00
8.124680468047e-01,2.137899419701e-01,8.263749949382e-01,3.865359554913e+00
8.125679567957e-01,2.138162319285e-01,8.264863109262e-01,3.865404901545e+00
8.126678667867e-01,2.138425218869e-01,8.265976349926e-01,3.865450274804e+00
8.127677767777e-01,2.138688118454e-01,8.267089671394e-01,3.865495674690e+00
8.128676867687e-01,2.138951018038e-01,8.268203073686e-01,3.865541101203e+00
8.129675967597e-01,2.139213917622e-01,8.269316556823e-01,3.865586554343e+00
8.130675067507e-01,2.139476817207e-01,8.270430120824e-01,3.865632034108e+00
8.131674167417e-01,2.139739716791e-01,8.271543765710e-01,3.865677540498e+00
8.132673267327e-01,2.140002616375e-01,8.272657491501e-01,3.865723073514e+00
8.133672367237e-01,2.140265515959e-01,8.273771298217e-01,3.865768633154e+00
8.134671467147e-01,2.140528415544e-01,8.274885185878e-01,3.865814219418e+00
8.135670567057e-01,2.140791315128e-01,8.275999154504e-01,3.865859832306e+00
8.136669666967e-01,2.141054214712e-01,8.277113204116e-01,3.865905471818e+00
8.137668766877e-01,2.141317114297e-01,8.278227334734e-01,3.865951137953e+00
8.138667866787e-01,2.141580013881e-01,8.279341546377e-01,3.865996830711e+00
8.139666966697e-01,2.141842913465e-01,8.280455839067e-01,3.866042550091e+00
8.140666066607e-01,2.142105813050e-01,8.281570212823e-01,3.866088296093e+00
8.141665166517e-01,2.142368712634e-01,8.282684667666e-01,3.866134068716e+00
8.142664266427e-01,2.142631612218e-01,8.283799203616e-01,3.866179867961e+00
8.143663366337e-01,2.142894511803e-01,8.284913820693e-01,3.866225693827e+00
8.144662466247e-01,2.143157411387e-01,8.286028518918e-01,3.866271546314e+00
8.145661566157e-01,2.143420310971e-01,8.287143298310e-01,3.866317425421e+00
8.146660666067e-01,2.143683210556e-01,8.288258158890e-01,3.866363331148e+00
8.147659765977e-01,2.143946110140e-01,8.289373100679e-01,3.866409263495e+00
8.148658865887e-01,2.144209009724e-01,8.290488123696e-01,3.866455222461e+00
8.149657965797e-01,2.144471909309e-01,8.291603227963e-01,3.866501208046e+00
8.150657065707e-01,2.144734808893e-01,8.292718413498e-01,3.866547220250e+00
8.151656165617e-01,2.144997708477e-01,8.293833680324e-01,3.866593259072e+00
8.152655265527e-01,2.145260608062e-01,8.294949028459e-01,3.866639324513e+00
8.153654365437e-01,2.145523507646e-01,8.296064457925e-01,3.866685416571e+00
8.154653465347e-01,2.145786407230e-01,8.297179968741e-01,3.866731535247e+00
8.155652565257e-01,2.146049306815e-01,8.298295560928e-01,3.866777680540e+00
8.156651665167e-01,2.146312206399e-01,8.299411234507e-01,3.866823852450e+00
8.157650765077e-01,2.146575105983e-01,8.300526989498e-01,3.866870050977e+00
8.158649864986e-01,2.146838005568e-01,8.301642825922e-01,3.866916276120e+00
8.159648964896e-01,2.147100905152e-01,8.302758743797e-01,3.866962527879e+00
8.160648064806e-01,2.147363804736e-01,8.303874743147e-01,3.867008806254e+00
8.161647164716e-01,2.147626704320e-01,8.304990823989e-01,3.867055111245e+00
8.162646264626e-01,2.147889603905e-01,8.306106986346e-01,3.867101442852e+00
8.163645364536e-01,2.148152503489e-01,8.307223230237e-01,3.867147801073e+00
8.164644464446e-01,2.148415403073e-01,8.308339555683e-01,3.867194185909e+00
8.165643564356e-01,2.148678302658e-01,8.309455962705e-01,3.867240597360e+00
8.166642664266e-01,2.148941202242e-01,8.310572451323e-01,3.867287035426e+00
8.167641764176e-01,2.149204101826e-01,8.311689021557e-01,3.867333500105e+00
8.168640864086e-01,2.149467001411e-01,8.312805673428e-01,3.867379991399e+00
8.169639963996e-01,2.149729900995e-01,8.313922406956e-01,3.867426509306e+00
8.170639063906e-01,2.149992800579e-01,8.315039222163e-01,3.867473053827e+00
8.171638163816e-01,2.150255700164e-01,8.316156119068e-01,3.867519624961e+00
8.172637263726e-01,2.150518599748e-01,8.317273097692e-01,3.867566222708e+00
8.173636363636e-01,2.150781499332e-01,8.318390158055e-01,3.867612847069e+00
8.174635463546e-01,2.151044398917e-01,8.319507300179e-01,3.867659498042e+00
8.175634563456e-01,2.151307298501e-01,8.320624524084e-01,3.867706175627e+00
8.176633663366e-01,2.151570198085e-01,8.321741829790e-01,3.867752879825e+00
8.177632763276e-01,2.151833097670e-01,8.322859217318e-01,3.867799610635e+00
8.178631863186e-01,2.152095997254e-01,8.323976686688e-01,3.867846368057e+00
8.179630963096e-01,2.152358896838e-01,8.325094237922e-01,3.867893152091e+00
8.180630063006e-01,2.152621796423e-01,8.326211871039e-01,3.867939962736e+00
8.181629162916e-01,2.152884696007e-01,8.327329586061e-01,3.867986799993e+00
8.182628262826e-01,2.153147595591e-01,8.328447383008e-01,3.868033663861e+00
8.183627362736e-01,2.153410495176e-01,8.329565261901e-01,3.868080554340e+00
8.184626462646e-01,2.153673394760e-01,8.330683222760e-01,3.868127471431e+00
8.185625562556e-01,2.153936294344e-01,8.331801265606e-01,3.868174415132e+00
8.186624662466e-01,2.154199193928e-01,8.332919390460e-01,3.868221385444e+00
8.187623762376e-01,2.154462093513e-01,8.334037597342e-01,3.868268382366e+00
8.188622862286e-01,2.154724993097e-01,8.335155886274e-01,3.868315405899e+00
8.189621962196e-01,2.154987892681e-01,8.336274257276e-01,3.868362456043e+00
8.190621062106e-01,2.155250792266e-01,8.337392710368e-01,3.868409532796e+00
8.191620162016e-01,2.155513691850e-01,8.338511245571e-01,3.868456636160e+00
8.192619261926e-01,2.155776591434e-01,8.339629862907e-01,3.868503766134e+00
8.193618361836e-01,2.156039491019e-01,8.340748562395e-01,3.868550922717e+00
8.194617461746e-01,2.156302390603e-01,8.341867344057e-01,3.868598105910e+00
8.195616561656e-01,2.156565290187e-01,8.342986207913e-01,3.868645315713e+00
8.196615661566e-01,2.156828189772e-01,8.344105153985e-01,3.868692552126e+00
8.197614761476e-01,2.157091089356e-01,8.345224182292e-01,3.868739815148e+00
8.198613861386e-01,2.157353988940e-01,8.346343292857e-01,3.868787104779e+00
8.199612961296e-01,2.157616888525e-01,8.347462485699e-01,3.868834421020e+00
8.200612061206e-01,2.157879788109e-01,8.348581760839e-01,3.868881763870e+00
8.201611161116e-01,2.158142687693e-01,8.349701118299e-01,3.868929133329e+00
8.202610261026e-01,2.158405587278e-01,8.350820558098e-01,3.868976529398e+00
8.203609360936e-01,2.158668486862e-01,8.351940080259e-01,3.869023952075e+00
8.204608460846e-01,2.158931386446e-01,8.353059684802e-01,3.869071401362e+00
8.205607560756e-01,2.159194286031e-01,8.354179371747e-01,3.869118877257e+00
8.206606660666e-01,2.159457185615e-01,8.355299141116e-01,3.869166379762e+00
8.207605760576e-01,2.159720085199e-01,8.356418992929e-01,3.869213908875e+00
8.208604860486e-01,2.159982984784e-01,8.357538927208e-01,3.869261464597e+00
8.209603960396e-01,2.160245884368e-01,8.358658943973e-01,3.869309046928e+00
8.210603060306e-01,2.160508783952e-01,8.359779043245e-01,3.869356655867e+00
8.211602160216e-01,2.160771683537e-01,8.360899225046e-01,3.869404291416e+00
8.212601260126e-01,2.161034583121e-01,8.362019489395e-01,3.869451953573e+00
8.213600360036e-01,2.161297482705e-01,8.363139836315e-01,3.869499642339e+00
8.214599459946e-01,2.161560382289e-01,8.364260265826e-01,3.869547357713e+00
8.215598559856e-01,2.161823281874e-01,8.365380777949e-01,3.869595099697e+00
8.216597659766e-01,2.162086181458e-01,8.366501372705e-01,3.869642868289e+00
8.217596759676e-01,2.162349081042e-01,8.367622050115e-01,3.869690663490e+00
8.218595859586e-01,2.162611980627e-01,8.368742810200e-01,3.869738485299e+00
8.219594959496e-01,2.162874880211e-01,8.369863652981e-01,3.869786333717e+00
8.220594059406e-01,2.163137779795e-01,8.370984578480e-01,3.869834208744e+00
8.221593159316e-01,2.163400679380e-01,8.372105586716e-01,3.869882110380e+00
8.222592259226e-01,2.163663578964e-01,8.373226677712e-01,3.869930038625e+00
8.223591359136e-01,2.163926478548e-01,8.374347851488e-01,3.869977993479e+00
8.224590459046e-01,2.164189378133e-01,8.375469108065e-01,3.870025974941e+00
8.225589558956e-01,2.164452277717e-01,8.376590447465e-01,3.870073983012e+00
8.226588658866e-01,2.164715177301e-01,8.377711869708e-01,3.870122017693e+00
8.227587758776e-01,2.164978076886e-01,8.378833374816e-01,3.870170078982e+00
8.228586858686e-01,2.165240976470e-01,8.379954962809e-01,3.870218166881e+00
8.229585958596e-01,2.165503876054e-01,8.381076633710e-01,3.870266281389e+00
8.230585058506e-01,2.165766775639e-01,8.382198387538e-01,3.870314422506e+00
8.231584158416e-01,2.166029675223e-01,8.383320224316e-01,3.870362590232e+00
8.232583258326e-01,2.166292574807e-01,8.384442144064e-01,3.870410784568e+00
8.233582358236e-01,2.166555474392e-01,8.385564146803e-01,3.870459005513e+00
8.234581458146e-01,2.166818373976e-01,8.386686232555e-01,3.870507253068e+00
8.235580558056e-01,2.167081273560e-01,8.387808401341e-01,3.870555527233e+00
8.236579657966e-01,2.167344173145e-01,8.388930653182e-01,3.870603828007e+00
8.237578757876e-01,2.167607072729e-01,8.390052988100e-01,3.870652155391e+00
8.238577857786e-01,2.167869972313e-01,8.391175406114e-01,3.870700509385e+00
8.239576957696e-01,2.168132871898e-01,8.392297907248e-01,3.870748889990e+00
8.240576057606e-01,2.168395771482e-01,8.393420491521e-01,3.870797297204e+00
8.241575157516e-01,2.168658671066e-01,8.394543158955e-01,3.870845731029e+00
8.242574257426e-01,2.168921570650e-01,8.395665909572e-01,3.870894191464e+00
8.243573357336e-01,2.169184470235e-01,8.396788743393e-01,3.870942678510e+00
8.244572457246e-01,2.169447369819e-01,8.397911660439e-01,3.870991192166e+00
8.245571557156e-01,2.169710269403e-01,8.399034660731e-01,3.871039732434e+00
8.246570657066e-01,2.169973168988e-01,8.400157744290e-01,3.871088299312e+00
8.247569756976e-01,2.170236068572e-01,8.401280911139e-01,3.871136892802e+00
8.248568856886e-01,2.170498968156e-01,8.402404161297e-01,3.871185512903e+00
8.249567956796e-01,2.170761867741e-01,8.403527494788e-01,3.871234159615e+00
8.250567056706e-01,2.171024767325e-01,8.404650911631e-01,3.871282832939e+00
8.251566156616e-01,2.171287666909e-01,8.405774411848e-01,3.871331532875e+00
8.252565256526e-01,2.171550566494e-01,8.406897995462e-01,3.871380259423e+00
8.253564356436e-01,2.171813466078e-01,8.408021662492e-01,3.871429012583e+00
8.254563456346e-01,2.172076365662e-01,8.409145412960e-01,3.871477792355e+00
8.255562556256e-01,2.172339265247e-01,8.410269246889e-01,3.871526598740e+00
8.256561656166e-01,2.172602164831e-01,8.411393164299e-01,3.871575431737e+00
8.257560756076e-01,2.172865064415e-01,8.412517165211e-01,3.871624291348e+00
8.258559855986e-01,2.173127964000e-01,8.413641249647e-01,3.871673177571e+00
8.259558955896e-01,2.173390863584e-01,8.414765417629e-01,3.871722090408e+00
8.260558055806e-01,2.173653763168e-01,8.415889669178e-01,3.871771029859e+00
8.261557155716e-01,2.173916662753e-01,8.417014004315e-01,3.871819995923e+00
8.262556255626e-01,2.174179562337e-01,8.418138423063e-01,3.871868988601e+00
8.263555355536e-01,2.174442461921e-01,8.419262925441e-01,3.871918007894e+00
8.264554455446e-01,2.174705361506e-01,8.420387511473e-01,3.871967053800e+00
8.265553555356e-01,2.174968261090e-01,8.421512181179e-01,3.872016126322e+00
8.266552655266e-01,2.175231160674e-01,8.422636934581e-01,3.872065225459e+00
8.267551755176e-01,2.175494060259e-01,8.423761771700e-01,3.872114351210e+00
8.268550855086e-01,2.175756959843e-01,8.424886692558e-01,3.872163503577e+00
8.269549954995e-01,2.176019859427e-01,8.426011697177e-01,3.872212682560e+00
8.270549054905e-01,2.176282759011e-01,8.427136785578e-01,3.872261888159e+00
8.271548154815e-01,2.176545658596e-01,8.428261957783e-01,3.872311120374e+00
8.272547254725e-01,2.176808558180e-01,8.429387213812e-01,3.872360379206e+00
8.273546354635e-01,2.177071457764e-01,8.430512553689e-01,3.872409664654e+00
8.274545454545e-01,2.177334357349e-01,8.431637977434e-01,3.872458976719e+00
8.275544554455e-01,2.177597256933e-01,8.432763485069e-01,3.872508315402e+00
8.276543654365e-01,2.177860156517e-01,8.433889076616e-01,3.872557680702e+00
8.277542754275e-01,2.178123056102e-01,8.435014752097e-01,3.872607072620e+00
8.278541854185e-01,2.178385955686e-01,8.436140511532e-01,3.872656491156e+00
8.279540954095e-01,2.178648855270e-01,8.437266354944e-01,3.872705936311e+00
8.280540054005e-01,2.178911754855e-01,8.438392282354e-01,3.872755408085e+00
8.281539153915e-01,2.179174654439e-01,8.439518293784e-01,3.872804906478e+00
8.282538253825e-01,2.179437554023e-01,8.440644389256e-01,3.872854431490e+00
8.283537353735e-01,2.179700453608e-01,8.441770568791e-01,3.872903983122e+00
8.284536453645e-01,2.179963353192e-01,8.442896832411e-01,3.872953561375e+00
8.285535553555e-01,2.180226252776e-01,8.444023180138e-01,3.873003166247e+00
8.286534653465e-01,2.180489152361e-01,8.445149611994e-01,3.873052797741e+00
8.287533753375e-01,2.180752051945e-01,8.446276128000e-01,3.873102455855e+00
8.288532853285e-01,2.181014951529e-01,8.447402728178e-01,3.873152140592e+00
8.289531953195e-01,2.181277851114e-01,8.448529412550e-01,3.873201851950e+00
8.290531053105e-01,2.181540750698e-01,8.449656181137e-01,3.873251589930e+00
8.291530153015e-01,2.181803650282e-01,8.450783033962e-01,3.873301354532e+00
8.292529252925e-01,2.182066549867e-01,8.451909971046e-01,3.873351145758e+00
8.293528352835e-01,2.182329449451e-01,8.453036992411e-01,3.873400963607e+00
8.294527452745e-01,2.182592349035e-01,8.454164098079e-01,3.873450808080e+00
8.295526552655e-01,2.182855248620e-01,8.455291288071e-01,3.873500679176e+00
8.296525652565e-01,2.183118148204e-01,8.456418562410e-01,3.873550576898e+00
8.297524752475e-01,2.183381047788e-01,8.457545921118e-01,3.873600501244e+00
8.298523852385e-01,2.183643947372e-01,8.458673364216e-01,3.873650452215e+00
8.299522952295e-01,2.183906846957e-01,8.459800891725e-01,3.873700429812e+00
8.300522052205e-01,2.184169746541e-01,8.460928503669e-01,3.873750434035e+00
8.301521152115e-01,2.184432646125e-01,8.462056200069e-01,3.873800464884e+00
8.302520252025e-01,2.184695545710e-01,8.463183980946e-01,3.873850522360e+00
8.303519351935e-01,2.184958445294e-01,8.464311846324e-01,3.873900606464e+00
8.304518451845e-01,2.185221344878e-01,8.465439796223e-01,3.873950717195e+00
8.305517551755e-01,2.185484244463e-01,8.466567830665e-01,3.874000854555e+00
8.306516651665e-01,2.185747144047e-01,8.467695949673e-01,3.874051018543e+00
8.307515751575e-01,2.186010043631e-01,8.468824153269e-01,3.874101209160e+00
8.308514851485e-01,2.186272943216e-01,8.469952441474e-01,3.874151426407e+00
8.309513951395e-01,2.186535842800e-01,8.471080814311e-01,3.874201670284e+00
8.310513051305e-01,2.186798742384e-01,8.472209271801e-01,3.874251940791e+00
8.311512151215e-01,2.187061641969e-01,8.473337813967e-01,3.874302237929e+00
8.312511251125e-01,2.187324541553e-01,8.474466440831e-01,3.874352561698e+00
8.313510351035e-01,2.187587441137e-01,8.475595152414e-01,3.874402912099e+00
8.314509450945e-01,2.187850340722e-01,8.476723948738e-01,3.874453289132e+00
8.315508550855e-01,2.188113240306e-01,8.477852829827e-01,3.874503692799e+00
8.316507650765e-01,2.188376139890e-01,8.478981795701e-01,3.874554123098e+00
8.317506750675e-01,2.188639039475e-01,8.480110846383e-01,3.874604580031e+00
8.318505850585e-01,2.188901939059e-01,8.481239981895e-01,3.874655063598e+00
8.319504950495e-01,2.189164838643e-01,8.482369202259e-01,3.874705573800e+00
8.320504050405e-01,2.189427738228e-01,8.483498507497e-01,3.874756110638e+00
8.321503150315e-01,2.189690637812e-01,8.484627897631e-01,3.874806674111e+00
8.322502250225e-01,2.189953537396e-01,8.485757372684e-01,3.874857264220e+00
8.323501350135e-01,2.190216436981e-01,8.486886932678e-01,3.874907880966e+00
8.324500450045e-01,2.190479336565e-01,8.488016577634e-01,3.874958524350e+00
8.325499549955e-01,2.190742236149e-01,8.489146307575e-01,3.875009194371e+00
8.326498649865e-01,2.191005135733e-01,8.490276122524e-01,3.875059891031e+00
8.327497749775e-01,2.191268035318e-01,8.491406022501e-01,3.875110614330e+00
8.328496849685e-01,2.191530934902e-01,8.492536007530e-01,3.875161364268e+00
8.329495949595e-01,2.191793834486e-01,8.493666077633e-01,3.875212140846e+00
8.330495049505e-01,2.192056734071e-01,8.494796232832e-01,3.875262944065e+00
8.331494149415e-01,2.192319633655e-01,8.495926473149e-01,3.875313773925e+00
8.332493249325e-01,2.192582533239e-01,8.497056798606e-01,3.875364630426e+00
8.333492349235e-01,2.192845432824e-01,8.498187209226e-01,3.875415513570e+00
8.334491449145e-01,2.193108332408e-01,8.499317705031e-01,3.875466423357e+00
8.335490549055e-01,2.193371231992e-01,8.500448286044e-01,3.875517359787e+00
8.336489648965e-01,2.193634131577e-01,8.501578952285e-01,3.875568322861e+00
8.337488748875e-01,2.193897031161e-01,8.502709703779e-01,3.875619312580e+00
8.338487848785e-01,2.194159930745e-01,8.503840540547e-01,3.875670328944e+00
8.339486948695e-01,2.194422830330e-01,8.504971462612e-01,3.875721371954e+00
8.340486048605e-01,2.194685729914e-01,8.506102469995e-01,3.875772441610e+00
8.341485148515e-01,2.194948629498e-01,8.507233562720e-01,3.875823537913e+00
8.342484248425e-01,2.195211529083e-01,8.508364740808e-01,3.875874660864e+00
8.343483348335e-01,2.195474428667e-01,8.509496004282e-01,3.875925810463e+00
8.344482448245e-01,2.195737328251e-01,8.510627353165e-01,3.875976986711e+00
8.345481548155e-01,2.196000227836e-01,8.511758787478e-01,3.876028189609e+00
8.346480648065e-01,2.196263127420e-01,8.512890307245e-01,3.876079419157e+00
8.347479747975e-01,2.196526027004e-01,8.514021912487e-01,3.876130675355e+00
8.348478847885e-01,2.196788926589e-01,8.515153603227e-01,3.876181958205e+00
8.349477947795e-01,2.197051826173e-01,8.516285379488e-01,3.876233267707e+00
8.350477047705e-01,2.197314725757e-01,8.517417241291e-01,3.876284603862e+00
8.351476147615e-01,2.197577625342e-01,8.518549188660e-01,3.876335966670e+00
8.352475247525e-01,2.197840524926e-01,8.519681221618e-01,3.876387356132e+00
8.353474347435e-01,2.198103424510e-01,8.520813340185e-01,3.876438772249e+00
8.354473447345e-01,2.198366324094e-01,8.521945544385e-01,3.876490215022e+00
8.355472547255e-01,2.198629223679e-01,8.523077834241e-01,3.876541684450e+00
8.356471647165e-01,2.198892123263e-01,8.524210209775e-01,3.876593180535e+00
8.357470747075e-01,2.199155022847e-01,8.525342671009e-01,3.876644703278e+00
8.358469846985e-01,2.199417922432e-01,8.526475217967e-01,3.876696252679e+00
8.359468946895e-01,2.199680822016e-01,8.527607850670e-01,3.876747828739e+00
8.360468046805e-01,2.199943721600e-01,8.528740569141e-01,3.876799431458e+00
8.361467146715e-01,2.200206621185e-01,8.529873373403e-01,3.876851060838e+00
8.362466246625e-01,2.200469520769e-01,8.531006263478e-01,3.876902716879e+00
8.363465346535e-01,2.200732420353e-01,8.532139239390e-01,3.876954399581e+00
8.364464446445e-01,2.200995319938e-01,8.533272301160e-01,3.877006108946e+00
8.365463546355e-01,2.201258219522e-01,8.534405448811e-01,3.877057844974e+00
8.366462646265e-01,2.201521119106e-01,8.535538682367e-01,3.877109607666e+00
8.367461746175e-01,2.201784018691e-01,8.536672001849e-01,3.877161397023e+00
8.368460846085e-01,2.202046918275e-01,8.537805407280e-01,3.877213213045e+00
8.369459945995e-01,2.202309817859e-01,8.538938898683e-01,3.877265055733e+00
8.370459045905e-01,2.202572717444e-01,8.540072476081e-01,3.877316925088e+00
8.371458145815e-01,2.202835617028e-01,8.541206139496e-01,3.877368821111e+00
8.372457245725e-01,2.203098516612e-01,8.542339888951e-01,3.877420743802e+00
8.373456345635e-01,2.203361416197e-01,8.543473724469e-01,3.877472693162e+00
8.374455445545e-01,2.203624315781e-01,8.544607646073e-01,3.877524669193e+00
8.375454545455e-01,2.203887215365e-01,8.545741653785e-01,3.877576671894e+00
8.376453645365e-01,2.204150114950e-01,8.546875747628e-01,3.877628701266e+00
8.377452745275e-01,2.204413014534e-01,8.548009927625e-01,3.877680757311e+00
8.378451845185e-01,2.204675914118e-01,8.549144193799e-01,3.877732840030e+00
8.379450945095e-01,2.204938813703e-01,8.550278546172e-01,3.877784949422e+00
8.380450045005e-01,2.205201713287e-01,8.551412984767e-01,3.877837085489e+00
8.381449144914e-01,2.205464612871e-01,8.552547509607e-01,3.877889248231e+00
8.382448244824e-01,2.205727512455e-01,8.553682120716e-01,3.877941437650e+00
8.383447344734e-01,2.205990412040e-01,8.554816818115e-01,3.877993653746e+00
8.384446444644e-01,2.206253311624e-01,8.555951601828e-01,3.878045896520e+00
8.385445544554e-01,2.206516211208e-01,8.557086471877e-01,3.878098165973e+00
8.386444644464e-01,2.206779110793e-01,8.558221428286e-01,3.878150462106e+00
8.387443744374e-01,2.207042010377e-01,8.559356471077e-01,3.878202784919e+00
8.388442844284e-01,2.207304909961e-01,8.560491600274e-01,3.878255134413e+00
8.389441944194e-01,2.207567809546e-01,8.561626815898e-01,3.878307510590e+00
8.390441044104e-01,2.207830709130e-01,8.562762117974e-01,3.878359913450e+00
8.391440144014e-01,2.208093608714e-01,8.563897506524e-01,3.878412342994e+00
8.392439243924e-01,2.208356508299e-01,8.565032981570e-01,3.878464799223e+00
8.393438343834e-01,2.208619407883e-01,8.566168543137e-01,3.878517282137e+00
8.394437443744e-01,2.208882307467e-01,8.567304191247e-01,3.878569791738e+00
8.395436543654e-01,2.209145207052e-01,8.568439925923e-01,3.878622328026e+00
8.396435643564e-01,2.209408106636e-01,8.569575747188e-01,3.878674891003e+00
8.397434743474e-01,2.209671006220e-01,8.570711655064e-01,3.878727480669e+00
8.398433843384e-01,2.209933905805e-01,8.571847649576e-01,3.878780097025e+00
8.399432943294e-01,2.210196805389e-01,8.572983730746e-01,3.878832740072e+00
8.400432043204e-01,2.210459704973e-01,8.574119898597e-01,3.878885409812e+00
8.401431143114e-01,2.210722604558e-01,8.575256153153e-01,3.878938106244e+00
8.402430243024e-01,2.210985504142e-01,8.576392494435e-01,3.878990829369e+00
8.403429342934e-01,2.211248403726e-01,8.577528922468e-01,3.879043579190e+00
8.404428442844e-01,2.211511303311e-01,8.578665437275e-01,3.879096355706e+00
8.405427542754e-01,2.211774202895e-01,8.579802038878e-01,3.879149158919e+00
8.406426642664e-01,2.212037102479e-01,8.580938727301e-01,3.879201988829e+00
8.407425742574e-01,2.212300002063e-01,8.582075502567e-01,3.879254845438e+00
8.408424842484e-01,2.212562901648e-01,8.583212364699e-01,3.879307728746e+00
8.409423942394e-01,2.212825801232e-01,8.584349313721e-01,3.879360638755e+00
8.410423042304e-01,2.213088700816e-01,8.585486349654e-01,3.879413575464e+00
8.411422142214e-01,2.213351600401e-01,8.586623472524e-01,3.879466538877e+00
8.412421242124e-01,2.213614499985e-01,8.587760682352e-01,3.879519528992e+00
8.413420342034e-01,2.213877399569e-01,8.588897979162e-01,3.879572545812e+00
8.414419441944e-01,2.214140299154e-01,8.590035362978e-01,3.879625589336e+00
8.415418541854e-01,2.214403198738e-01,8.591172833822e-01,3.879678659568e+00
8.416417641764e-01,2.214666098322e-01,8.592310391718e-01,3.879731756506e+00
8.417416741674e-01,2.214928997907e-01,8.593448036689e-01,3.879784880152e+00
8.418415841584e-01,2.215191897491e-01,8.594585768758e-01,3.879838030508e+00
8.419414941494e-01,2.215454797075e-01,8.595723587950e-01,3.879891207574e+00
8.420414041404e-01,2.215717696660e-01,8.596861494286e-01,3.879944411351e+00
8.421413141314e-01,2.215980596244e-01,8.597999487790e-01,3.879997641840e+00
8.422412241224e-01,2.216243495828e-01,8.599137568486e-01,3.880050899042e+00
8.423411341134e-01,2.216506395413e-01,8.600275736397e-01,3.880104182959e+00
8.424410441044e-01,2.216769294997e-01,8.601413991546e-01,3.880157493591e+00
8.425409540954e-01,2.217032194581e-01,8.602552333957e-01,3.880210830940e+00
8.426408640864e-01,2.217295094166e-01,8.603690763652e-01,3.880264195006e+00
8.427407740774e-01,2.217557993750e-01,8.604829280657e-01,3.880317585790e+00
8.428406840684e-01,2.217820893334e-01,8.605967884993e-01,3.880371003294e+00
8.429405940594e-01,2.218083792919e-01,8.607106576685e-01,3.880424447518e+00
8.430405040504e-01,2.218346692503e-01,8.608245355755e-01,3.880477918464e+00
8.431404140414e-01,2.218609592087e-01,8.609384222227e-01,3.880531416133e+00
8.432403240324e-01,2.218872491672e-01,8.610523176126e-01,3.880584940525e+00
8.433402340234e-01,2.219135391256e-01,8.611662217473e-01,3.880638491642e+00
8.434401440144e-01,2.219398290840e-01,8.612801346293e-01,3.880692069485e+00
8.435400540054e-01,2.219661190424e-01,8.613940562609e-01,3.880745674055e+00
8.436399639964e-01,2.219924090009e-01,8.615079866444e-01,3.880799305354e+00
8.437398739874e-01,2.220186989593e-01,8.616219257823e-01,3.880852963381e+00
8.438397839784e-01,2.220449889177e-01,8.617358736768e-01,3.880906648139e+00
8.439396939694e-01,2.220712788762e-01,8.618498303304e-01,3.880960359628e+00
8.440396039604e-01,2.220975688346e-01,8.619637957453e-01,3.881014097850e+00
8.441395139514e-01,2.221238587930e-01,8.620777699240e-01,3.881067862805e+00
8.442394239424e-01,2.221501487515e-01,8.621917528687e-01,3.881121654495e+00
8.443393339334e-01,2.221764387099e-01,8.623057445819e-01,3.881175472921e+00
8.444392439244e-01,2.222027286683e-01,8.624197450659e-01,3.881229318085e+00
8.445391539154e-01,2.222290186268e-01,8.625337543231e-01,3.881283189986e+00
8.446390639064e-01,2.222553085852e-01,8.626477723559e-01,3.881337088627e+00
8.447389738974e-01,2.222815985436e-01,8.627617991665e-01,3.881391014008e+00
8.448388838884e-01,2.223078885021e-01,8.628758347575e-01,3.881444966131e+00
8.449387938794e-01,2.223341784605e-01,8.629898791310e-01,3.881498944996e+00
8.450387038704e-01,2.223604684189e-01,8.631039322896e-01,3.881552950606e+00
8.451386138614e-01,2.223867583774e-01,8.632179942355e-01,3.881606982961e+00
8.452385238524e-01,2.224130483358e-01,8.633320649712e-01,3.881661042062e+00
8.453384338434e-01,2.224393382942e-01,8.634461444990e-01,3.881715127910e+00
8.454383438344e-01,2.224656282527e-01,8.635602328214e-01,3.881769240508e+00
8.455382538254e-01,2.224919182111e-01,8.636743299406e-01,3.881823379855e+00
8.456381638164e-01,2.225182081695e-01,8.637884358590e-01,3.881877545953e+00
8.457380738074e-01,2.225444981280e-01,8.639025505791e-01,3.881931738804e+00
8.458379837984e-01,2.225707880864e-01,8.640166741031e-01,3.881985958408e+00
8.459378937894e-01,2.225970780448e-01,8.641308064336e-01,3.882040204767e+00
8.460378037804e-01,2.226233680033e-01,8.642449475728e-01,3.882094477882e+00
8.461377137714e-01,2.226496579617e-01,8.643590975232e-01,3.882148777754e+00
8.462376237624e-01,2.226759479201e-01,8.644732562872e-01,3.882203104384e+00
8.463375337534e-01,2.227022378785e-01,8.645874238670e-01,3.882257457774e+00
8.464374437444e-01,2.227285278370e-01,8.647016002652e-01,3.882311837925e+00
8.465373537354e-01,2.227548177954e-01,8.648157854840e-01,3.882366244838e+00
8.466372637264e-01,2.227811077538e-01,8.649299795260e-01,3.882420678515e+00
8.467371737174e-01,2.228073977123e-01,8.650441823934e-01,3.882475138956e+00
8.468370837084e-01,2.228336876707e-01,8.651583940887e-01,3.882529626163e+00
8.469369936994e-01,2.228599776291e-01,8.652726146143e-01,3.882584140137e+00
8.470369036904e-01,2.228862675876e-01,8.653868439725e-01,3.882638680880e+00
8.471368136814e-01,2.229125575460e-01,8.655010821658e-01,3.882693248392e+00
8.472367236724e-01,2.229388475044e-01,8.656153291965e-01,3.882747842676e+00
8.473366336634e-01,2.229651374629e-01,8.657295850671e-01,3.882802463732e+00
8.474365436544e-01,2.229914274213e-01,8.658438497800e-01,3.882857111561e+00
8.475364536454e-01,2.230177173797e-01,8.659581233375e-01,3.882911786165e+00
8.476363636364e-01,2.230440073382e-01,8.660724057420e-01,3.882966487546e+00
8.477362736274e-01,2.230702972966e-01,8.661866969961e-01,3.883021215704e+00
8.478361836184e-01,2.230965872550e-01,8.663009971020e-01,3.883075970641e+00
8.479360936094e-01,2.231228772135e-01,8.664153060621e-01,3.883130752358e+00
8.480360036004e-01,2.231491671719e-01,8.665296238790e-01,3.883185560856e+00
8.481359135914e-01,2.231754571303e-01,8.666439505549e-01,3.883240396138e+00
8.482358235824e-01,2.232017470888e-01,8.667582860924e-01,3.883295258203e+00
8.483357335734e-01,2.232280370472e-01,8.668726304938e-01,3.883350147054e+00
8.484356435644e-01,2.232543270056e-01,8.669869837615e-01,3.883405062692e+00
8.485355535554e-01,2.232806169641e-01,8.671013458979e-01,3.883460005118e+00
8.486354635464e-01,2.233069069225e-01,8.672157169056e-01,3.883514974333e+00
8.487353735374e-01,2.233331968809e-01,8.673300967868e-01,3.883569970340e+00
8.488352835284e-01,2.233594868394e-01,8.674444855439e-01,3.883624993139e+00
8.489351935194e-01,2.233857767978e-01,8.675588831796e-01,3.883680042731e+00
8.490351035104e-01,2.234120667562e-01,8.676732896960e-01,3.883735119119e+00
8.491350135014e-01,2.234383567146e-01,8.677877050957e-01,3.883790222303e+00
8.492349234923e-01,2.234646466731e-01,8.679021293812e-01,3.883845352285e+00
8.493348334833e-01,2.234909366315e-01,8.680165625547e-01,3.883900509066e+00
8.494347434743e-01,2.235172265899e-01,8.681310046187e-01,3.883955692647e+00
8.495346534653e-01,2.235435165484e-01,8.682454555758e-01,3.884010903031e+00
8.496345634563e-01,2.235698065068e-01,8.683599154282e-01,3.884066140218e+00
8.497344734473e-01,2.235960964652e-01,8.684743841785e-01,3.884121404210e+00
8.498343834383e-01,2.236223864237e-01,8.685888618290e-01,3.884176695008e+00
8.499342934293e-01,2.236486763821e-01,8.687033483822e-01,3.884232012615e+00
8.500342034203e-01,2.236749663405e-01,8.688178438406e-01,3.884287357030e+00
8.501341134113e-01,2.237012562990e-01,8.689323482065e-01,3.884342728256e+00
8.502340234023e-01,2.237275462574e-01,8.690468614825e-01,3.884398126293e+00
8.503339333933e-01,2.237538362158e-01,8.691613836708e-01,3.884453551145e+00
8.504338433843e-01,2.237801261743e-01,8.692759147741e-01,3.884509002811e+00
8.505337533753e-01,2.238064161327e-01,8.693904547947e-01,3.884564481294e+00
8.506336633663e-01,2.238327060911e-01,8.695050037351e-01,3.884619986594e+00
8.507335733573e-01,2.238589960496e-01,8.696195615977e-01,3.884675518714e+00
8.508334833483e-01,2.238852860080e-01,8.697341283849e-01,3.884731077655e+00
8.509333933393e-01,2.239115759664e-01,8.698487040993e-01,3.884786663418e+00
8.510333033303e-01,2.239378659249e-01,8.699632887432e-01,3.884842276005e+00
8.511332133213e-01,2.239641558833e-01,8.700778823192e-01,3.884897915417e+00
8.512331233123e-01,2.239904458417e-01,8.701924848296e-01,3.884953581656e+00
8.513330333033e-01,2.240167358002e-01,8.703070962769e-01,3.885009274723e+00
8.514329432943e-01,2.240430257586e-01,8.704217166635e-01,3.885064994620e+00
8.515328532853e-01,2.240693157170e-01,8.705363459920e-01,3.885120741349e+00
8.516327632763e-01,2.240956056755e-01,8.706509842648e-01,3.885176514910e+00
8.517326732673e-01,2.241218956339e-01,8.707656314844e-01,3.885232315306e+00
8.518325832583e-01,2.241481855923e-01,8.708802876531e-01,3.885288142537e+00
8.519324932493e-01,2.241744755507e-01,8.709949527735e-01,3.885343996606e+00
8.520324032403e-01,2.242007655092e-01,8.711096268480e-01,3.885399877514e+00
8.521323132313e-01,2.242270554676e-01,8.712243098791e-01,3.885455785263e+00
8.522322232223e-01,2.242533454260e-01,8.713390018693e-01,3.885511719854e+00
8.523321332133e-01,2.242796353845e-01,8.714537028209e-01,3.885567681288e+00
8.524320432043e-01,2.243059253429e-01,8.715684127366e-01,3.885623669567e+00
8.525319531953e-01,2.243322153013e-01,8.716831316187e-01,3.885679684694e+00
8.526318631863e-01,2.243585052598e-01,8.717978594698e-01,3.885735726668e+00
8.527317731773e-01,2.243847952182e-01,8.719125962923e-01,3.885791795493e+00
8.528316831683e-01,2.244110851766e-01,8.720273420886e-01,3.885847891169e+00
8.529315931593e-01,2.244373751351e-01,8.721420968613e-01,3.885904013698e+00
8.530315031503e-01,2.244636650935e-01,8.722568606128e-01,3.885960163082e+00
8.531314131413e-01,2.244899550519e-01,8.723716333456e-01,3.886016339323e+00
8.532313231323e-01,2.245162450104e-01,8.724864150623e-01,3.886072542421e+00
8.533312331233e-01,2.245425349688e-01,8.726012057651e-01,3.886128772379e+00
8.534311431143e-01,2.245688249272e-01,8.727160054568e-01,3.886185029198e+00
8.535310531053e-01,2.245951148857e-01,8.728308141396e-01,3.886241312880e+00
8.536309630963e-01,2.246214048441e-01,8.729456318162e-01,3.886297623426e+00
8.537308730873e-01,2.246476948025e-01,8.730604584890e-01,3.886353960838e+00
8.538307830783e-01,2.246739847610e-01,8.731752941605e-01,3.886410325118e+00
8.539306930693e-01,2.247002747194e-01,8.732901388331e-01,3.886466716268e+00
8.540306030603e-01,2.247265646778e-01,8.734049925095e-01,3.886523134288e+00
8.541305130513e-01,2.247528546363e-01,8.735198551919e-01,3.886579579181e+00
8.542304230423e-01,2.247791445947e-01,8.736347268831e-01,3.886636050949e+00
8.543303330333e-01,2.248054345531e-01,8.737496075854e-01,3.886692549592e+00
8.544302430243e-01,2.248317245116e-01,8.738644973014e-01,3.886749075113e+00
8.545301530153e-01,2.248580144700e-01,8.739793960335e-01,3.886805627514e+00
8.546300630063e-01,2.248843044284e-01,8.740943037842e-01,3.886862206795e+00
8.547299729973e-01,2.249105943868e-01,8.742092205561e-01,3.886918812959e+00
8.548298829883e-01,2.249368843453e-01,8.743241463517e-01,3.886975446008e+00
8.549297929793e-01,2.249631743037e-01,8.744390811734e-01,3.887032105943e+00
8.550297029703e-01,2.249894642621e-01,8.745540250238e-01,3.887088792766e+00
8.551296129613e-01,2.250157542206e-01,8.746689779053e-01,3.887145506478e+00
8.552295229523e-01,2.250420441790e-01,8.747839398205e-01,3.887202247082e+00
8.553294329433e-01,2.250683341374e-01,8.748989107719e-01,3.887259014578e+00
8.554293429343e-01,2.250946240959e-01,8.750138907620e-01,3.887315808970e+00
8.555292529253e-01,2.251209140543e-01,8.751288797933e-01,3.887372630257e+00
8.556291629163e-01,2.251472040127e-01,8.752438778683e-01,3.887429478444e+00
8.557290729073e-01,2.251734939712e-01,8.753588849895e-01,3.887486353530e+00
8.558289828983e-01,2.251997839296e-01,8.754739011595e-01,3.887543255517e+00
8.559288928893e-01,2.252260738880e-01,8.755889263807e-01,3.887600184409e+00
8.560288028803e-01,2.252523638465e-01,8.757039606558e-01,3.887657140205e+00
8.561287128713e-01,2.252786538049e-01,8.758190039872e-01,3.887714122909e+00
8.562286228623e-01,2.253049437633e-01,8.759340563773e-01,3.887771132521e+00
8.563285328533e-01,2.253312337218e-01,8.760491178289e-01,3.887828169044e+00
8.564284428443e-01,2.253575236802e-01,8.761641883443e-01,3.887885232479e+00
8.565283528353e-01,2.253838136386e-01,8.762792679262e-01,3.887942322829e+00
8.566282628263e-01,2.254101035971e-01,8.763943565769e-01,3.887999440094e+00
8.567281728173e-01,2.254363935555e-01,8.765094542992e-01,3.888056584277e+00
8.568280828083e-01,2.254626835139e-01,8.766245610954e-01,3.888113755380e+00
8.569279927993e-01,2.254889734724e-01,8.767396769682e-01,3.888170953404e+00
8.570279027903e-01,2.255152634308e-01,8.768548019200e-01,3.888228178352e+00
8.571278127813e-01,2.255415533892e-01,8.769699359534e-01,3.888285430224e+00
8.572277227723e-01,2.255678433477e-01,8.770850790710e-01,3.888342709023e+00
8.573276327633e-01,2.255941333061e-01,8.772002312752e-01,3.888400014751e+00
8.574275427543e-01,2.256204232645e-01,8.773153925686e-01,3.888457347410e+00
8.575274527453e-01,2.256467132229e-01,8.774305629538e-01,3.888514707001e+00
8.576273627363e-01,2.256730031814e-01,8.775457424333e-01,3.888572093526e+00
8.577272727273e-01,2.256992931398e-01,8.776609310097e-01,3.888629506987e+00
8.578271827183e-01,2.257255830982e-01,8.777761286854e-01,3.888686947387e+00
8.579270927093e-01,2.257518730567e-01,8.778913354631e-01,3.888744414726e+00
8.580270027003e-01,2.257781630151e-01,8.780065513452e-01,3.888801909007e+00
8.581269126913e-01,2.258044529735e-01,8.781217763344e-01,3.888859430231e+00
8.582268226823e-01,2.258307429320e-01,8.782370104332e-01,3.888916978402e+00
8.583267326733e-01,2.258570328904e-01,8.783522536441e-01,3.888974553519e+00
8.584266426643e-01,2.258833228488e-01,8.784675059697e-01,3.889032155586e+00
8.585265526553e-01,2.259096128073e-01,8.785827674126e-01,3.889089784604e+00
8.586264626463e-01,2.259359027657e-01,8.786980379752e-01,3.889147440575e+00
8.587263726373e-01,2.259621927241e-01,8.788133176603e-01,3.889205123501e+00
8.588262826283e-01,2.259884826826e-01,8.789286064702e-01,3.889262833384e+00
8.589261926193e-01,2.260147726410e-01,8.790439044077e-01,3.889320570226e+00
8.590261026103e-01,2.260410625994e-01,8.791592114752e-01,3.889378334029e+00
8.591260126013e-01,2.260673525579e-01,8.792745276753e-01,3.889436124795e+00
8.592259225923e-01,2.260936425163e-01,8.793898530106e-01,3.889493942525e+00
8.593258325833e-01,2.261199324747e-01,8.795051874837e-01,3.889551787222e+00
8.594257425743e-01,2.261462224332e-01,8.796205310970e-01,3.889609658888e+00
8.595256525653e-01,2.261725123916e-01,8.797358838533e-01,3.889667557524e+00
8.596255625563e-01,2.261988023500e-01,8.798512457551e-01,3.889725483133e+00
8.597254725473e-01,2.262250923085e-01,8.799666168048e-01,3.889783435716e+00
8.598253825383e-01,2.262513822669e-01,8.800819970053e-01,3.889841415276e+00
8.599252925293e-01,2.262776722253e-01,8.801973863588e-01,3.889899421815e+00
8.600252025203e-01,2.263039621838e-01,8.803127848682e-01,3.889957455334e+00
8.601251125113e-01,2.263302521422e-01,8.804281925359e-01,3.890015515835e+00
8.602250225023e-01,2.263565421006e-01,8.805436093646e-01,3.890073603321e+00
8.603249324932e-01,2.263828320590e-01,8.806590353568e-01,3.890131717793e+00
8.604248424842e-01,2.264091220175e-01,8.807744705151e-01,3.890189859254e+00
8.605247524752e-01,2.264354119759e-01,8.808899148420e-01,3.890248027706e+00
8.606246624662e-01,2.264617019343e-01,8.810053683403e-01,3.890306223150e+00
8.607245724572e-01,2.264879918928e-01,8.811208310124e-01,3.890364445589e+00
8.608244824482e-01,2.265142818512e-01,8.812363028610e-01,3.890422695024e+00
8.609243924392e-01,2.265405718096e-01,8.813517838886e-01,3.890480971458e+00
8.610243024302e-01,2.265668617681e-01,8.814672740978e-01,3.890539274893e+00
8.611242124212e-01,2.265931517265e-01,8.815827734913e-01,3.890597605330e+00
8.612241224122e-01,2.266194416849e-01,8.816982820717e-01,3.890655962773e+00
8.613240324032e-01,2.266457316434e-01,8.818137998415e-01,3.890714347222e+00
8.614239423942e-01,2.266720216018e-01,8.819293268033e-01,3.890772758680e+00
8.615238523852e-01,2.266983115602e-01,8.820448629597e-01,3.890831197150e+00
8.616237623762e-01,2.267246015187e-01,8.821604083134e-01,3.890889662632e+00
8.617236723672e-01,2.267508914771e-01,8.822759628669e-01,3.890948155130e+00
8.618235823582e-01,2.267771814355e-01,8.823915266229e-01,3.891006674645e+00
8.619234923492e-01,2.268034713940e-01,8.825070995839e-01,3.891065221180e+00
8.620234023402e-01,2.268297613524e-01,8.826226817526e-01,3.891123794736e+00
8.621233123312e-01,2.268560513108e-01,8.827382731316e-01,3.891182395316e+00
8.622232223222e-01,2.268823412693e-01,8.828538737235e-01,3.891241022922e+00
8.623231323132e-01,2.269086312277e-01,8.829694835309e-01,3.891299677555e+00
8.624230423042e-01,2.269349211861e-01,8.830851025564e-01,3.891358359219e+00
8.625229522952e-01,2.269612111446e-01,8.832007308026e-01,3.891417067915e+00
8.626228622862e-01,2.269875011030e-01,8.833163682722e-01,3.891475803645e+00
8.627227722772e-01,2.270137910614e-01,8.834320149677e-01,3.891534566412e+00
8.628226822682e-01,2.270400810198e-01,8.835476708919e-01,3.891593356217e+00
8.629225922592e-01,2.270663709783e-01,8.836633360473e-01,3.891652173064e+00
8.630225022502e-01,2.270926609367e-01,8.837790104365e-01,3.891711016953e+00
8.631224122412e-01,2.271189508951e-01,8.838946940622e-01,3.891769887887e+00
8.632223222322e-01,2.271452408536e-01,8.840103869270e-01,3.891828785869e+00
8.633222322232e-01,2.271715308120e-01,8.841260890336e-01,3.891887710900e+00
8.634221422142e-01,2.271978207704e-01,8.842418003845e-01,3.891946662983e+00
8.635220522052e-01,2.272241107289e-01,8.843575209824e-01,3.892005642119e+00
8.636219621962e-01,2.272504006873e-01,8.844732508299e-01,3.892064648312e+00
8.637218721872e-01,2.272766906457e-01,8.845889899297e-01,3.892123681563e+00
8.638217821782e-01,2.273029806042e-01,8.847047382843e-01,3.892182741875e+00
8.639216921692e-01,2.273292705626e-01,8.848204958966e-01,3.892241829250e+00
8.640216021602e-01,2.273555605210e-01,8.849362627690e-01,3.892300943689e+00
8.641215121512e-01,2.273818504795e-01,8.850520389042e-01,3.892360085196e+00
8.642214221422e-01,2.274081404379e-01,8.851678243049e-01,3.892419253772e+00
8.643213321332e-01,2.274344303963e-01,8.852836189737e-01,3.892478449419e+00
8.644212421242e-01,2.274607203548e-01,8.853994229133e-01,3.892537672141e+00
8.645211521152e-01,2.274870103132e-01,8.855152361263e-01,3.892596921939e+00
8.646210621062e-01,2.275133002716e-01,8.856310586153e-01,3.892656198815e+00
8.647209720972e-01,2.275395902301e-01,8.857468903830e-01,3.892715502772e+00
8.648208820882e-01,2.275658801885e-01,8.858627314321e-01,3.892774833812e+00
8.649207920792e-01,2.275921701469e-01,8.859785817653e-01,3.892834191938e+00
8.650207020702e-01,2.276184601054e-01,8.860944413851e-01,3.892893577151e+00
8.651206120612e-01,2.276447500638e-01,8.862103102942e-01,3.892952989453e+00
8.652205220522e-01,2.276710400222e-01,8.863261884953e-01,3.893012428848e+00
8.653204320432e-01,2.276973299807e-01,8.864420759911e-01,3.893071895338e+00
8.654203420342e-01,2.277236199391e-01,8.865579727842e-01,3.893131388924e+00
8.655202520252e-01,2.277499098975e-01,8.866738788773e-01,3.893190909609e+00
8.656201620162e-01,2.277761998559e-01,8.867897942730e-01,3.893250457396e+00
8.657200720072e-01,2.278024898144e-01,8.869057189741e-01,3.893310032286e+00
8.658199819982e-01,2.278287797728e-01,8.870216529831e-01,3.893369634283e+00
8.659198919892e-01,2.278550697312e-01,8.871375963028e-01,3.893429263387e+00
8.660198019802e-01,2.278813596897e-01,8.872535489358e-01,3.893488919603e+00
8.661197119712e-01,2.279076496481e-01,8.873695108848e-01,3.893548602932e+00
8.662196219622e-01,2.279339396065e-01,8.874854821525e-01,3.893608313376e+00
8.663195319532e-01,2.279602295650e-01,8.876014627416e-01,3.893668050938e+00
8.664194419442e-01,2.279865195234e-01,8.877174526547e-01,3.893727815620e+00
8.665193519352e-01,2.280128094818e-01,8.878334518945e-01,3.893787607425e+00
8.666192619262e-01,2.280390994403e-01,8.879494604637e-01,3.893847426355e+00
8.667191719172e-01,2.280653893987e-01,8.880654783650e-01,3.893907272412e+00
8.668190819082e-01,2.280916793571e-01,8.881815056010e-01,3.893967145598e+00
8.669189918992e-01,2.281179693156e-01,8.882975421746e-01,3.894027045917e+00
8.670189018902e-01,2.281442592740e-01,8.884135880882e-01,3.894086973371e+00
8.671188118812e-01,2.281705492324e-01,8.885296433447e-01,3.894146927961e+00
8.672187218722e-01,2.281968391909e-01,8.886457079467e-01,3.894206909691e+00
8.673186318632e-01,2.282231291493e-01,8.887617818970e-01,3.894266918563e+00
8.674185418542e-01,2.282494191077e-01,8.888778651981e-01,3.894326954579e+00
8.675184518452e-01,2.282757090662e-01,8.889939578529e-01,3.894387017741e+00
8.676183618362e-01,2.283019990246e-01,8.891100598640e-01,3.894447108053e+00
8.677182718272e-01,2.283282889830e-01,8.892261712341e-01,3.894507225516e+00
8.678181818182e-01,2.283545789415e-01,8.893422919659e-01,3.894567370133e+00
8.679180918092e-01,2.283808688999e-01,8.894584220621e-01,3.894627541907e+00
8.680180018002e-01,2.284071588583e-01,8.895745615255e-01,3.894687740840e+00
8.681179117912e-01,2.284334488168e-01,8.896907103587e-01,3.894747966934e+00
8.682178217822e-01,2.284597387752e-01,8.898068685644e-01,3.894808220192e+00
8.683177317732e-01,2.284860287336e-01,8.899230361454e-01,3.894868500616e+00
8.684176417642e-01,2.285123186920e-01,8.900392131043e-01,3.894928808209e+00
8.685175517552e-01,2.285386086505e-01,8.901553994439e-01,3.894989142974e+00
8.686174617462e-01,2.285648986089e-01,8.902715951670e-01,3.895049504912e+00
8.687173717372e-01,2.285911885673e-01,8.903878002761e-01,3.895109894027e+00
8.688172817282e-01,2.286174785258e-01,8.905040147740e-01,3.895170310321e+00
8.689171917192e-01,2.286437684842e-01,8.906202386635e-01,3.895230753796e+00
8.690171017102e-01,2.286700584426e-01,8.907364719473e-01,3.895291224455e+00
8.691170117012e-01,2.286963484011e-01,8.908527146280e-01,3.895351722301e+00
8.692169216922e-01,2.287226383595e-01,8.909689667085e-01,3.895412247336e+00
8.693168316832e-01,2.287489283179e-01,8.910852281914e-01,3.895472799562e+00
8.694167416742e-01,2.287752182764e-01,8.912014990795e-01,3.895533378982e+00
8.695166516652e-01,2.288015082348e-01,8.913177793755e-01,3.895593985599e+00
8.696165616562e-01,2.288277981932e-01,8.914340690822e-01,3.895654619416e+00
8.697164716472e-01,2.288540881517e-01,8.915503682022e-01,3.895715280434e+00
8.698163816382e-01,2.288803781101e-01,8.916666767383e-01,3.895775968656e+00
8.699162916292e-01,2.289066680685e-01,8.917829946933e-01,3.895836684086e+00
8.700162016202e-01,2.289329580270e-01,8.918993220698e-01,3.895897426725e+00
8.701161116112e-01,2.289592479854e-01,8.920156588707e-01,3.895958196576e+00
8.702160216022e-01,2.289855379438e-01,8.921320050986e-01,3.896018993643e+00
8.703159315932e-01,2.290118279023e-01,8.922483607564e-01,3.896079817926e+00
8.704158415842e-01,2.290381178607e-01,8.923647258467e-01,3.896140669430e+00
8.705157515752e-01,2.290644078191e-01,8.924811003723e-01,3.896201548156e+00
8.706156615662e-01,2.290906977776e-01,8.925974843359e-01,3.896262454107e+00
8.707155715572e-01,2.291169877360e-01,8.927138777404e-01,3.896323387287e+00
8.708154815482e-01,2.291432776944e-01,8.928302805884e-01,3.896384347696e+00
8.709153915392e-01,2.291695676529e-01,8.929466928827e-01,3.896445335340e+00
8.710153015302e-01,2.291958576113e-01,8.930631146261e-01,3.896506350218e+00
8.711152115212e-01,2.292221475697e-01,8.931795458213e-01,3.896567392336e+00
8.712151215122e-01,2.292484375281e-01,8.932959864711e-01,3.896628461694e+00
8.713150315032e-01,2.292747274866e-01,8.934124365783e-01,3.896689558297e+00
8.714149414941e-01,2.293010174450e-01,8.935288961455e-01,3.896750682146e+00
8.715148514851e-01,2.293273074034e-01,8.936453651757e-01,3.896811833244e+00
8.716147614761e-01,2.293535973619e-01,8.937618436714e-01,3.896873011594e+00
8.717146714671e-01,2.293798873203e-01,8.938783316356e-01,3.896934217198e+00
8.718145814581e-01,2.294061772787e-01,8.939948290709e-01,3.896995450060e+00
8.719144914491e-01,2.294324672372e-01,8.941113359802e-01,3.897056710182e+00
8.720144014401e-01,2.294587571956e-01,8.942278523662e-01,3.897117997566e+00
8.721143114311e-01,2.294850471540e-01,8.943443782317e-01,3.897179312216e+00
8.722142214221e-01,2.295113371125e-01,8.944609135795e-01,3.897240654135e+00
8.723141314131e-01,2.295376270709e-01,8.945774584123e-01,3.897302023324e+00
8.724140414041e-01,2.295639170293e-01,8.946940127330e-01,3.897363419786e+00
8.725139513951e-01,2.295902069878e-01,8.948105765442e-01,3.897424843525e+00
8.726138613861e-01,2.296164969462e-01,8.949271498489e-01,3.897486294544e+00
8.727137713771e-01,2.296427869046e-01,8.950437326498e-01,3.897547772844e+00
8.728136813681e-01,2.296690768631e-01,8.951603249496e-01,3.897609278428e+00
8.729135913591e-01,2.296953668215e-01,8.952769267511e-01,3.897670811301e+00
8.730135013501e-01,2.297216567799e-01,8.953935380573e-01,3.897732371463e+00
8.731134113411e-01,2.297479467384e-01,8.955101588707e-01,3.897793958919e+00
8.732133213321e-01,2.297742366968e-01,8.956267891943e-01,3.897855573670e+00
8.733132313231e-01,2.298005266552e-01,8.957434290309e-01,3.897917215720e+00
8.734131413141e-01,2.298268166137e-01,8.958600783831e-01,3.897978885071e+00
8.735130513051e-01,2.298531065721e-01,8.959767372539e-01,3.898040581726e+00
8.736129612961e-01,2.298793965305e-01,8.960934056460e-01,3.898102305689e+00
8.737128712871e-01,2.299056864890e-01,8.962100835623e-01,3.898164056961e+00
8.738127812781e-01,2.299319764474e-01,8.963267710055e-01,3.898225835546e+00
8.739126912691e-01,2.299582664058e-01,8.964434679784e-01,3.898287641447e+00
8.740126012601e-01,2.299845563642e-01,8.965601744839e-01,3.898349474666e+00
8.741125112511e-01,2.300108463227e-01,8.966768905247e-01,3.898411335206e+00
8.742124212421e-01,2.300371362811e-01,8.967936161037e-01,3.898473223070e+00
8.743123312331e-01,2.300634262395e-01,8.969103512237e-01,3.898535138262e+00
8.744122412241e-01,2.300897161980e-01,8.970270958876e-01,3.898597080783e+00
8.745121512151e-01,2.301160061564e-01,8.971438500980e-01,3.898659050636e+00
8.746120612061e-01,2.301422961148e-01,8.972606138579e-01,3.898721047826e+00
8.747119711971e-01,2.301685860733e-01,8.973773871700e-01,3.898783072353e+00
8.748118811881e-01,2.301948760317e-01,8.974941700372e-01,3.898845124223e+00
8.749117911791e-01,2.302211659901e-01,8.976109624623e-01,3.898907203436e+00
8.750117011701e-01,2.302474559486e-01,8.977277644482e-01,3.898969309996e+00
8.751116111611e-01,2.302737459070e-01,8.978445759976e-01,3.899031443907e+00
8.752115211521e-01,2.303000358654e-01,8.979613971134e-01,3.899093605170e+00
8.753114311431e-01,2.303263258239e-01,8.980782277985e-01,3.899155793790e+00
8.754113411341e-01,2.303526157823e-01,8.981950680556e-01,3.899218009768e+00
8.755112511251e-01,2.303789057407e-01,8.983119178876e-01,3.899280253108e+00
8.756111611161e-01,2.304051956992e-01,8.984287772973e-01,3.899342523813e+00
8.757110711071e-01,2.304314856576e-01,8.985456462876e-01,3.899404821886e+00
8.758109810981e-01,2.304577756160e-01,8.986625248613e-01,3.899467147329e+00
8.759108910891e-01,2.304840655745e-01,8.987794130212e-01,3.899529500146e+00
8.760108010801e-01,2.305103555329e-01,8.988963107703e-01,3.899591880340e+00
8.761107110711e-01,2.305366454913e-01,8.990132181113e-01,3.899654287913e+00
8.762106210621e-01,2.305629354498e-01,8.991301350470e-01,3.899716722868e+00
8.763105310531e-01,2.305892254082e-01,8.992470615804e-01,3.899779185210e+00
8.764104410441e-01,2.306155153666e-01,8.993639977144e-01,3.899841674939e+00
8.765103510351e-01,2.306418053251e-01,8.994809434516e-01,3.899904192061e+00
8.766102610261e-01,2.306680952835e-01,8.995978987951e-01,3.899966736577e+00
8.767101710171e-01,2.306943852419e-01,8.997148637476e-01,3.900029308490e+00
8.768100810081e-01,2.307206752003e-01,8.998318383120e-01,3.900091907804e+00
8.769099909991e-01,2.307469651588e-01,8.999488224912e-01,3.900154534522e+00
8.770099009901e-01,2.307732551172e-01,9.000658162881e-01,3.900217188647e+00
8.771098109811e-01,2.307995450756e-01,9.001828197054e-01,3.900279870181e+00
8.772097209721e-01,2.308258350341e-01,9.002998327461e-01,3.900342579128e+00
8.773096309631e-01,2.308521249925e-01,9.004168554131e-01,3.900405315491e+00
8.774095409541e-01,2.308784149509e-01,9.005338877092e-01,3.900468079272e+00
8.775094509451e-01,2.309047049094e-01,9.006509296372e-01,3.900530870476e+00
8.776093609361e-01,2.309309948678e-01,9.007679812001e-01,3.900593689105e+00
8.777092709271e-01,2.309572848262e-01,9.008850424008e-01,3.900656535162e+00
8.778091809181e-01,2.309835747847e-01,9.010021132420e-01,3.900719408650e+00
8.779090909091e-01,2.310098647431e-01,9.011191937267e-01,3.900782309573e+00
8.780090009001e-01,2.310361547015e-01,9.012362838578e-01,3.900845237933e+00
8.781089108911e-01,2.310624446600e-01,9.013533836382e-01,3.900908193734e+00
8.782088208821e-01,2.310887346184e-01,9.014704930707e-01,3.900971176978e+00
8.783087308731e-01,2.311150245768e-01,9.015876121582e-01,3.901034187669e+00
8.784086408641e-01,2.311413145353e-01,9.017047409036e-01,3.901097225810e+00
8.785085508551e-01,2.311676044937e-01,9.018218793099e-01,3.901160291404e+00
8.786084608461e-01,2.311938944521e-01,9.019390273798e-01,3.901223384455e+00
8.787083708371e-01,2.312201844106e-01,9.020561851163e-01,3.901286504964e+00
8.788082808281e-01,2.312464743690e-01,9.021733525223e-01,3.901349652937e+00
8.789081908191e-01,2.312727643274e-01,9.022905296007e-01,3.901412828375e+00
8.790081008101e-01,2.312990542859e-01,9.024077163544e-01,3.901476031282e+00
8.791080108011e-01,2.313253442443e-01,9.025249127862e-01,3.901539261660e+00
8.792079207921e-01,2.313516342027e-01,9.026421188992e-01,3.901602519515e+00
8.793078307831e-01,2.313779241612e-01,9.027593346961e-01,3.901665804847e+00
8.794077407741e-01,2.314042141196e-01,9.028765601799e-01,3.901729117661e+00
8.795076507651e-01,2.314305040780e-01,9.029937953536e-01,3.901792457960e+00
8.796075607561e-01,2.314567940364e-01,9.031110402200e-01,3.901855825748e+00
8.797074707471e-01,2.314830839949e-01,9.032282947820e-01,3.901919221026e+00
8.798073807381e-01,2.315093739533e-01,9.033455590425e-01,3.901982643799e+00
8.799072907291e-01,2.315356639117e-01,9.034628330046e-01,3.902046094069e+00
8.800072007201e-01,2.315619538702e-01,9.035801166710e-01,3.902109571841e+00
8.801071107111e-01,2.315882438286e-01,9.036974100447e-01,3.902173077117e+00
8.802070207021e-01,2.316145337870e-01,9.038147131287e-01,3.902236609900e+00
8.803069306931e-01,2.316408237455e-01,9.039320259258e-01,3.902300170194e+00
8.804068406841e-01,2.316671137039e-01,9.040493484390e-01,3.902363758002e+00
8.805067506751e-01,2.316934036623e-01,9.041666806712e-01,3.902427373327e+00
8.806066606661e-01,2.317196936208e-01,9.042840226254e-01,3.902491016173e+00
8.807065706571e-01,2.317459835792e-01,9.044013743044e-01,3.902554686543e+00
8.808064806481e-01,2.317722735376e-01,9.045187357113e-01,3.902618384439e+00
8.809063906391e-01,2.317985634961e-01,9.046361068488e-01,3.902682109866e+00
8.810063006301e-01,2.318248534545e-01,9.047534877201e-01,3.902745862827e+00
8.811062106211e-01,2.318511434129e-01,9.048708783280e-01,3.902809643325e+00
8.812061206121e-01,2.318774333714e-01,9.049882786755e-01,3.902873451364e+00
8.813060306031e-01,2.319037233298e-01,9.051056887654e-01,3.902937286946e+00
8.814059405941e-01,2.319300132882e-01,9.052231086009e-01,3.903001150075e+00
8.815058505851e-01,2.319563032467e-01,9.053405381847e-01,3.903065040755e+00
8.816057605761e-01,2.319825932051e-01,9.054579775199e-01,3.903128958988e+00
8.817056705671e-01,2.320088831635e-01,9.055754266094e-01,3.903192904778e+00
8.818055805581e-01,2.320351731220e-01,9.056928854561e-01,3.903256878129e+00
8.819054905491e-01,2.320614630804e-01,9.058103540631e-01,3.903320879044e+00
8.820054005401e-01,2.320877530388e-01,9.059278324332e-01,3.903384907525e+00
8.821053105311e-01,2.321140429973e-01,9.060453205695e-01,3.903448963578e+00
8.822052205221e-01,2.321403329557e-01,9.061628184748e-01,3.903513047204e+00
8.823051305131e-01,2.321666229141e-01,9.062803261523e-01,3.903577158408e+00
8.824050405041e-01,2.321929128725e-01,9.063978436047e-01,3.903641297193e+00
8.825049504950e-01,2.322192028310e-01,9.065153708352e-01,3.903705463561e+00
8.826048604860e-01,2.322454927894e-01,9.066329078465e-01,3.903769657518e+00
8.827047704770e-01,2.322717827478e-01,9.067504546419e-01,3.903833879065e+00
8.828046804680e-01,2.322980727063e-01,9.068680112241e-01,3.903898128207e+00
8.829045904590e-01,2.323243626647e-01,9.069855775962e-01,3.903962404947e+00
8.830045004500e-01,2.323506526231e-01,9.071031537612e-01,3.904026709288e+00
8.831044104410e-01,2.323769425816e-01,9.072207397220e-01,3.904091041234e+00
8.832043204320e-01,2.324032325400e-01,9.073383354817e-01,3.904155400788e+00
8.833042304230e-01,2.324295224984e-01,9.074559410431e-01,3.904219787954e+00
8.834041404140e-01,2.324558124569e-01,9.075735564093e-01,3.904284202735e+00
8.835040504050e-01,2.324821024153e-01,9.076911815833e-01,3.904348645135e+00
8.836039603960e-01,2.325083923737e-01,9.078088165681e-01,3.904413115157e+00
8.837038703870e-01,2.325346823322e-01,9.079264613666e-01,3.904477612805e+00
8.838037803780e-01,2.325609722906e-01,9.080441159819e-01,3.904542138082e+00
8.839036903690e-01,2.325872622490e-01,9.081617804169e-01,3.904606690991e+00
8.840036003600e-01,2.326135522075e-01,9.082794546747e-01,3.904671271537e+00
8.841035103510e-01,2.326398421659e-01,9.083971387582e-01,3.904735879723e+00
8.842034203420e-01,2.326661321243e-01,9.085148326704e-01,3.904800515551e+00
8.843033303330e-01,2.326924220828e-01,9.086325364144e-01,3.904865179027e+00
8.844032403240e-01,2.327187120412e-01,9.087502499931e-01,3.904929870153e+00
8.845031503150e-01,2.327450019996e-01,9.088679734097e-01,3.904994588933e+00
8.846030603060e-01,2.327712919581e-01,9.089857066669e-01,3.905059335370e+00
8.847029702970e-01,2.327975819165e-01,9.091034497680e-01,3.905124109468e+00
8.848028802880e-01,2.328238718749e-01,9.092212027158e-01,3.905188911231e+00
8.849027902790e-01,2.328501618333e-01,9.093389655135e-01,3.905253740662e+00
8.850027002700e-01,2.328764517918e-01,9.094567381640e-01,3.905318597765e+00
8.851026102610e-01,2.329027417502e-01,9.095745206704e-01,3.905383482543e+00
8.852025202520e-01,2.329290317086e-01,9.096923130356e-01,3.905448395001e+00
8.853024302430e-01,2.329553216671e-01,9.098101152627e-01,3.905513335140e+00
8.854023402340e-01,2.329816116255e-01,9.099279273547e-01,3.905578302966e+00
8.855022502250e-01,2.330079015839e-01,9.100457493147e-01,3.905643298482e+00
8.856021602160e-01,2.330341915424e-01,9.101635811456e-01,3.905708321691e+00
8.857020702070e-01,2.330604815008e-01,9.102814228506e-01,3.905773372597e+00
8.858019801980e-01,2.330867714592e-01,9.103992744326e-01,3.905838451204e+00
8.859018901890e-01,2.331130614177e-01,9.105171358947e-01,3.905903557516e+00
8.860018001800e-01,2.331393513761e-01,9.106350072399e-01,3.905968691535e+00
8.861017101710e-01,2.331656413345e-01,9.107528884712e-01,3.906033853266e+00
8.862016201620e-01,2.331919312930e-01,9.108707795918e-01,3.906099042713e+00
8.863015301530e-01,2.332182212514e-01,9.109886806046e-01,3.906164259878e+00
8.864014401440e-01,2.332445112098e-01,9.111065915127e-01,3.906229504767e+00
8.865013501350e-01,2.332708011683e-01,9.112245123192e-01,3.906294777381e+00
8.866012601260e-01,2.332970911267e-01,9.113424430270e-01,3.906360077726e+00
8.867011701170e-01,2.333233810851e-01,9.114603836393e-01,3.906425405805e+00
8.868010801080e-01,2.333496710436e-01,9.115783341590e-01,3.906490761621e+00
8.869009900990e-01,2.333759610020e-01,9.116962945894e-01,3.906556145179e+00
8.870009000900e-01,2.334022509604e-01,9.118142649333e-01,3.906621556482e+00
8.871008100810e-01,2.334285409189e-01,9.119322451939e-01,3.906686995533e+00
8.872007200720e-01,2.334548308773e-01,9.120502353743e-01,3.906752462337e+00
8.873006300630e-01,2.334811208357e-01,9.121682354774e-01,3.906817956897e+00
8.874005400540e-01,2.335074107942e-01,9.122862455065e-01,3.906883479217e+00
8.875004500450e-01,2.335337007526e-01,9.124042654645e-01,3.906949029301e+00
8.876003600360e-01,2.335599907110e-01,9.125222953544e-01,3.907014607153e+00
8.877002700270e-01,2.335862806694e-01,9.126403351795e-01,3.907080212776e+00
8.878001800180e-01,2.336125706279e-01,9.127583849427e-01,3.907145846174e+00
8.879000900090e-01,2.336388605863e-01,9.128764446472e-01,3.907211507351e+00
8.880000000000e-01,2.336651505447e-01,9.129945142960e-01,3.907277196311e+00
8.880999099910e-01,2.336914405032e-01,9.131125938922e-01,3.907342913057e+00
8.881998199820e-01,2.337177304616e-01,9.132306834389e-01,3.907408657594e+00
8.882997299730e-01,2.337440204200e-01,9.133487829391e-01,3.907474429925e+00
8.883996399640e-01,2.337703103785e-01,9.134668923960e-01,3.907540230054e+00
8.884995499550e-01,2.337966003369e-01,9.135850118127e-01,3.907606057985e+00
8.885994599460e-01,2.338228902953e-01,9.137031411922e-01,3.907671913721e+00
8.886993699370e-01,2.338491802538e-01,9.138212805376e-01,3.907737797267e+00
8.887992799280e-01,2.338754702122e-01,9.139394298521e-01,3.907803708627e+00
8.888991899190e-01,2.339017601706e-01,9.140575891387e-01,3.907869647804e+00
8.889990999100e-01,2.339280501291e-01,9.141757584006e-01,3.907935614802e+00
8.890990099010e-01,2.339543400875e-01,9.142939376408e-01,3.908001609625e+00
8.891989198920e-01,2.339806300459e-01,9.144121268624e-01,3.908067632278e+00
8.892988298830e-01,2.340069200044e-01,9.145303260686e-01,3.908133682763e+00
8.893987398740e-01,2.340332099628e-01,9.146485352625e-01,3.908199761085e+00
8.894986498650e-01,2.340594999212e-01,9.147667544471e-01,3.908265867247e+00
8.895985598560e-01,2.340857898797e-01,9.148849836256e-01,3.908332001255e+00
8.896984698470e-01,2.341120798381e-01,9.150032228012e-01,3.908398163111e+00
8.897983798380e-01,2.341383697965e-01,9.151214719768e-01,3.908464352819e+00
8.898982898290e-01,2.341646597550e-01,9.152397311557e-01,3.908530570384e+00
8.899981998200e-01,2.341909497134e-01,9.153580003410e-01,3.908596815809e+00
8.900981098110e-01,2.342172396718e-01,9.154762795358e-01,3.908663089098e+00
8.901980198020e-01,2.342435296303e-01,9.155945687432e-01,3.908729390256e+00
8.902979297930e-01,2.342698195887e-01,9.157128679663e-01,3.908795719287e+00
8.903978397840e-01,2.342961095471e-01,9.158311772083e-01,3.908862076193e+00
8.904977497750e-01,2.343223995055e-01,9.159494964724e-01,3.908928460980e+00
8.905976597660e-01,2.343486894640e-01,9.160678257615e-01,3.908994873651e+00
8.906975697570e-01,2.343749794224e-01,9.161861650790e-01,3.909061314210e+00
8.907974797480e-01,2.344012693808e-01,9.163045144279e-01,3.909127782662e+00
8.908973897390e-01,2.344275593393e-01,9.164228738114e-01,3.909194279010e+00
8.909972997300e-01,2.344538492977e-01,9.165412432326e-01,3.909260803259e+00
8.910972097210e-01,2.344801392561e-01,9.166596226947e-01,3.909327355411e+00
8.911971197120e-01,2.345064292146e-01,9.167780122008e-01,3.909393935473e+00
8.912970297030e-01,2.345327191730e-01,9.168964117540e-01,3.909460543446e+00
8.913969396940e-01,2.345590091314e-01,9.170148213576e-01,3.909527179336e+00
8.914968496850e-01,2.345852990899e-01,9.171332410146e-01,3.909593843147e+00
8.915967596760e-01,2.346115890483e-01,9.172516707283e-01,3.909660534883e+00
8.916966696670e-01,2.346378790067e-01,9.173701105018e-01,3.909727254547e+00
8.917965796580e-01,2.346641689652e-01,9.174885603382e-01,3.909794002145e+00
8.918964896490e-01,2.346904589236e-01,9.176070202408e-01,3.909860777679e+00
8.919963996400e-01,2.347167488820e-01,9.177254902126e-01,3.909927581154e+00
8.920963096310e-01,2.347430388405e-01,9.178439702569e-01,3.909994412574e+00
8.921962196220e-01,2.347693287989e-01,9.179624603769e-01,3.910061271944e+00
8.922961296130e-01,2.347956187573e-01,9.180809605756e-01,3.910128159267e+00
8.923960396040e-01,2.348219087158e-01,9.181994708563e-01,3.910195074548e+00
8.924959495950e-01,2.348481986742e-01,9.183179912222e-01,3.910262017790e+00
8.925958595860e-01,2.348744886326e-01,9.184365216764e-01,3.910328988999e+00
8.926957695770e-01,2.349007785911e-01,9.185550622221e-01,3.910395988177e+00
8.927956795680e-01,2.349270685495e-01,9.186736128626e-01,3.910463015330e+00
8.928955895590e-01,2.349533585079e-01,9.187921736009e-01,3.910530070461e+00
8.929954995500e-01,2.349796484664e-01,9.189107444403e-01,3.910597153574e+00
8.930954095410e-01,2.350059384248e-01,9.190293253840e-01,3.910664264674e+00
8.931953195320e-01,2.350322283832e-01,9.191479164352e-01,3.910731403765e+00
8.932952295230e-01,2.350585183416e-01,9.192665175970e-01,3.910798570852e+00
8.933951395140e-01,2.350848083001e-01,9.193851288727e-01,3.910865765937e+00
8.934950495050e-01,2.351110982585e-01,9.195037502655e-01,3.910932989027e+00
8.935949594959e-01,2.351373882169e-01,9.196223817785e-01,3.911000240124e+00
8.936948694869e-01,2.351636781754e-01,9.197410234150e-01,3.911067519233e+00
8.937947794779e-01,2.351899681338e-01,9.198596751782e-01,3.911134826358e+00
8.938946894689e-01,2.352162580922e-01,9.199783370713e-01,3.911202161504e+00
8.939945994599e-01,2.352425480507e-01,9.200970090974e-01,3.911269524675e+00
8.940945094509e-01,2.352688380091e-01,9.202156912599e-01,3.911336915875e+00
8.941944194419e-01,2.352951279675e-01,9.203343835620e-01,3.911404335108e+00
8.942943294329e-01,2.353214179260e-01,9.204530860067e-01,3.911471782379e+00
8.943942394239e-01,2.353477078844e-01,9.205717985975e-01,3.911539257691e+00
8.944941494149e-01,2.353739978428e-01,9.206905213375e-01,3.911606761050e+00
8.945940594059e-01,2.354002878013e-01,9.208092542299e-01,3.911674292460e+00
8.946939693969e-01,2.354265777597e-01,9.209279972779e-01,3.911741851924e+00
8.947938793879e-01,2.354528677181e-01,9.210467504848e-01,3.911809439448e+00
8.948937893789e-01,2.354791576766e-01,9.211655138539e-01,3.911877055035e+00
8.949936993699e-01,2.355054476350e-01,9.212842873883e-01,3.911944698690e+00
8.950936093609e-01,2.355317375934e-01,9.214030710913e-01,3.912012370417e+00
8.951935193519e-01,2.355580275519e-01,9.215218649661e-01,3.912080070221e+00
8.952934293429e-01,2.355843175103e-01,9.216406690160e-01,3.912147798105e+00
8.953933393339e-01,2.356106074687e-01,9.217594832442e-01,3.912215554075e+00
8.954932493249e-01,2.356368974272e-01,9.218783076540e-01,3.912283338135e+00
8.955931593159e-01,2.356631873856e-01,9.219971422486e-01,3.912351150288e+00
8.956930693069e-01,2.356894773440e-01,9.221159870313e-01,3.912418990540e+00
8.957929792979e-01,2.357157673025e-01,9.222348420053e-01,3.912486858895e+00
8.958928892889e-01,2.357420572609e-01,9.223537071739e-01,3.912554755358e+00
8.959927992799e-01,2.357683472193e-01,9.224725825403e-01,3.912622679932e+00
8.960927092709e-01,2.357946371777e-01,9.225914681078e-01,3.912690632622e+00
8.961926192619e-01,2.358209271362e-01,9.227103638797e-01,3.912758613432e+00
8.962925292529e-01,2.358472170946e-01,9.228292698592e-01,3.912826622368e+00
8.963924392439e-01,2.358735070530e-01,9.229481860496e-01,3.912894659433e+00
8.964923492349e-01,2.358997970115e-01,9.230671124542e-01,3.912962724632e+00
8.965922592259e-01,2.359260869699e-01,9.231860490762e-01,3.913030817969e+00
8.966921692169e-01,2.359523769283e-01,9.233049959189e-01,3.913098939450e+00
8.967920792079e-01,2.359786668868e-01,9.234239529856e-01,3.913167089077e+00
8.968919891989e-01,2.360049568452e-01,9.235429202796e-01,3.913235266857e+00
8.969918991899e-01,2.360312468036e-01,9.236618978042e-01,3.913303472792e+00
8.970918091809e-01,2.360575367621e-01,9.237808855626e-01,3.913371706889e+00
8.971917191719e-01,2.360838267205e-01,9.238998835581e-01,3.913439969151e+00
8.972916291629e-01,2.361101166789e-01,9.240188917941e-01,3.913508259583e+00
8.973915391539e-01,2.361364066374e-01,9.241379102738e-01,3.913576578189e+00
8.974914491449e-01,2.361626965958e-01,9.242569390004e-01,3.913644924975e+00
8.975913591359e-01,2.361889865542e-01,9.243759779774e-01,3.913713299943e+00
8.976912691269e-01,2.362152765127e-01,9.244950272080e-01,3.913781703100e+00
8.977911791179e-01,2.362415664711e-01,9.246140866955e-01,3.913850134450e+00
8.978910891089e-01,2.362678564295e-01,9.247331564432e-01,3.913918593996e+00
8.979909990999e-01,2.362941463880e-01,9.248522364544e-01,3.913987081745e+00
8.980909090909e-01,2.363204363464e-01,9.249713267325e-01,3.914055597700e+00
8.981908190819e-01,2.363467263048e-01,9.250904272806e-01,3.914124141866e+00
8.982907290729e-01,2.363730162633e-01,9.252095381023e-01,3.914192714247e+00
8.983906390639e-01,2.363993062217e-01,9.253286592007e-01,3.914261314849e+00
8.984905490549e-01,2.364255961801e-01,9.254477905792e-01,3.914329943675e+00
8.985904590459e-01,2.364518861386e-01,9.255669322411e-01,3.914398600732e+00
8.986903690369e-01,2.364781760970e-01,9.256860841897e-01,3.914467286022e+00
8.987902790279e-01,2.365044660554e-01,9.258052464284e-01,3.914535999551e+00
8.988901890189e-01,2.365307560138e-01,9.259244189605e-01,3.914604741323e+00
8.989900990099e-01,2.365570459723e-01,9.260436017893e-01,3.914673511343e+00
8.990900090009e-01,2.365833359307e-01,9.261627949182e-01,3.914742309616e+00
8.991899189919e-01,2.366096258891e-01,9.262819983504e-01,3.914811136147e+00
8.992898289829e-01,2.366359158476e-01,9.264012120894e-01,3.914879990940e+00
8.993897389739e-01,2.366622058060e-01,9.265204361384e-01,3.914948873999e+00
8.994896489649e-01,2.366884957644e-01,9.266396705009e-01,3.915017785330e+00
8.995895589559e-01,2.367147857229e-01,9.267589151801e-01,3.915086724938e+00
8.996894689469e-01,2.367410756813e-01,9.268781701794e-01,3.915155692826e+00
8.997893789379e-01,2.367673656397e-01,9.269974355022e-01,3.915224689000e+00
8.998892889289e-01,2.367936555982e-01,9.271167111518e-01,3.915293713465e+00
8.999891989199e-01,2.368199455566e-01,9.272359971316e-01,3.915362766224e+00
9.000891089109e-01,2.368462355150e-01,9.273552934449e-01,3.915431847284e+00
9.001890189019e-01,2.368725254735e-01,9.274746000951e-01,3.915500956648e+00
9.002889288929e-01,2.368988154319e-01,9.275939170855e-01,3.915570094322e+00
9.003888388839e-01,2.369251053903e-01,9.277132444196e-01,3.915639260310e+00
9.004887488749e-01,2.369513953488e-01,9.278325821006e-01,3.915708454618e+00
9.005886588659e-01,2.369776853072e-01,9.279519301320e-01,3.915777677249e+00
9.006885688569e-01,2.370039752656e-01,9.280712885172e-01,3.915846928209e+00
9.007884788479e-01,2.370302652241e-01,9.281906572594e-01,3.915916207502e+00
9.008883888389e-01,2.370565551825e-01,9.283100363621e-01,3.915985515134e+00
9.009882988299e-01,2.370828451409e-01,9.284294258287e-01,3.916054851109e+00
9.010882088209e-01,2.371091350994e-01,9.285488256626e-01,3.916124215431e+00
9.011881188119e-01,2.371354250578e-01,9.286682358671e-01,3.916193608107e+00
9.012880288029e-01,2.371617150162e-01,9.287876564456e-01,3.916263029141e+00
9.013879387939e-01,2.371880049747e-01,9.289070874015e-01,3.916332478537e+00
9.014878487849e-01,2.372142949331e-01,9.290265287383e-01,3.916401956300e+00
9.015877587759e-01,2.372405848915e-01,9.291459804592e-01,3.916471462436e+00
9.016876687669e-01,2.372668748499e-01,9.292654425678e-01,3.916540996949e+00
9.017875787579e-01,2.372931648084e-01,9.293849150673e-01,3.916610559844e+00
9.018874887489e-01,2.373194547668e-01,9.295043979613e-01,3.916680151126e+00
9.019873987399e-01,2.373457447252e-01,9.296238912531e-01,3.916749770801e+00
9.020873087309e-01,2.373720346837e-01,9.297433949462e-01,3.916819418872e+00
9.021872187219e-01,2.373983246421e-01,9.298629090439e-01,3.916889095345e+00
9.022871287129e-01,2.374246146005e-01,9.299824335496e-01,3.916958800225e+00
9.023870387039e-01,2.374509045590e-01,9.301019684668e-01,3.917028533517e+00
9.024869486949e-01,2.374771945174e-01,9.302215137989e-01,3.917098295225e+00
9.025868586859e-01,2.375034844758e-01,9.303410695493e-01,3.917168085355e+00
9.026867686769e-01,2.375297744343e-01,9.304606357215e-01,3.917237903912e+00
9.027866786679e-01,2.375560643927e-01,9.305802123188e-01,3.917307750900e+00
9.028865886589e-01,2.375823543511e-01,9.306997993448e-01,3.917377626325e+00
9.029864986499e-01,2.376086443096e-01,9.308193968027e-01,3.917447530192e+00
9.030864086409e-01,2.376349342680e-01,9.309390046962e-01,3.917517462505e+00
9.031863186319e-01,2.376612242264e-01,9.310586230285e-01,3.917587423270e+00
9.032862286229e-01,2.376875141849e-01,9.311782518032e-01,3.917657412492e+00
9.033861386139e-01,2.377138041433e-01,9.312978910236e-01,3.917727430176e+00
9.034860486049e-01,2.377400941017e-01,9.314175406933e-01,3.917797476326e+00
9.035859585959e-01,2.377663840602e-01,9.315372008157e-01,3.917867550949e+00
9.036858685869e-01,2.377926740186e-01,9.316568713942e-01,3.917937654048e+00
9.037857785779e-01,2.378189639770e-01,9.317765524323e-01,3.918007785630e+00
9.038856885689e-01,2.378452539355e-01,9.318962439335e-01,3.918077945698e+00
9.039855985599e-01,2.378715438939e-01,9.320159459011e-01,3.918148134259e+00
9.040855085509e-01,2.378978338523e-01,9.321356583387e-01,3.918218351317e+00
9.041854185419e-01,2.379241238108e-01,9.322553812498e-01,3.918288596878e+00
9.042853285329e-01,2.379504137692e-01,9.323751146377e-01,3.918358870946e+00
9.043852385239e-01,2.379767037276e-01,9.324948585060e-01,3.918429173527e+00
9.044851485149e-01,2.380029936860e-01,9.326146128582e-01,3.918499504626e+00
9.045850585059e-01,2.380292836445e-01,9.327343776976e-01,3.918569864247e+00
9.046849684968e-01,2.380555736029e-01,9.328541530279e-01,3.918640252397e+00
9.047848784878e-01,2.380818635613e-01,9.329739388524e-01,3.918710669081e+00
9.048847884788e-01,2.381081535198e-01,9.330937351747e-01,3.918781114302e+00
9.049846984698e-01,2.381344434782e-01,9.332135419982e-01,3.918851588068e+00
9.050846084608e-01,2.381607334366e-01,9.333333593264e-01,3.918922090382e+00
9.051845184518e-01,2.381870233951e-01,9.334531871629e-01,3.918992621250e+00
9.052844284428e-01,2.382133133535e-01,9.335730255111e-01,3.919063180678e+00
9.053843384338e-01,2.382396033119e-01,9.336928743745e-01,3.919133768670e+00
9.054842484248e-01,2.382658932704e-01,9.338127337565e-01,3.919204385232e+00
9.055841584158e-01,2.382921832288e-01,9.339326036608e-01,3.919275030369e+00
9.056840684068e-01,2.383184731872e-01,9.340524840909e-01,3.919345704087e+00
9.057839783978e-01,2.383447631457e-01,9.341723750501e-01,3.919416406389e+00
9.058838883888e-01,2.383710531041e-01,9.342922765421e-01,3.919487137283e+00
9.059837983798e-01,2.383973430625e-01,9.344121885703e-01,3.919557896772e+00
9.060837083708e-01,2.384236330210e-01,9.345321111383e-01,3.919628684863e+00
9.061836183618e-01,2.384499229794e-01,9.346520442495e-01,3.919699501561e+00
9.062835283528e-01,2.384762129378e-01,9.347719879076e-01,3.919770346870e+00
9.063834383438e-01,2.385025028963e-01,9.348919421160e-01,3.919841220797e+00
9.064833483348e-01,2.385287928547e-01,9.350119068782e-01,3.919912123346e+00
9.065832583258e-01,2.385550828131e-01,9.351318821978e-01,3.919983054523e+00
9.066831683168e-01,2.385813727716e-01,9.352518680784e-01,3.920054014334e+00
9.067830783078e-01,2.386076627300e-01,9.353718645233e-01,3.920125002783e+00
9.068829882988e-01,2.386339526884e-01,9.354918715363e-01,3.920196019876e+00
9.069828982898e-01,2.386602426469e-01,9.356118891208e-01,3.920267065618e+00
9.070828082808e-01,2.386865326053e-01,9.357319172803e-01,3.920338140015e+00
9.071827182718e-01,2.387128225637e-01,9.358519560185e-01,3.920409243072e+00
9.072826282628e-01,2.387391125221e-01,9.359720053388e-01,3.920480374794e+00
9.073825382538e-01,2.387654024806e-01,9.360920652449e-01,3.920551535187e+00
9.074824482448e-01,2.387916924390e-01,9.362121357402e-01,3.920622724257e+00
9.075823582358e-01,2.388179823974e-01,9.363322168283e-01,3.920693942008e+00
9.076822682268e-01,2.388442723559e-01,9.364523085129e-01,3.920765188447e+00
9.077821782178e-01,2.388705623143e-01,9.365724107973e-01,3.920836463578e+00
9.078820882088e-01,2.388968522727e-01,9.366925236853e-01,3.920907767407e+00
9.079819981998e-01,2.389231422312e-01,9.368126471804e-01,3.920979099940e+00
9.080819081908e-01,2.389494321896e-01,9.369327812861e-01,3.921050461182e+00
9.081818181818e-01,2.389757221480e-01,9.370529260061e-01,3.921121851138e+00
9.082817281728e-01,2.390020121065e-01,9.371730813438e-01,3.921193269814e+00
9.083816381638e-01,2.390283020649e-01,9.372932473030e-01,3.921264717215e+00
9.084815481548e-01,2.390545920233e-01,9.374134238871e-01,3.921336193348e+00
9.085814581458e-01,2.390808819818e-01,9.375336110997e-01,3.921407698217e+00
9.086813681368e-01,2.391071719402e-01,9.376538089445e-01,3.921479231828e+00
9.087812781278e-01,2.391334618986e-01,9.377740174250e-01,3.921550794186e+00
9.088811881188e-01,2.391597518571e-01,9.378942365449e-01,3.921622385298e+00
9.089810981098e-01,2.391860418155e-01,9.380144663076e-01,3.921694005168e+00
9.090810081008e-01,2.392123317739e-01,9.381347067169e-01,3.921765653802e+00
9.091809180918e-01,2.392386217324e-01,9.382549577763e-01,3.921837331206e+00
9.092808280828e-01,2.392649116908e-01,9.383752194895e-01,3.921909037386e+00
9.093807380738e-01,2.392912016492e-01,9.384954918600e-01,3.921980772347e+00
9.094806480648e-01,2.393174916077e-01,9.386157748914e-01,3.922052536094e+00
9.095805580558e-01,2.393437815661e-01,9.387360685874e-01,3.922124328633e+00
9.096804680468e-01,2.393700715245e-01,9.388563729515e-01,3.922196149970e+00
9.097803780378e-01,2.393963614829e-01,9.389766879875e-01,3.922268000111e+00
9.098802880288e-01,2.394226514414e-01,9.390970136989e-01,3.922339879060e+00
9.099801980198e-01,2.394489413998e-01,9.392173500893e-01,3.922411786824e+00
9.100801080108e-01,2.394752313582e-01,9.393376971624e-01,3.922483723409e+00
9.101800180018e-01,2.395015213167e-01,9.394580549218e-01,3.922555688820e+00
9.102799279928e-01,2.395278112751e-01,9.395784233711e-01,3.922627683062e+00
9.103798379838e-01,2.395541012335e-01,9.396988025140e-01,3.922699706142e+00
9.104797479748e-01,2.395803911920e-01,9.398191923542e-01,3.922771758066e+00
9.105796579658e-01,2.396066811504e-01,9.399395928952e-01,3.922843838837e+00
9.106795679568e-01,2.396329711088e-01,9.400600041407e-01,3.922915948464e+00
9.107794779478e-01,2.396592610673e-01,9.401804260943e-01,3.922988086951e+00
9.108793879388e-01,2.396855510257e-01,9.403008587598e-01,3.923060254304e+00
9.109792979298e-01,2.397118409841e-01,9.404213021407e-01,3.923132450528e+00
9.110792079208e-01,2.397381309426e-01,9.405417562407e-01,3.923204675630e+00
9.111791179118e-01,2.397644209010e-01,9.406622210636e-01,3.923276929616e+00
9.112790279028e-01,2.397907108594e-01,9.407826966128e-01,3.923349212490e+00
9.113789378938e-01,2.398170008179e-01,9.409031828922e-01,3.923421524260e+00
9.114788478848e-01,2.398432907763e-01,9.410236799054e-01,3.923493864930e+00
9.115787578758e-01,2.398695807347e-01,9.411441876560e-01,3.923566234506e+00
9.116786678668e-01,2.398958706932e-01,9.412647061477e-01,3.923638632995e+00
9.117785778578e-01,2.399221606516e-01,9.413852353842e-01,3.923711060402e+00
9.118784878488e-01,2.399484506100e-01,9.415057753693e-01,3.923783516733e+00
9.119783978398e-01,2.399747405685e-01,9.416263261065e-01,3.923856001994e+00
9.120783078308e-01,2.400010305269e-01,9.417468875995e-01,3.923928516190e+00
9.121782178218e-01,2.400273204853e-01,9.418674598521e-01,3.924001059328e+00
9.122781278128e-01,2.400536104438e-01,9.419880428680e-01,3.924073631414e+00
9.123780378038e-01,2.400799004022e-01,9.421086366508e-01,3.924146232452e+00
9.124779477948e-01,2.401061903606e-01,9.422292412042e-01,3.924218862450e+00
9.125778577858e-01,2.401324803190e-01,9.423498565320e-01,3.924291521413e+00
9.126777677768e-01,2.401587702775e-01,9.424704826378e-01,3.924364209347e+00
9.127776777678e-01,2.401850602359e-01,9.425911195254e-01,3.924436926258e+00
9.128775877588e-01,2.402113501943e-01,9.427117671984e-01,3.924509672152e+00
9.129774977498e-01,2.402376401528e-01,9.428324256607e-01,3.924582447035e+00
9.130774077408e-01,2.402639301112e-01,9.429530949158e-01,3.924655250912e+00
9.131773177318e-01,2.402902200696e-01,9.430737749676e-01,3.924728083791e+00
9.132772277228e-01,2.403165100281e-01,9.431944658197e-01,3.924800945676e+00
9.133771377138e-01,2.403427999865e-01,9.433151674758e-01,3.924873836573e+00
9.134770477048e-01,2.403690899449e-01,9.434358799398e-01,3.924946756490e+00
9.135769576958e-01,2.403953799034e-01,9.435566032153e-01,3.925019705431e+00
9.136768676868e-01,2.404216698618e-01,9.436773373061e-01,3.925092683403e+00
9.137767776778e-01,2.404479598202e-01,9.437980822159e-01,3.925165690412e+00
9.138766876688e-01,2.404742497787e-01,9.439188379485e-01,3.925238726463e+00
9.139765976598e-01,2.405005397371e-01,9.440396045075e-01,3.925311791564e+00
9.140765076508e-01,2.405268296955e-01,9.441603818968e-01,3.925384885719e+00
9.141764176418e-01,2.405531196540e-01,9.442811701201e-01,3.925458008936e+00
9.142763276328e-01,2.405794096124e-01,9.444019691812e-01,3.925531161219e+00
9.143762376238e-01,2.406056995708e-01,9.445227790837e-01,3.925604342576e+00
9.144761476148e-01,2.406319895293e-01,9.446435998316e-01,3.925677553012e+00
9.145760576058e-01,2.406582794877e-01,9.447644314284e-01,3.925750792533e+00
9.146759675968e-01,2.406845694461e-01,9.448852738781e-01,3.925824061146e+00
9.147758775878e-01,2.407108594046e-01,9.450061271844e-01,3.925897358856e+00
9.148757875788e-01,2.407371493630e-01,9.451269913510e-01,3.925970685671e+00
9.149756975698e-01,2.407634393214e-01,9.452478663817e-01,3.926044041595e+00
9.150756075608e-01,2.407897292799e-01,9.453687522804e-01,3.926117426635e+00
9.151755175518e-01,2.408160192383e-01,9.454896490507e-01,3.926190840798e+00
9.152754275428e-01,2.408423091967e-01,9.456105566965e-01,3.926264284089e+00
9.153753375338e-01,2.408685991551e-01,9.457314752216e-01,3.926337756514e+00
9.154752475248e-01,2.408948891136e-01,9.458524046297e-01,3.926411258081e+00
9.155751575158e-01,2.409211790720e-01,9.459733449247e-01,3.926484788794e+00
9.156750675068e-01,2.409474690304e-01,9.460942961103e-01,3.926558348661e+00
9.157749774977e-01,2.409737589889e-01,9.462152581904e-01,3.926631937688e+00
9.158748874887e-01,2.410000489473e-01,9.463362311687e-01,3.926705555880e+00
9.159747974797e-01,2.410263389057e-01,9.464572150491e-01,3.926779203244e+00
9.160747074707e-01,2.410526288642e-01,9.465782098354e-01,3.926852879787e+00
9.161746174617e-01,2.410789188226e-01,9.466992155314e-01,3.926926585514e+00
9.162745274527e-01,2.411052087810e-01,9.468202321409e-01,3.927000320432e+00
9.163744374437e-01,2.411314987395e-01,9.469412596677e-01,3.927074084547e+00
9.164743474347e-01,2.411577886979e-01,9.470622981157e-01,3.927147877865e+00
9.165742574257e-01,2.411840786563e-01,9.471833474886e-01,3.927221700394e+00
9.166741674167e-01,2.412103686148e-01,9.473044077904e-01,3.927295552138e+00
9.167740774077e-01,2.412366585732e-01,9.474254790249e-01,3.927369433105e+00
9.168739873987e-01,2.412629485316e-01,9.475465611958e-01,3.927443343301e+00
9.169738973897e-01,2.412892384901e-01,9.476676543070e-01,3.927517282732e+00
9.170738073807e-01,2.413155284485e-01,9.477887583625e-01,3.927591251405e+00
9.171737173717e-01,2.413418184069e-01,9.479098733659e-01,3.927665249325e+00
9.172736273627e-01,2.413681083654e-01,9.480309993212e-01,3.927739276500e+00
9.173735373537e-01,2.413943983238e-01,9.481521362323e-01,3.927813332936e+00
9.174734473447e-01,2.414206882822e-01,9.482732841029e-01,3.927887418639e+00
9.175733573357e-01,2.414469782407e-01,9.483944429369e-01,3.927961533615e+00
9.176732673267e-01,2.414732681991e-01,9.485156127383e-01,3.928035677872e+00
9.177731773177e-01,2.414995581575e-01,9.486367935109e-01,3.928109851415e+00
9.178730873087e-01,2.415258481160e-01,9.487579852584e-01,3.928184054251e+00
9.179729972997e-01,2.415521380744e-01,9.488791879849e-01,3.928258286386e+00
9.180729072907e-01,2.415784280328e-01,9.490004016942e-01,3.928332547827e+00
9.181728172817e-01,2.416047179912e-01,9.491216263902e-01,3.928406838581e+00
9.182727272727e-01,2.416310079497e-01,9.492428620767e-01,3.928481158653e+00
9.183726372637e-01,2.416572979081e-01,9.493641087577e-01,3.928555508051e+00
9.184725472547e-01,2.416835878665e-01,9.494853664370e-01,3.928629886781e+00
9.185724572457e-01,2.417098778250e-01,9.496066351185e-01,3.928704294850e+00
9.186723672367e-01,2.417361677834e-01,9.497279148062e-01,3.928778732263e+00
9.187722772277e-01,2.417624577418e-01,9.498492055039e-01,3.928853199028e+00
9.188721872187e-01,2.417887477003e-01,9.499705072155e-01,3.928927695151e+00
9.189720972097e-01,2.418150376587e-01,9.500918199449e-01,3.929002220639e+00
9.190720072007e-01,2.418413276171e-01,9.502131436961e-01,3.929076775498e+00
9.191719171917e-01,2.418676175756e-01,9.503344784730e-01,3.929151359735e+00
9.192718271827e-01,2.418939075340e-01,9.504558242794e-01,3.929225973357e+00
9.193717371737e-01,2.419201974924e-01,9.505771811193e-01,3.929300616370e+00
9.194716471647e-01,2.419464874509e-01,9.506985489967e-01,3.929375288781e+00
9.195715571557e-01,2.419727774093e-01,9.508199279154e-01,3.929449990596e+00
9.196714671467e-01,2.419990673677e-01,9.509413178794e-01,3.929524721822e+00
9.197713771377e-01,2.420253573262e-01,9.510627188925e-01,3.929599482466e+00
9.198712871287e-01,2.420516472846e-01,9.511841309589e-01,3.929674272535e+00
9.199711971197e-01,2.420779372430e-01,9.513055540823e-01,3.929749092034e+00
9.200711071107e-01,2.421042272015e-01,9.514269882668e-01,3.929823940972e+00
9.201710171017e-01,2.421305171599e-01,9.515484335162e-01,3.929898819354e+00
9.202709270927e-01,2.421568071183e-01,9.516698898346e-01,3.929973727188e+00
9.203708370837e-01,2.421830970768e-01,9.517913572259e-01,3.930048664479e+00
9.204707470747e-01,2.422093870352e-01,9.519128356940e-01,3.930123631235e+00
9.205706570657e-01,2.422356769936e-01,9.520343252430e-01,3.930198627463e+00
9.206705670567e-01,2.422619669521e-01,9.521558258767e-01,3.930273653170e+00
9.207704770477e-01,2.422882569105e-01,9.522773375991e-01,3.930348708361e+00
9.208703870387e-01,2.423145468689e-01,9.523988604143e-01,3.930423793044e+00
9.209702970297e-01,2.423408368273e-01,9.525203943262e-01,3.930498907226e+00
9.210702070207e-01,2.423671267858e-01,9.526419393387e-01,3.930574050914e+00
9.211701170117e-01,2.423934167442e-01,9.527634954559e-01,3.930649224114e+00
9.212700270027e-01,2.424197067026e-01,9.528850626817e-01,3.930724426833e+00
9.213699369937e-01,2.424459966611e-01,9.530066410202e-01,3.930799659078e+00
9.214698469847e-01,2.424722866195e-01,9.531282304752e-01,3.930874920856e+00
9.215697569757e-01,2.424985765779e-01,9.532498310509e-01,3.930950212174e+00
9.216696669667e-01,2.425248665364e-01,9.533714427512e-01,3.931025533038e+00
9.217695769577e-01,2.425511564948e-01,9.534930655801e-01,3.931100883457e+00
9.218694869487e-01,2.425774464532e-01,9.536146995417e-01,3.931176263435e+00
9.219693969397e-01,2.426037364117e-01,9.537363446399e-01,3.931251672981e+00
9.220693069307e-01,2.426300263701e-01,9.538580008788e-01,3.931327112102e+00
9.221692169217e-01,2.426563163285e-01,9.539796682623e-01,3.931402580804e+00
9.222691269127e-01,2.426826062870e-01,9.541013467945e-01,3.931478079094e+00
9.223690369037e-01,2.427088962454e-01,9.542230364794e-01,3.931553606979e+00
9.224689468947e-01,2.427351862038e-01,9.543447373211e-01,3.931629164466e+00
9.225688568857e-01,2.427614761623e-01,9.544664493236e-01,3.931704751563e+00
9.226687668767e-01,2.427877661207e-01,9.545881724908e-01,3.931780368276e+00
9.227686768677e-01,2.428140560791e-01,9.547099068270e-01,3.931856014612e+00
9.228685868587e-01,2.428403460376e-01,9.548316523360e-01,3.931931690578e+00
9.229684968497e-01,2.428666359960e-01,9.549534090219e-01,3.932007396181e+00
9.230684068407e-01,2.428929259544e-01,9.550751768889e-01,3.932083131429e+00
9.231683168317e-01,2.429192159129e-01,9.551969559409e-01,3.932158896329e+00
9.232682268227e-01,2.429455058713e-01,9.553187461820e-01,3.932234690886e+00
9.233681368137e-01,2.429717958297e-01,9.554405476163e-01,3.932310515110e+00
9.234680468047e-01,2.429980857882e-01,9.555623602478e-01,3.932386369006e+00
9.235679567957e-01,2.430243757466e-01,9.556841840806e-01,3.932462252581e+00
9.236678667867e-01,2.430506657050e-01,9.558060191188e-01,3.932538165844e+00
9.237677767777e-01,2.430769556634e-01,9.559278653664e-01,3.932614108801e+00
9.238676867687e-01,2.431032456219e-01,9.560497228275e-01,3.932690081459e+00
9.239675967597e-01,2.431295355803e-01,9.561715915063e-01,3.932766083825e+00
9.240675067507e-01,2.431558255387e-01,9.562934714067e-01,3.932842115906e+00
9.241674167417e-01,2.431821154972e-01,9.564153625330e-01,3.932918177711e+00
9.242673267327e-01,2.432084054556e-01,9.565372648891e-01,3.932994269245e+00
9.243672367237e-01,2.432346954140e-01,9.566591784792e-01,3.933070390516e+00
9.244671467147e-01,2.432609853725e-01,9.567811033073e-01,3.933146541532e+00
9.245670567057e-01,2.432872753309e-01,9.569030393777e-01,3.933222722299e+00
9.246669666967e-01,2.433135652893e-01,9.570249866943e-01,3.933298932825e+00
9.247668766877e-01,2.433398552478e-01,9.571469452614e-01,3.933375173117e+00
9.248667866787e-01,2.433661452062e-01,9.572689150830e-01,3.933451443182e+00
9.249666966697e-01,2.433924351646e-01,9.573908961632e-01,3.933527743028e+00
9.250666066607e-01,2.434187251231e-01,9.575128885062e-01,3.933604072661e+00
9.251665166517e-01,2.434450150815e-01,9.576348921160e-01,3.933680432090e+00
9.252664266427e-01,2.434713050399e-01,9.577569069969e-01,3.933756821322e+00
9.253663366337e-01,2.434975949984e-01,9.578789331530e-01,3.933833240363e+00
9.254662466247e-01,2.435238849568e-01,9.580009705883e-01,3.933909689221e+00
9.255661566157e-01,2.435501749152e-01,9.581230193071e-01,3.933986167904e+00
9.256660666067e-01,2.435764648737e-01,9.582450793135e-01,3.934062676419e+00
9.257659765977e-01,2.436027548321e-01,9.583671506116e-01,3.934139214773e+00
9.258658865887e-01,2.436290447905e-01,9.584892332056e-01,3.934215782974e+00
9.259657965797e-01,2.436553347490e-01,9.586113270997e-01,3.934292381028e+00
9.260657065707e-01,2.436816247074e-01,9.587334322980e-01,3.934369008945e+00
9.261656165617e-01,2.437079146658e-01,9.588555488046e-01,3.934445666730e+00
9.262655265527e-01,2.437342046243e-01,9.589776766238e-01,3.934522354391e+00
9.263654365437e-01,2.437604945827e-01,9.590998157598e-01,3.934599071936e+00
9.264653465347e-01,2.437867845411e-01,9.592219662166e-01,3.934675819373e+00
9.265652565257e-01,2.438130744995e-01,9.593441279985e-01,3.934752596708e+00
9.266651665167e-01,2.438393644580e-01,9.594663011096e-01,3.934829403950e+00
9.267650765077e-01,2.438656544164e-01,9.595884855543e-01,3.934906241105e+00
9.268649864986e-01,2.438919443748e-01,9.597106813365e-01,3.934983108181e+00
9.269648964896e-01,2.439182343333e-01,9.598328884606e-01,3.935060005187e+00
9.270648064806e-01,2.439445242917e-01,9.599551069308e-01,3.935136932128e+00
9.271647164716e-01,2.439708142501e-01,9.600773367511e-01,3.935213889014e+00
9.272646264626e-01,2.439971042086e-01,9.601995779260e-01,3.935290875851e+00
9.273645364536e-01,2.440233941670e-01,9.603218304595e-01,3.935367892647e+00
9.274644464446e-01,2.440496841254e-01,9.604440943559e-01,3.935444939409e+00
9.275643564356e-01,2.440759740839e-01,9.605663696194e-01,3.935522016146e+00
9.276642664266e-01,2.441022640423e-01,9.606886562542e-01,3.935599122865e+00
9.277641764176e-01,2.441285540007e-01,9.608109542645e-01,3.935676259573e+00
9.278640864086e-01,2.441548439592e-01,9.609332636547e-01,3.935753426278e+00
9.279639963996e-01,2.441811339176e-01,9.610555844289e-01,3.935830622988e+00
9.280639063906e-01,2.442074238760e-01,9.611779165913e-01,3.935907849711e+00
9.281638163816e-01,2.442337138345e-01,9.613002601462e-01,3.935985106453e+00
9.282637263726e-01,2.442600037929e-01,9.614226150979e-01,3.936062393224e+00
9.283636363636e-01,2.442862937513e-01,9.615449814506e-01,3.936139710030e+00
9.284635463546e-01,2.443125837098e-01,9.616673592086e-01,3.936217056879e+00
9.285634563456e-01,2.443388736682e-01,9.617897483760e-01,3.936294433779e+00
9.286633663366e-01,2.443651636266e-01,9.619121489573e-01,3.936371840738e+00
9.287632763276e-01,2.443914535851e-01,9.620345609566e-01,3.936449277764e+00
9.288631863186e-01,2.444177435435e-01,9.621569843782e-01,3.936526744864e+00
9.289630963096e-01,2.444440335019e-01,9.622794192264e-01,3.936604242046e+00
9.290630063006e-01,2.444703234604e-01,9.624018655055e-01,3.936681769318e+00
9.291629162916e-01,2.444966134188e-01,9.625243232198e-01,3.936759326687e+00
9.292628262826e-01,2.445229033772e-01,9.626467923735e-01,3.936836914162e+00
9.293627362736e-01,2.445491933356e-01,9.627692729709e-01,3.936914531750e+00
9.294626462646e-01,2.445754832941e-01,9.628917650164e-01,3.936992179460e+00
9.295625562556e-01,2.446017732525e-01,9.630142685142e-01,3.937069857299e+00
9.296624662466e-01,2.446280632109e-01,9.631367834687e-01,3.937147565274e+00
9.297623762376e-01,2.446543531694e-01,9.632593098841e-01,3.937225303395e+00
9.298622862286e-01,2.446806431278e-01,9.633818477648e-01,3.937303071668e+00
9.299621962196e-01,2.447069330862e-01,9.635043971150e-01,3.937380870102e+00
9.300621062106e-01,2.447332230447e-01,9.636269579392e-01,3.937458698704e+00
9.301620162016e-01,2.447595130031e-01,9.637495302416e-01,3.937536557483e+00
9.302619261926e-01,2.447858029615e-01,9.638721140265e-01,3.937614446447e+00
9.303618361836e-01,2.448120929200e-01,9.639947092983e-01,3.937692365603e+00
9.304617461746e-01,2.448383828784e-01,9.641173160613e-01,3.937770314960e+00
9.305616561656e-01,2.448646728368e-01,9.642399343199e-01,3.937848294525e+00
9.306615661566e-01,2.448909627953e-01,9.643625640784e-01,3.937926304307e+00
9.307614761476e-01,2.449172527537e-01,9.644852053412e-01,3.938004344313e+00
9.308613861386e-01,2.449435427121e-01,9.646078581126e-01,3.938082414551e+00
9.309612961296e-01,2.449698326706e-01,9.647305223969e-01,3.938160515031e+00
9.310612061206e-01,2.449961226290e-01,9.648531981986e-01,3.938238645759e+00
9.311611161116e-01,2.450224125874e-01,9.649758855220e-01,3.938316806744e+00
9.312610261026e-01,2.450487025459e-01,9.650985843714e-01,3.938394997994e+00
9.313609360936e-01,2.450749925043e-01,9.652212947513e-01,3.938473219516e+00
9.314608460846e-01,2.451012824627e-01,9.653440166661e-01,3.938551471320e+00
9.315607560756e-01,2.451275724212e-01,9.654667501200e-01,3.938629753414e+00
9.316606660666e-01,2.451538623796e-01,9.655894951175e-01,3.938708065804e+00
9.317605760576e-01,2.451801523380e-01,9.657122516630e-01,3.938786408500e+00
9.318604860486e-01,2.452064422964e-01,9.658350197609e-01,3.938864781510e+00
9.319603960396e-01,2.452327322549e-01,9.659577994156e-01,3.938943184842e+00
9.320603060306e-01,2.452590222133e-01,9.660805906315e-01,3.939021618504e+00
9.321602160216e-01,2.452853121717e-01,9.662033934130e-01,3.939100082505e+00
9.322601260126e-01,2.453116021302e-01,9.663262077644e-01,3.939178576852e+00
9.323600360036e-01,2.453378920886e-01,9.664490336904e-01,3.939257101554e+00
9.324599459946e-01,2.453641820470e-01,9.665718711951e-01,3.939335656619e+00
9.325598559856e-01,2.453904720055e-01,9.666947202832e-01,3.939414242056e+00
9.326597659766e-01,2.454167619639e-01,9.668175809589e-01,3.939492857872e+00
9.327596759676e-01,2.454430519223e-01,9.669404532268e-01,3.939571504076e+00
9.328595859586e-01,2.454693418808e-01,9.670633370913e-01,3.939650180677e+00
9.329594959496e-01,2.454956318392e-01,9.671862325568e-01,3.939728887683e+00
9.330594059406e-01,2.455219217976e-01,9.673091396278e-01,3.939807625101e+00
9.331593159316e-01,2.455482117561e-01,9.674320583087e-01,3.939886392941e+00
9.332592259226e-01,2.455745017145e-01,9.675549886039e-01,3.939965191210e+00
9.333591359136e-01,2.456007916729e-01,9.676779305181e-01,3.940044019918e+00
9.334590459046e-01,2.456270816314e-01,9.678008840555e-01,3.940122879072e+00
9.335589558956e-01,2.456533715898e-01,9.679238492207e-01,3.940201768682e+00
9.336588658866e-01,2.456796615482e-01,9.680468260182e-01,3.940280688755e+00
9.337587758776e-01,2.457059515067e-01,9.681698144524e-01,3.940359639299e+00
9.338586858686e-01,2.457322414651e-01,9.682928145279e-01,3.940438620324e+00
9.339585958596e-01,2.457585314235e-01,9.684158262490e-01,3.940517631838e+00
9.340585058506e-01,2.457848213820e-01,9.685388496204e-01,3.940596673849e+00
9.341584158416e-01,2.458111113404e-01,9.686618846464e-01,3.940675746366e+00
9.342583258326e-01,2.458374012988e-01,9.687849313316e-01,3.940754849398e+00
9.343582358236e-01,2.458636912573e-01,9.689079896806e-01,3.940833982952e+00
9.344581458146e-01,2.458899812157e-01,9.690310596977e-01,3.940913147038e+00
9.345580558056e-01,2.459162711741e-01,9.691541413876e-01,3.940992341663e+00
9.346579657966e-01,2.459425611325e-01,9.692772347547e-01,3.941071566838e+00
9.347578757876e-01,2.459688510910e-01,9.694003398036e-01,3.941150822569e+00
9.348577857786e-01,2.459951410494e-01,9.695234565388e-01,3.941230108866e+00
9.349576957696e-01,2.460214310078e-01,9.696465849648e-01,3.941309425738e+00
9.350576057606e-01,2.460477209663e-01,9.697697250862e-01,3.941388773193e+00
9.351575157516e-01,2.460740109247e-01,9.698928769075e-01,3.941468151240e+00
9.352574257426e-01,2.461003008831e-01,9.700160404333e-01,3.941547559886e+00
9.353573357336e-01,2.461265908416e-01,9.701392156681e-01,3.941626999143e+00
9.354572457246e-01,2.461528808000e-01,9.702624026164e-01,3.941706469016e+00
9.355571557156e-01,2.461791707584e-01,9.703856012829e-01,3.941785969517e+00
9.356570657066e-01,2.462054607169e-01,9.705088116720e-01,3.941865500652e+00
9.357569756976e-01,2.462317506753e-01,9.706320337884e-01,3.941945062432e+00
9.358568856886e-01,2.462580406337e-01,9.707552676367e-01,3.942024654864e+00
9.359567956796e-01,2.462843305922e-01,9.708785132213e-01,3.942104277958e+00
9.360567056706e-01,2.463106205506e-01,9.710017705470e-01,3.942183931722e+00
9.361566156616e-01,2.463369105090e-01,9.711250396183e-01,3.942263616165e+00
9.362565256526e-01,2.463632004675e-01,9.712483204397e-01,3.942343331296e+00
9.363564356436e-01,2.463894904259e-01,9.713716130159e-01,3.942423077124e+00
9.364563456346e-01,2.464157803843e-01,9.714949173515e-01,3.942502853658e+00
9.365562556256e-01,2.464420703428e-01,9.716182334510e-01,3.942582660906e+00
9.366561656166e-01,2.464683603012e-01,9.717415613192e-01,3.942662498877e+00
9.367560756076e-01,2.464946502596e-01,9.718649009606e-01,3.942742367581e+00
9.368559855986e-01,2.465209402181e-01,9.719882523798e-01,3.942822267026e+00
9.369558955896e-01,2.465472301765e-01,9.721116155815e-01,3.942902197220e+00
9.370558055806e-01,2.465735201349e-01,9.722349905703e-01,3.942982158174e+00
9.371557155716e-01,2.465998100934e-01,9.723583773508e-01,3.943062149896e+00
9.372556255626e-01,2.466261000518e-01,9.724817759276e-01,3.943142172395e+00
9.373555355536e-01,2.466523900102e-01,9.726051863055e-01,3.943222225680e+00
9.374554455446e-01,2.466786799686e-01,9.727286084890e-01,3.943302309760e+00
9.375553555356e-01,2.467049699271e-01,9.728520424829e-01,3.943382424644e+00
9.376552655266e-01,2.467312598855e-01,9.729754882917e-01,3.943462570342e+00
9.377551755176e-01,2.467575498439e-01,9.730989459202e-01,3.943542746861e+00
9.378550855086e-01,2.467838398024e-01,9.732224153730e-01,3.943622954211e+00
9.379549954995e-01,2.468101297608e-01,9.733458966548e-01,3.943703192402e+00
9.380549054905e-01,2.468364197192e-01,9.734693897702e-01,3.943783461442e+00
9.381548154815e-01,2.468627096777e-01,9.735928947240e-01,3.943863761340e+00
9.382547254725e-01,2.468889996361e-01,9.737164115208e-01,3.943944092106e+00
9.383546354635e-01,2.469152895945e-01,9.738399401653e-01,3.944024453749e+00
9.384545454545e-01,2.469415795530e-01,9.739634806623e-01,3.944104846277e+00
9.385544554455e-01,2.469678695114e-01,9.740870330164e-01,3.944185269701e+00
9.386543654365e-01,2.469941594698e-01,9.742105972323e-01,3.944265724029e+00
9.387542754275e-01,2.470204494283e-01,9.743341733148e-01,3.944346209271e+00
9.388541854185e-01,2.470467393867e-01,9.744577612685e-01,3.944426725435e+00
9.389540954095e-01,2.470730293451e-01,9.745813610983e-01,3.944507272532e+00
9.390540054005e-01,2.470993193036e-01,9.747049728087e-01,3.944587850569e+00
9.391539153915e-01,2.471256092620e-01,9.748285964046e-01,3.944668459557e+00
9.392538253825e-01,2.471518992204e-01,9.749522318907e-01,3.944749099505e+00
9.393537353735e-01,2.471781891789e-01,9.750758792718e-01,3.944829770422e+00
9.394536453645e-01,2.472044791373e-01,9.751995385525e-01,3.944910472318e+00
9.395535553555e-01,2.472307690957e-01,9.753232097376e-01,3.944991205201e+00
9.396534653465e-01,2.472570590542e-01,9.754468928320e-01,3.945071969081e+00
9.397533753375e-01,2.472833490126e-01,9.755705878403e-01,3.945152763968e+00
9.398532853285e-01,2.473096389710e-01,9.756942947673e-01,3.945233589871e+00
9.399531953195e-01,2.473359289295e-01,9.758180136178e-01,3.945314446799e+00
9.400531053105e-01,2.473622188879e-01,9.759417443966e-01,3.945395334762e+00
9.401530153015e-01,2.473885088463e-01,9.760654871085e-01,3.945476253769e+00
9.402529252925e-01,2.474147988047e-01,9.761892417582e-01,3.945557203830e+00
9.403528352835e-01,2.474410887632e-01,9.763130083505e-01,3.945638184954e+00
9.404527452745e-01,2.474673787216e-01,9.764367868903e-01,3.945719197150e+00
9.405526552655e-01,2.474936686800e-01,9.765605773823e-01,3.945800240429e+00
9.406525652565e-01,2.475199586385e-01,9.766843798313e-01,3.945881314799e+00
9.407524752475e-01,2.475462485969e-01,9.768081942423e-01,3.945962420270e+00
9.408523852385e-01,2.475725385553e-01,9.769320206199e-01,3.946043556852e+00
9.409522952295e-01,2.475988285138e-01,9.770558589690e-01,3.946124724555e+00
9.410522052205e-01,2.476251184722e-01,9.771797092945e-01,3.946205923387e+00
9.411521152115e-01,2.476514084306e-01,9.773035716011e-01,3.946287153359e+00
9.412520252025e-01,2.476776983891e-01,9.774274458937e-01,3.946368414480e+00
9.413519351935e-01,2.477039883475e-01,9.775513321772e-01,3.946449706760e+00
9.414518451845e-01,2.477302783059e-01,9.776752304564e-01,3.946531030208e+00
9.415517551755e-01,2.477565682644e-01,9.777991407362e-01,3.946612384834e+00
9.416516651665e-01,2.477828582228e-01,9.779230630214e-01,3.946693770648e+00
9.417515751575e-01,2.478091481812e-01,9.780469973168e-01,3.946775187660e+00
9.418514851485e-01,2.478354381397e-01,9.781709436275e-01,3.946856635879e+00
9.419513951395e-01,2.478617280981e-01,9.782949019582e-01,3.946938115315e+00
9.420513051305e-01,2.478880180565e-01,9.784188723138e-01,3.947019625977e+00
9.421512151215e-01,2.479143080150e-01,9.785428546992e-01,3.947101167877e+00
9.422511251125e-01,2.479405979734e-01,9.786668491193e-01,3.947182741022e+00
9.423510351035e-01,2.479668879318e-01,9.787908555790e-01,3.947264345424e+00
9.424509450945e-01,2.479931778903e-01,9.789148740832e-01,3.947345981091e+00
9.425508550855e-01,2.480194678487e-01,9.790389046368e-01,3.947427648035e+00
9.426507650765e-01,2.480457578071e-01,9.791629472447e-01,3.947509346264e+00
9.427506750675e-01,2.480720477656e-01,9.792870019119e-01,3.947591075789e+00
9.428505850585e-01,2.480983377240e-01,9.794110686433e-01,3.947672836619e+00
9.429504950495e-01,2.481246276824e-01,9.795351474437e-01,3.947754628764e+00
9.430504050405e-01,2.481509176408e-01,9.796592383182e-01,3.947836452235e+00
9.431503150315e-01,2.481772075993e-01,9.797833412717e-01,3.947918307042e+00
9.432502250225e-01,2.482034975577e-01,9.799074563090e-01,3.948000193193e+00
9.433501350135e-01,2.482297875161e-01,9.800315834353e-01,3.948082110700e+00
9.434500450045e-01,2.482560774746e-01,9.801557226554e-01,3.948164059572e+00
9.435499549955e-01,2.482823674330e-01,9.802798739743e-01,3.948246039819e+00
9.436498649865e-01,2.483086573914e-01,9.804040373969e-01,3.948328051452e+00
9.437497749775e-01,2.483349473499e-01,9.805282129283e-01,3.948410094480e+00
9.438496849685e-01,2.483612373083e-01,9.806524005734e-01,3.948492168913e+00
9.439495949595e-01,2.483875272667e-01,9.807766003372e-01,3.948574274762e+00
9.440495049505e-01,2.484138172252e-01,9.809008122247e-01,3.948656412037e+00
9.441494149415e-01,2.484401071836e-01,9.810250362409e-01,3.948738580748e+00
9.442493249325e-01,2.484663971420e-01,9.811492723908e-01,3.948820780904e+00
9.443492349235e-01,2.484926871005e-01,9.812735206794e-01,3.948903012517e+00
9.444491449145e-01,2.485189770589e-01,9.813977811117e-01,3.948985275596e+00
9.445490549055e-01,2.485452670173e-01,9.815220536927e-01,3.949067570151e+00
9.446489648965e-01,2.485715569758e-01,9.816463384275e-01,3.949149896194e+00
9.447488748875e-01,2.485978469342e-01,9.817706353211e-01,3.949232253733e+00
9.448487848785e-01,2.486241368926e-01,9.818949443785e-01,3.949314642780e+00
9.449486948695e-01,2.486504268511e-01,9.820192656048e-01,3.949397063344e+00
9.450486048605e-01,2.486767168095e-01,9.821435990049e-01,3.949479515436e+00
9.451485148515e-01,2.487030067679e-01,9.822679445841e-01,3.949561999066e+00
9.452484248425e-01,2.487292967264e-01,9.823923023472e-01,3.949644514245e+00
9.453483348335e-01,2.487555866848e-01,9.825166722994e-01,3.949727060982e+00
9.454482448245e-01,2.487818766432e-01,9.826410544458e-01,3.949809639289e+00
9.455481548155e-01,2.488081666017e-01,9.827654487915e-01,3.949892249176e+00
9.456480648065e-01,2.488344565601e-01,9.828898553414e-01,3.949974890652e+00
9.457479747975e-01,2.488607465185e-01,9.830142741008e-01,3.950057563729e+00
9.458478847885e-01,2.488870364769e-01,9.831387050746e-01,3.950140268417e+00
9.459477947795e-01,2.489133264354e-01,9.832631482680e-01,3.950223004726e+00
9.460477047705e-01,2.489396163938e-01,9.833876036861e-01,3.950305772668e+00
9.461476147615e-01,2.489659063522e-01,9.835120713341e-01,3.950388572251e+00
9.462475247525e-01,2.489921963107e-01,9.836365512169e-01,3.950471403488e+00
9.463474347435e-01,2.490184862691e-01,9.837610433398e-01,3.950554266388e+00
9.464473447345e-01,2.490447762275e-01,9.838855477079e-01,3.950637160962e+00
9.465472547255e-01,2.490710661860e-01,9.840100643263e-01,3.950720087220e+00
9.466471647165e-01,2.490973561444e-01,9.841345932001e-01,3.950803045174e+00
9.467470747075e-01,2.491236461028e-01,9.842591343346e-01,3.950886034834e+00
9.468469846985e-01,2.491499360613e-01,9.843836877348e-01,3.950969056210e+00
9.469468946895e-01,2.491762260197e-01,9.845082534058e-01,3.951052109313e+00
9.470468046805e-01,2.492025159781e-01,9.846328313530e-01,3.951135194154e+00
9.471467146715e-01,2.492288059366e-01,9.847574215814e-01,3.951218310744e+00
9.472466246625e-01,2.492550958950e-01,9.848820240962e-01,3.951301459093e+00
9.473465346535e-01,2.492813858534e-01,9.850066389026e-01,3.951384639212e+00
9.474464446445e-01,2.493076758119e-01,9.851312660058e-01,3.951467851111e+00
9.475463546355e-01,2.493339657703e-01,9.852559054110e-01,3.951551094802e+00
9.476462646265e-01,2.493602557287e-01,9.853805571233e-01,3.951634370295e+00
9.477461746175e-01,2.493865456872e-01,9.855052211480e-01,3.951717677602e+00
9.478460846085e-01,2.494128356456e-01,9.856298974904e-01,3.951801016732e+00
9.479459945995e-01,2.494391256040e-01,9.857545861555e-01,3.951884387698e+00
9.480459045905e-01,2.494654155625e-01,9.858792871487e-01,3.951967790509e+00
9.481458145815e-01,2.494917055209e-01,9.860040004751e-01,3.952051225176e+00
9.482457245725e-01,2.495179954793e-01,9.861287261401e-01,3.952134691711e+00
9.483456345635e-01,2.495442854378e-01,9.862534641488e-01,3.952218190125e+00
9.484455445545e-01,2.495705753962e-01,9.863782145065e-01,3.952301720428e+00
9.485454545455e-01,2.495968653546e-01,9.865029772185e-01,3.952385282631e+00
9.486453645365e-01,2.496231553130e-01,9.866277522900e-01,3.952468876746e+00
9.487452745275e-01,2.496494452715e-01,9.867525397262e-01,3.952552502783e+00
9.488451845185e-01,2.496757352299e-01,9.868773395326e-01,3.952636160754e+00
9.489450945095e-01,2.497020251883e-01,9.870021517142e-01,3.952719850669e+00
9.490450045005e-01,2.497283151468e-01,9.871269762765e-01,3.952803572540e+00
9.491449144914e-01,2.497546051052e-01,9.872518132247e-01,3.952887326377e+00
9.492448244824e-01,2.497808950636e-01,9.873766625641e-01,3.952971112192e+00
9.493447344734e-01,2.498071850221e-01,9.875015243001e-01,3.953054929997e+00
9.494446444644e-01,2.498334749805e-01,9.876263984379e-01,3.953138779801e+00
9.495445544554e-01,2.498597649389e-01,9.877512849828e-01,3.953222661617e+00
9.496444644464e-01,2.498860548974e-01,9.878761839402e-01,3.953306575455e+00
9.497443744374e-01,2.499123448558e-01,9.880010953154e-01,3.953390521326e+00
9.498442844284e-01,2.499386348142e-01,9.881260191138e-01,3.953474499243e+00
9.499441944194e-01,2.499649247727e-01,9.882509553406e-01,3.953558509216e+00
9.500441044104e-01,2.499912147311e-01,9.883759040013e-01,3.953642551257e+00
9.501440144014e-01,2.500175046895e-01,9.885008651012e-01,3.953726625376e+00
9.502439243924e-01,2.500437946480e-01,9.886258386456e-01,3.953810731586e+00
9.503438343834e-01,2.500700846064e-01,9.887508246400e-01,3.953894869897e+00
9.504437443744e-01,2.500963745648e-01,9.888758230897e-01,3.953979040321e+00
9.505436543654e-01,2.501226645233e-01,9.890008340000e-01,3.954063242870e+00
9.506435643564e-01,2.501489544817e-01,9.891258573765e-01,3.954147477554e+00
9.507434743474e-01,2.501752444401e-01,9.892508932244e-01,3.954231744385e+00
9.508433843384e-01,2.502015343986e-01,9.893759415492e-01,3.954316043375e+00
9.509432943294e-01,2.502278243570e-01,9.895010023563e-01,3.954400374535e+00
9.510432043204e-01,2.502541143154e-01,9.896260756511e-01,3.954484737876e+00
9.511431143114e-01,2.502804042739e-01,9.897511614390e-01,3.954569133411e+00
9.512430243024e-01,2.503066942323e-01,9.898762597254e-01,3.954653561150e+00
9.513429342934e-01,2.503329841907e-01,9.900013705159e-01,3.954738021106e+00
9.514428442844e-01,2.503592741491e-01,9.901264938158e-01,3.954822513289e+00
9.515427542754e-01,2.503855641076e-01,9.902516296305e-01,3.954907037712e+00
9.516426642664e-01,2.504118540660e-01,9.903767779656e-01,3.954991594386e+00
9.517425742574e-01,2.504381440244e-01,9.905019388265e-01,3.955076183322e+00
9.518424842484e-01,2.504644339829e-01,9.906271122187e-01,3.955160804533e+00
9.519423942394e-01,2.504907239413e-01,9.907522981476e-01,3.955245458030e+00
9.520423042304e-01,2.505170138997e-01,9.908774966187e-01,3.955330143825e+00
9.521422142214e-01,2.505433038582e-01,9.910027076375e-01,3.955414861930e+00
9.522421242124e-01,2.505695938166e-01,9.911279312096e-01,3.955499612355e+00
9.523420342034e-01,2.505958837750e-01,9.912531673404e-01,3.955584395114e+00
9.524419441944e-01,2.506221737335e-01,9.913784160354e-01,3.955669210218e+00
9.525418541854e-01,2.506484636919e-01,9.915036773001e-01,3.955754057679e+00
9.526417641764e-01,2.506747536503e-01,9.916289511401e-01,3.955838937508e+00
9.527416741674e-01,2.507010436088e-01,9.917542375609e-01,3.955923849717e+00
9.528415841584e-01,2.507273335672e-01,9.918795365681e-01,3.956008794319e+00
9.529414941494e-01,2.507536235256e-01,9.920048481671e-01,3.956093771326e+00
9.530414041404e-01,2.507799134841e-01,9.921301723636e-01,3.956178780748e+00
9.531413141314e-01,2.508062034425e-01,9.922555091630e-01,3.956263822599e+00
9.532412241224e-01,2.508324934009e-01,9.923808585710e-01,3.956348896890e+00
9.533411341134e-01,2.508587833594e-01,9.925062205932e-01,3.956434003634e+00
9.534410441044e-01,2.508850733178e-01,9.926315952350e-01,3.956519142842e+00
9.535409540954e-01,2.509113632762e-01,9.927569825022e-01,3.956604314526e+00
9.536408640864e-01,2.509376532347e-01,9.928823824002e-01,3.956689518698e+00
9.537407740774e-01,2.509639431931e-01,9.930077949348e-01,3.956774755371e+00
9.538406840684e-01,2.509902331515e-01,9.931332201114e-01,3.956860024557e+00
9.539405940594e-01,2.510165231099e-01,9.932586579358e-01,3.956945326267e+00
9.540405040504e-01,2.510428130684e-01,9.933841084135e-01,3.957030660515e+00
9.541404140414e-01,2.510691030268e-01,9.935095715501e-01,3.957116027312e+00
9.542403240324e-01,2.510953929852e-01,9.936350473514e-01,3.957201426670e+00
9.543402340234e-01,2.511216829437e-01,9.937605358229e-01,3.957286858602e+00
9.544401440144e-01,2.511479729021e-01,9.938860369704e-01,3.957372323119e+00
9.545400540054e-01,2.511742628605e-01,9.940115507994e-01,3.957457820236e+00
9.546399639964e-01,2.512005528190e-01,9.941370773156e-01,3.957543349962e+00
9.547398739874e-01,2.512268427774e-01,9.942626165247e-01,3.957628912312e+00
9.548397839784e-01,2.512531327358e-01,9.943881684324e-01,3.957714507297e+00
9.549396939694e-01,2.512794226943e-01,9.945137330444e-01,3.957800134930e+00
9.550396039604e-01,2.513057126527e-01,9.946393103664e-01,3.957885795222e+00
9.551395139514e-01,2.513320026111e-01,9.947649004040e-01,3.957971488188e+00
9.552394239424e-01,2.513582925696e-01,9.948905031630e-01,3.958057213838e+00
9.553393339334e-01,2.513845825280e-01,9.950161186491e-01,3.958142972186e+00
9.554392439244e-01,2.514108724864e-01,9.951417468680e-01,3.958228763244e+00
9.555391539154e-01,2.514371624449e-01,9.952673878255e-01,3.958314587024e+00
9.556390639064e-01,2.514634524033e-01,9.953930415273e-01,3.958400443540e+00
9.557389738974e-01,2.514897423617e-01,9.955187079792e-01,3.958486332803e+00
9.558388838884e-01,2.515160323202e-01,9.956443871868e-01,3.958572254827e+00
9.559387938794e-01,2.515423222786e-01,9.957700791560e-01,3.958658209624e+00
9.560387038704e-01,2.515686122370e-01,9.958957838925e-01,3.958744197206e+00
9.561386138614e-01,2.515949021955e-01,9.960215014022e-01,3.958830217587e+00
9.562385238524e-01,2.516211921539e-01,9.961472316908e-01,3.958916270779e+00
9.563384338434e-01,2.516474821123e-01,9.962729747640e-01,3.959002356794e+00
9.564383438344e-01,2.516737720708e-01,9.963987306278e-01,3.959088475646e+00
9.565382538254e-01,2.517000620292e-01,9.965244992878e-01,3.959174627348e+00
9.566381638164e-01,2.517263519876e-01,9.966502807500e-01,3.959260811911e+00
9.567380738074e-01,2.517526419460e-01,9.967760750201e-01,3.959347029350e+00
9.568379837984e-01,2.517789319045e-01,9.969018821040e-01,3.959433279677e+00
9.569378937894e-01,2.518052218629e-01,9.970277020075e-01,3.959519562904e+00
9.570378037804e-01,2.518315118213e-01,9.971535347365e-01,3.959605879045e+00
9.571377137714e-01,2.518578017798e-01,9.972793802968e-01,3.959692228112e+00
9.572376237624e-01,2.518840917382e-01,9.974052386943e-01,3.959778610119e+00
9.573375337534e-01,2.519103816966e-01,9.975311099349e-01,3.959865025079e+00
9.574374437444e-01,2.519366716551e-01,9.976569940244e-01,3.959951473005e+00
9.575373537354e-01,2.519629616135e-01,9.977828909687e-01,3.960037953909e+00
9.576372637264e-01,2.519892515719e-01,9.979088007738e-01,3.960124467804e+00
9.577371737174e-01,2.520155415304e-01,9.980347234454e-01,3.960211014705e+00
9.578370837084e-01,2.520418314888e-01,9.981606589896e-01,3.960297594624e+00
9.579369936994e-01,2.520681214472e-01,9.982866074123e-01,3.960384207573e+00
9.580369036904e-01,2.520944114057e-01,9.984125687193e-01,3.960470853567e+00
9.581368136814e-01,2.521207013641e-01,9.985385429167e-01,3.960557532619e+00
9.582367236724e-01,2.521469913225e-01,9.986645300103e-01,3.960644244741e+00
9.583366336634e-01,2.521732812810e-01,9.987905300062e-01,3.960730989947e+00
9.584365436544e-01,2.521995712394e-01,9.989165429102e-01,3.960817768251e+00
9.585364536454e-01,2.522258611978e-01,9.990425687283e-01,3.960904579665e+00
9.586363636364e-01,2.522521511563e-01,9.991686074666e-01,3.960991424203e+00
9.587362736274e-01,2.522784411147e-01,9.992946591310e-01,3.961078301878e+00
9.588361836184e-01,2.523047310731e-01,9.994207237275e-01,3.961165212704e+00
9.589360936094e-01,2.523310210316e-01,9.995468012621e-01,3.961252156694e+00
9.590360036004e-01,2.523573109900e-01,9.996728917408e-01,3.961339133862e+00
9.591359135914e-01,2.523836009484e-01,9.997989951696e-01,3.961426144220e+00
9.592358235824e-01,2.524098909069e-01,9.999251115546e-01,3.961513187784e+00
9.593357335734e-01,2.524361808653e-01,1.000051240902e+00,3.961600264565e+00
9.594356435644e-01,2.524624708237e-01,1.000177383217e+00,3.961687374578e+00
9.595355535554e-01,2.524887607821e-01,1.000303538507e+00,3.961774517836e+00
9.596354635464e-01,2.525150507406e-01,1.000429706777e+00,3.961861694353e+00
9.597353735374e-01,2.525413406990e-01,1.000555888033e+00,3.961948904143e+00
9.598352835284e-01,2.525676306574e-01,1.000682082282e+00,3.962036147219e+00
9.599351935194e-01,2.525939206159e-01,1.000808289530e+00,3.962123423594e+00
9.600351035104e-01,2.526202105743e-01,1.000934509782e+00,3.962210733283e+00
9.601350135014e-01,2.526465005327e-01,1.001060743045e+00,3.962298076300e+00
9.602349234923e-01,2.526727904912e-01,1.001186989325e+00,3.962385452657e+00
9.603348334833e-01,2.526990804496e-01,1.001313248627e+00,3.962472862370e+00
9.604347434743e-01,2.527253704080e-01,1.001439520959e+00,3.962560305451e+00
9.605346534653e-01,2.527516603665e-01,1.001565806326e+00,3.962647781915e+00
9.606345634563e-01,2.527779503249e-01,1.001692104735e+00,3.962735291775e+00
9.607344734473e-01,2.528042402833e-01,1.001818416191e+00,3.962822835046e+00
9.608343834383e-01,2.528305302418e-01,1.001944740701e+00,3.962910411742e+00
9.609342934293e-01,2.528568202002e-01,1.002071078271e+00,3.962998021875e+00
9.610342034203e-01,2.528831101586e-01,1.002197428907e+00,3.963085665462e+00
9.611341134113e-01,2.529094001171e-01,1.002323792615e+00,3.963173342514e+00
9.612340234023e-01,2.529356900755e-01,1.002450169402e+00,3.963261053048e+00
9.613339333933e-01,2.529619800339e-01,1.002576559273e+00,3.963348797076e+00
9.614338433843e-01,2.529882699924e-01,1.002702962236e+00,3.963436574612e+00
9.615337533753e-01,2.530145599508e-01,1.002829378295e+00,3.963524385672e+00
9.616336633663e-01,2.530408499092e-01,1.002955807458e+00,3.963612230269e+00
9.617335733573e-01,2.530671398677e-01,1.003082249730e+00,3.963700108417e+00
9.618334833483e-01,2.530934298261e-01,1.003208705118e+00,3.963788020131e+00
9.619333933393e-01,2.531197197845e-01,1.003335173629e+00,3.963875965424e+00
9.620333033303e-01,2.531460097430e-01,1.003461655268e+00,3.963963944312e+00
9.621332133213e-01,2.531722997014e-01,1.003588150041e+00,3.964051956809e+00
9.622331233123e-01,2.531985896598e-01,1.003714657955e+00,3.964140002928e+00
9.623330333033e-01,2.532248796182e-01,1.003841179017e+00,3.964228082685e+00
9.624329432943e-01,2.532511695767e-01,1.003967713232e+00,3.964316196093e+00
9.625328532853e-01,2.532774595351e-01,1.004094260608e+00,3.964404343168e+00
9.626327632763e-01,2.533037494935e-01,1.004220821149e+00,3.964492523924e+00
9.627326732673e-01,2.533300394520e-01,1.004347394863e+00,3.964580738374e+00
9.628325832583e-01,2.533563294104e-01,1.004473981756e+00,3.964668986535e+00
9.629324932493e-01,2.533826193688e-01,1.004600581834e+00,3.964757268420e+00
9.630324032403e-01,2.534089093273e-01,1.004727195104e+00,3.964845584044e+00
9.631323132313e-01,2.534351992857e-01,1.004853821571e+00,3.964933933422e+00
9.632322232223e-01,2.534614892441e-01,1.004980461243e+00,3.965022316568e+00
9.633321332133e-01,2.534877792026e-01,1.005107114126e+00,3.965110733497e+00
9.634320432043e-01,2.535140691610e-01,1.005233780226e+00,3.965199184224e+00
9.635319531953e-01,2.535403591194e-01,1.005360459550e+00,3.965287668763e+00
9.636318631863e-01,2.535666490779e-01,1.005487152104e+00,3.965376187130e+00
9.637317731773e-01,2.535929390363e-01,1.005613857894e+00,3.965464739340e+00
9.638316831683e-01,2.536192289947e-01,1.005740576927e+00,3.965553325406e+00
9.639315931593e-01,2.536455189532e-01,1.005867309209e+00,3.965641945344e+00
9.640315031503e-01,2.536718089116e-01,1.005994054748e+00,3.965730599170e+00
9.641314131413e-01,2.536980988700e-01,1.006120813548e+00,3.965819286897e+00
9.642313231323e-01,2.537243888285e-01,1.006247585617e+00,3.965908008542e+00
9.643312331233e-01,2.537506787869e-01,1.006374370962e+00,3.965996764118e+00
9.644311431143e-01,2.537769687453e-01,1.006501169588e+00,3.966085553642e+00
9.645310531053e-01,2.538032587038e-01,1.006627981502e+00,3.966174377127e+00
9.646309630963e-01,2.538295486622e-01,1.006754806711e+00,3.966263234590e+00
9.647308730873e-01,2.538558386206e-01,1.006881645222e+00,3.966352126046e+00
9.648307830783e-01,2.538821285791e-01,1.007008497040e+00,3.966441051509e+00
9.649306930693e-01,2.539084185375e-01,1.007135362173e+00,3.966530010995e+00
9.650306030603e-01,2.539347084959e-01,1.007262240627e+00,3.966619004519e+00
9.651305130513e-01,2.539609984543e-01,1.007389132408e+00,3.966708032097e+00
9.652304230423e-01,2.539872884128e-01,1.007516037524e+00,3.966797093744e+00
9.653303330333e-01,2.540135783712e-01,1.007642955980e+00,3.966886189474e+00
9.654302430243e-01,2.540398683296e-01,1.007769887783e+00,3.966975319305e+00
9.655301530153e-01,2.540661582881e-01,1.007896832941e+00,3.967064483250e+00
9.656300630063e-01,2.540924482465e-01,1.008023791458e+00,3.967153681327e+00
9.657299729973e-01,2.541187382049e-01,1.008150763343e+00,3.967242913549e+00
9.658298829883e-01,2.541450281634e-01,1.008277748602e+00,3.967332179932e+00
9.659297929793e-01,2.541713181218e-01,1.008404747242e+00,3.967421480493e+00
9.660297029703e-01,2.541976080802e-01,1.008531759268e+00,3.967510815247e+00
9.661296129613e-01,2.542238980387e-01,1.008658784689e+00,3.967600184209e+00
9.662295229523e-01,2.542501879971e-01,1.008785823509e+00,3.967689587395e+00
9.663294329433e-01,2.542764779555e-01,1.008912875737e+00,3.967779024821e+00
9.664293429343e-01,2.543027679140e-01,1.009039941379e+00,3.967868496503e+00
9.665292529253e-01,2.543290578724e-01,1.009167020442e+00,3.967958002456e+00
9.666291629163e-01,2.543553478308e-01,1.009294112932e+00,3.968047542696e+00
9.667290729073e-01,2.543816377893e-01,1.009421218856e+00,3.968137117240e+00
9.668289828983e-01,2.544079277477e-01,1.009548338221e+00,3.968226726102e+00
9.669288928893e-01,2.544342177061e-01,1.009675471033e+00,3.968316369299e+00
9.670288028803e-01,2.544605076646e-01,1.009802617300e+00,3.968406046847e+00
9.671287128713e-01,2.544867976230e-01,1.009929777028e+00,3.968495758762e+00
9.672286228623e-01,2.545130875814e-01,1.010056950224e+00,3.968585505060e+00
9.673285328533e-01,2.545393775399e-01,1.010184136894e+00,3.968675285757e+00
9.674284428443e-01,2.545656674983e-01,1.010311337047e+00,3.968765100869e+00
9.675283528353e-01,2.545919574567e-01,1.010438550687e+00,3.968854950413e+00
9.676282628263e-01,2.546182474152e-01,1.010565777823e+00,3.968944834404e+00
9.677281728173e-01,2.546445373736e-01,1.010693018461e+00,3.969034752858e+00
9.678280828083e-01,2.546708273320e-01,1.010820272608e+00,3.969124705793e+00
9.679279927993e-01,2.546971172904e-01,1.010947540271e+00,3.969214693223e+00
9.680279027903e-01,2.547234072489e-01,1.011074821456e+00,3.969304715167e+00
9.681278127813e-01,2.547496972073e-01,1.011202116171e+00,3.969394771639e+00
9.682277227723e-01,2.547759871657e-01,1.011329424423e+00,3.969484862657e+00
9.683276327633e-01,2.548022771242e-01,1.011456746218e+00,3.969574988237e+00
9.684275427543e-01,2.548285670826e-01,1.011584081563e+00,3.969665148395e+00
9.685274527453e-01,2.548548570410e-01,1.011711430466e+00,3.969755343148e+00
9.686273627363e-01,2.548811469995e-01,1.011838792933e+00,3.969845572512e+00
9.687272727273e-01,2.549074369579e-01,1.011966168971e+00,3.969935836504e+00
9.688271827183e-01,2.549337269163e-01,1.012093558587e+00,3.970026135142e+00
9.689270927093e-01,2.549600168748e-01,1.012220961788e+00,3.970116468440e+00
9.690270027003e-01,2.549863068332e-01,1.012348378582e+00,3.970206836417e+00
9.691269126913e-01,2.550125967916e-01,1.012475808975e+00,3.970297239089e+00
9.692268226823e-01,2.550388867501e-01,1.012603252974e+00,3.970387676472e+00
9.693267326733e-01,2.550651767085e-01,1.012730710586e+00,3.970478148584e+00
9.694266426643e-01,2.550914666669e-01,1.012858181818e+00,3.970568655441e+00
9.695265526553e-01,2.551177566254e-01,1.012985666678e+00,3.970659197061e+00
9.696264626463e-01,2.551440465838e-01,1.013113165172e+00,3.970749773460e+00
9.697263726373e-01,2.551703365422e-01,1.013240677308e+00,3.970840384656e+00
9.698262826283e-01,2.551966265007e-01,1.013368203092e+00,3.970931030665e+00
9.699261926193e-01,2.552229164591e-01,1.013495742532e+00,3.971021711504e+00
9.700261026103e-01,2.552492064175e-01,1.013623295635e+00,3.971112427191e+00
9.701260126013e-01,2.552754963760e-01,1.013750862408e+00,3.971203177743e+00
9.702259225923e-01,2.553017863344e-01,1.013878442858e+00,3.971293963176e+00
9.703258325833e-01,2.553280762928e-01,1.014006036992e+00,3.971384783509e+00
9.704257425743e-01,2.553543662513e-01,1.014133644818e+00,3.971475638759e+00
9.705256525653e-01,2.553806562097e-01,1.014261266342e+00,3.971566528942e+00
9.706255625563e-01,2.554069461681e-01,1.014388901572e+00,3.971657454077e+00
9.707254725473e-01,2.554332361265e-01,1.014516550515e+00,3.971748414180e+00
9.708253825383e-01,2.554595260850e-01,1.014644213178e+00,3.971839409270e+00
9.709252925293e-01,2.554858160434e-01,1.014771889568e+00,3.971930439363e+00
9.710252025203e-01,2.555121060018e-01,1.014899579694e+00,3.972021504478e+00
9.711251125113e-01,2.555383959603e-01,1.015027283561e+00,3.972112604631e+00
9.712250225023e-01,2.555646859187e-01,1.015155001177e+00,3.972203739840e+00
9.713249324932e-01,2.555909758771e-01,1.015282732550e+00,3.972294910124e+00
9.714248424842e-01,2.556172658356e-01,1.015410477687e+00,3.972386115500e+00
9.715247524752e-01,2.556435557940e-01,1.015538236595e+00,3.972477355985e+00
9.716246624662e-01,2.556698457524e-01,1.015666009282e+00,3.972568631598e+00
9.717245724572e-01,2.556961357109e-01,1.015793795754e+00,3.972659942355e+00
9.718244824482e-01,2.557224256693e-01,1.015921596019e+00,3.972751288277e+00
9.719243924392e-01,2.557487156277e-01,1.016049410085e+00,3.972842669379e+00
9.720243024302e-01,2.557750055862e-01,1.016177237958e+00,3.972934085680e+00
9.721242124212e-01,2.558012955446e-01,1.016305079647e+00,3.973025537198e+00
9.722241224122e-01,2.558275855030e-01,1.016432935159e+00,3.973117023952e+00
9.723240324032e-01,2.558538754615e-01,1.016560804500e+00,3.973208545959e+00
9.724239423942e-01,2.558801654199e-01,1.016688687679e+00,3.973300103237e+00
9.725238523852e-01,2.559064553783e-01,1.016816584703e+00,3.973391695806e+00
9.726237623762e-01,2.559327453368e-01,1.016944495580e+00,3.973483323682e+00
9.727236723672e-01,2.559590352952e-01,1.017072420316e+00,3.973574986884e+00
9.728235823582e-01,2.559853252536e-01,1.017200358920e+00,3.973666685431e+00
9.729234923492e-01,2.560116152121e-01,1.017328311398e+00,3.973758419342e+00
9.730234023402e-01,2.560379051705e-01,1.017456277759e+00,3.973850188633e+00
9.731233123312e-01,2.560641951289e-01,1.017584258010e+00,3.973941993325e+00
9.732232223222e-01,2.560904850874e-01,1.017712252158e+00,3.974033833435e+00
9.733231323132e-01,2.561167750458e-01,1.017840260211e+00,3.974125708982e+00
9.734230423042e-01,2.561430650042e-01,1.017968282177e+00,3.974217619985e+00
9.735229522952e-01,2.561693549626e-01,1.018096318063e+00,3.974309566463e+00
9.736228622862e-01,2.561956449211e-01,1.018224367876e+00,3.974401548433e+00
9.737227722772e-01,2.562219348795e-01,1.018352431625e+00,3.974493565916e+00
9.738226822682e-01,2.562482248379e-01,1.018480509317e+00,3.974585618929e+00
9.739225922592e-01,2.562745147964e-01,1.018608600960e+00,3.974677707492e+00
9.740225022502e-01,2.563008047548e-01,1.018736706560e+00,3.974769831624e+00
9.741224122412e-01,2.563270947132e-01,1.018864826127e+00,3.974861991343e+00
9.742223222322e-01,2.563533846717e-01,1.018992959667e+00,3.974954186669e+00
9.743222322232e-01,2.563796746301e-01,1.019121107189e+00,3.975046417620e+00
9.744221422142e-01,2.564059645885e-01,1.019249268700e+00,3.975138684217e+00
9.745220522052e-01,2.564322545470e-01,1.019377444207e+00,3.975230986477e+00
9.746219621962e-01,2.564585445054e-01,1.019505633719e+00,3.975323324420e+00
9.747218721872e-01,2.564848344638e-01,1.019633837243e+00,3.975415698066e+00
9.748217821782e-01,2.565111244223e-01,1.019762054788e+00,3.975508107434e+00
9.749216921692e-01,2.565374143807e-01,1.019890286360e+00,3.975600552543e+00
9.750216021602e-01,2.565637043391e-01,1.020018531968e+00,3.975693033412e+00
9.751215121512e-01,2.565899942976e-01,1.020146791619e+00,3.975785550062e+00
9.752214221422e-01,2.566162842560e-01,1.020275065321e+00,3.975878102511e+00
9.753213321332e-01,2.566425742144e-01,1.020403353083e+00,3.975970690780e+00
9.754212421242e-01,2.566688641729e-01,1.020531654911e+00,3.976063314887e+00
9.755211521152e-01,2.566951541313e-01,1.020659970815e+00,3.976155974853e+00
9.756210621062e-01,2.567214440897e-01,1.020788300801e+00,3.976248670698e+00
9.757209720972e-01,2.567477340482e-01,1.020916644878e+00,3.976341402440e+00
9.758208820882e-01,2.567740240066e-01,1.021045003054e+00,3.976434170100e+00
9.759207920792e-01,2.568003139650e-01,1.021173375336e+00,3.976526973699e+00
9.760207020702e-01,2.568266039234e-01,1.021301761733e+00,3.976619813255e+00
9.761206120612e-01,2.568528938819e-01,1.021430162252e+00,3.976712688789e+00
9.762205220522e-01,2.568791838403e-01,1.021558576902e+00,3.976805600321e+00
9.763204320432e-01,2.569054737987e-01,1.021687005690e+00,3.976898547871e+00
9.764203420342e-01,2.569317637572e-01,1.021815448625e+00,3.976991531460e+00
9.765202520252e-01,2.569580537156e-01,1.021943905715e+00,3.977084551106e+00
9.766201620162e-01,2.569843436740e-01,1.022072376967e+00,3.977177606832e+00
9.767200720072e-01,2.570106336325e-01,1.022200862390e+00,3.977270698657e+00
9.768199819982e-01,2.570369235909e-01,1.022329361991e+00,3.977363826601e+00
9.769198919892e-01,2.570632135493e-01,1.022457875780e+00,3.977456990686e+00
9.770198019802e-01,2.570895035078e-01,1.022586403764e+00,3.977550190930e+00
9.771197119712e-01,2.571157934662e-01,1.022714945950e+00,3.977643427356e+00
9.772196219622e-01,2.571420834246e-01,1.022843502349e+00,3.977736699984e+00
9.773195319532e-01,2.571683733831e-01,1.022972072966e+00,3.977830008835e+00
9.774194419442e-01,2.571946633415e-01,1.023100657812e+00,3.977923353928e+00
9.775193519352e-01,2.572209532999e-01,1.023229256893e+00,3.978016735286e+00
9.776192619262e-01,2.572472432584e-01,1.023357870219e+00,3.978110152928e+00
9.777191719172e-01,2.572735332168e-01,1.023486497797e+00,3.978203606876e+00
9.778190819082e-01,2.572998231752e-01,1.023615139636e+00,3.978297097151e+00
9.779189918992e-01,2.573261131337e-01,1.023743795743e+00,3.978390623774e+00
9.780189018902e-01,2.573524030921e-01,1.023872466128e+00,3.978484186766e+00
9.781188118812e-01,2.573786930505e-01,1.024001150799e+00,3.978577786148e+00
9.782187218722e-01,2.574049830090e-01,1.024129849763e+00,3.978671421942e+00
9.783186318632e-01,2.574312729674e-01,1.024258563030e+00,3.978765094168e+00
9.784185418542e-01,2.574575629258e-01,1.024387290607e+00,3.978858802848e+00
9.785184518452e-01,2.574838528843e-01,1.024516032504e+00,3.978952548004e+00
9.786183618362e-01,2.575101428427e-01,1.024644788728e+00,3.979046329657e+00
9.787182718272e-01,2.575364328011e-01,1.024773559287e+00,3.979140147828e+00
9.788181818182e-01,2.575627227595e-01,1.024902344191e+00,3.979234002540e+00
9.789180918092e-01,2.575890127180e-01,1.025031143448e+00,3.979327893813e+00
9.790180018002e-01,2.576153026764e-01,1.025159957067e+00,3.979421821669e+00
9.791179117912e-01,2.576415926348e-01,1.025288785054e+00,3.979515786132e+00
9.792178217822e-01,2.576678825933e-01,1.025417627421e+00,3.979609787221e+00
9.793177317732e-01,2.576941725517e-01,1.025546484174e+00,3.979703824959e+00
9.794176417642e-01,2.577204625101e-01,1.025675355322e+00,3.979797899369e+00
9.795175517552e-01,2.577467524686e-01,1.025804240875e+00,3.979892010471e+00
9.796174617462e-01,2.577730424270e-01,1.025933140840e+00,3.979986158289e+00
9.797173717372e-01,2.577993323854e-01,1.026062055226e+00,3.980080342845e+00
9.798172817282e-01,2.578256223439e-01,1.026190984042e+00,3.980174564160e+00
9.799171917192e-01,2.578519123023e-01,1.026319927296e+00,3.980268822258e+00
9.800171017102e-01,2.578782022607e-01,1.026448884998e+00,3.980363117160e+00
9.801170117012e-01,2.579044922192e-01,1.026577857156e+00,3.980457448889e+00
9.802169216922e-01,2.579307821776e-01,1.026706843778e+00,3.980551817467e+00
9.803168316832e-01,2.579570721360e-01,1.026835844873e+00,3.980646222918e+00
9.804167416742e-01,2.579833620945e-01,1.026964860451e+00,3.980740665263e+00
9.805166516652e-01,2.580096520529e-01,1.027093890519e+00,3.980835144526e+00
9.806165616562e-01,2.580359420113e-01,1.027222935087e+00,3.980929660730e+00
9.807164716472e-01,2.580622319698e-01,1.027351994164e+00,3.981024213897e+00
9.808163816382e-01,2.580885219282e-01,1.027481067758e+00,3.981118804049e+00
9.809162916292e-01,2.581148118866e-01,1.027610155878e+00,3.981213431212e+00
9.810162016202e-01,2.581411018451e-01,1.027739258533e+00,3.981308095406e+00
9.811161116112e-01,2.581673918035e-01,1.027868375732e+00,3.981402796656e+00
9.812160216022e-01,2.581936817619e-01,1.027997507484e+00,3.981497534985e+00
9.813159315932e-01,2.582199717204e-01,1.028126653798e+00,3.981592310416e+00
9.814158415842e-01,2.582462616788e-01,1.028255814682e+00,3.981687122972e+00
9.815157515752e-01,2.582725516372e-01,1.028384990147e+00,3.981781972678e+00
9.816156615662e-01,2.582988415956e-01,1.028514180200e+00,3.981876859556e+00
9.817155715572e-01,2.583251315541e-01,1.028643384851e+00,3.981971783630e+00
9.818154815482e-01,2.583514215125e-01,1.028772604109e+00,3.982066744924e+00
9.819153915392e-01,2.583777114709e-01,1.028901837983e+00,3.982161743461e+00
9.820153015302e-01,2.584040014294e-01,1.029031086482e+00,3.982256779266e+00
9.821152115212e-01,2.584302913878e-01,1.029160349615e+00,3.982351852363e+00
9.822151215122e-01,2.584565813462e-01,1.029289627391e+00,3.982446962775e+00
9.823150315032e-01,2.584828713047e-01,1.029418919821e+00,3.982542110526e+00
9.824149414941e-01,2.585091612631e-01,1.029548226911e+00,3.982637295641e+00
9.825148514851e-01,2.585354512215e-01,1.029677548673e+00,3.982732518144e+00
9.826147614761e-01,2.585617411800e-01,1.029806885115e+00,3.982827778060e+00
9.827146714671e-01,2.585880311384e-01,1.029936236246e+00,3.982923075412e+00
9.828145814581e-01,2.586143210968e-01,1.030065602076e+00,3.983018410225e+00
9.829144914491e-01,2.586406110553e-01,1.030194982615e+00,3.983113782524e+00
9.830144014401e-01,2.586669010137e-01,1.030324377870e+00,3.983209192333e+00
9.831143114311e-01,2.586931909721e-01,1.030453787852e+00,3.983304639678e+00
9.832142214221e-01,2.587194809306e-01,1.030583212571e+00,3.983400124582e+00
9.833141314131e-01,2.587457708890e-01,1.030712652034e+00,3.983495647071e+00
9.834140414041e-01,2.587720608474e-01,1.030842106253e+00,3.983591207171e+00
9.835139513951e-01,2.587983508059e-01,1.030971575236e+00,3.983686804905e+00
9.836138613861e-01,2.588246407643e-01,1.031101058994e+00,3.983782440299e+00
9.837137713771e-01,2.588509307227e-01,1.031230557534e+00,3.983878113379e+00
9.838136813681e-01,2.588772206812e-01,1.031360070867e+00,3.983973824169e+00
9.839135913591e-01,2.589035106396e-01,1.031489599003e+00,3.984069572696e+00
9.840135013501e-01,2.589298005980e-01,1.031619141951e+00,3.984165358984e+00
9.841134113411e-01,2.589560905565e-01,1.031748699721e+00,3.984261183060e+00
9.842133213321e-01,2.589823805149e-01,1.031878272322e+00,3.984357044948e+00
9.843132313231e-01,2.590086704733e-01,1.032007859764e+00,3.984452944676e+00
9.844131413141e-01,2.590349604317e-01,1.032137462057e+00,3.984548882268e+00
9.845130513051e-01,2.590612503902e-01,1.032267079210e+00,3.984644857750e+00
9.846129612961e-01,2.590875403486e-01,1.032396711233e+00,3.984740871149e+00
9.847128712871e-01,2.591138303070e-01,1.032526358136e+00,3.984836922492e+00
9.848127812781e-01,2.591401202655e-01,1.032656019929e+00,3.984933011803e+00
9.849126912691e-01,2.591664102239e-01,1.032785696621e+00,3.985029139110e+00
9.850126012601e-01,2.591927001823e-01,1.032915388222e+00,3.985125304439e+00
9.851125112511e-01,2.592189901408e-01,1.033045094743e+00,3.985221507816e+00
9.852124212421e-01,2.592452800992e-01,1.033174816193e+00,3.985317749268e+00
9.853123312331e-01,2.592715700576e-01,1.033304552583e+00,3.985414028822e+00
9.854122412241e-01,2.592978600161e-01,1.033434303921e+00,3.985510346505e+00
9.855121512151e-01,2.593241499745e-01,1.033564070218e+00,3.985606702344e+00
9.856120612061e-01,2.593504399329e-01,1.033693851484e+00,3.985703096365e+00
9.857119711971e-01,2.593767298914e-01,1.033823647730e+00,3.985799528596e+00
9.858118811881e-01,2.594030198498e-01,1.033953458965e+00,3.985895999064e+00
9.859117911791e-01,2.594293098082e-01,1.034083285199e+00,3.985992507797e+00
9.860117011701e-01,2.594555997667e-01,1.034213126442e+00,3.986089054822e+00
9.861116111611e-01,2.594818897251e-01,1.034342982705e+00,3.986185640165e+00
9.862115211521e-01,2.595081796835e-01,1.034472853998e+00,3.986282263857e+00
9.863114311431e-01,2.595344696420e-01,1.034602740331e+00,3.986378925923e+00
9.864113411341e-01,2.595607596004e-01,1.034732641715e+00,3.986475626391e+00
9.865112511251e-01,2.595870495588e-01,1.034862558159e+00,3.986572365291e+00
9.866111611161e-01,2.596133395173e-01,1.034992489674e+00,3.986669142649e+00
9.867110711071e-01,2.596396294757e-01,1.035122436270e+00,3.986765958495e+00
9.868109810981e-01,2.596659194341e-01,1.035252397958e+00,3.986862812856e+00
9.869108910891e-01,2.596922093926e-01,1.035382374748e+00,3.986959705760e+00
9.870108010801e-01,2.597184993510e-01,1.035512366651e+00,3.987056637237e+00
9.871107110711e-01,2.597447893094e-01,1.035642373676e+00,3.987153607316e+00
9.872106210621e-01,2.597710792678e-01,1.035772395836e+00,3.987250616024e+00
9.873105310531e-01,2.597973692263e-01,1.035902433139e+00,3.987347663390e+00
9.874104410441e-01,2.598236591847e-01,1.036032485598e+00,3.987444749445e+00
9.875103510351e-01,2.598499491431e-01,1.036162553221e+00,3.987541874216e+00
9.876102610261e-01,2.598762391016e-01,1.036292636021e+00,3.987639037734e+00
9.877101710171e-01,2.599025290600e-01,1.036422734007e+00,3.987736240027e+00
9.878100810081e-01,2.599288190184e-01,1.036552847191e+00,3.987833481125e+00
9.879099909991e-01,2.599551089769e-01,1.036682975583e+00,3.987930761057e+00
9.880099009901e-01,2.599813989353e-01,1.036813119194e+00,3.988028079855e+00
9.881098109811e-01,2.600076888937e-01,1.036943278035e+00,3.988125437546e+00
9.882097209721e-01,2.600339788522e-01,1.037073452116e+00,3.988222834161e+00
9.883096309631e-01,2.600602688106e-01,1.037203641449e+00,3.988320269732e+00
9.884095409541e-01,2.600865587690e-01,1.037333846045e+00,3.988417744286e+00
9.885094509451e-01,2.601128487275e-01,1.037464065914e+00,3.988515257856e+00
9.886093609361e-01,2.601391386859e-01,1.037594301068e+00,3.988612810471e+00
9.887092709271e-01,2.601654286443e-01,1.037724551517e+00,3.988710402163e+00
9.888091809181e-01,2.601917186028e-01,1.037854817273e+00,3.988808032961e+00
9.889090909091e-01,2.602180085612e-01,1.037985098347e+00,3.988905702898e+00
9.890090009001e-01,2.602442985196e-01,1.038115394749e+00,3.989003412004e+00
9.891089108911e-01,2.602705884781e-01,1.038245706492e+00,3.989101160310e+00
9.892088208821e-01,2.602968784365e-01,1.038376033587e+00,3.989198947847e+00
9.893087308731e-01,2.603231683949e-01,1.038506376044e+00,3.989296774648e+00
9.894086408641e-01,2.603494583534e-01,1.038636733875e+00,3.989394640743e+00
9.895085508551e-01,2.603757483118e-01,1.038767107092e+00,3.989492546165e+00
9.896084608461e-01,2.604020382702e-01,1.038897495705e+00,3.989590490945e+00
9.897083708371e-01,2.604283282287e-01,1.039027899727e+00,3.989688475115e+00
9.898082808281e-01,2.604546181871e-01,1.039158319169e+00,3.989786498709e+00
9.899081908191e-01,2.604809081455e-01,1.039288754042e+00,3.989884561757e+00
9.900081008101e-01,2.605071981039e-01,1.039419204358e+00,3.989982664294e+00
9.901080108011e-01,2.605334880624e-01,1.039549670129e+00,3.990080806350e+00
9.902079207921e-01,2.605597780208e-01,1.039680151366e+00,3.990178987960e+00
9.903078307831e-01,2.605860679792e-01,1.039810648081e+00,3.990277209156e+00
9.904077407741e-01,2.606123579377e-01,1.039941160286e+00,3.990375469972e+00
9.905076507651e-01,2.606386478961e-01,1.040071687992e+00,3.990473770440e+00
9.906075607561e-01,2.606649378545e-01,1.040202231212e+00,3.990572110594e+00
9.907074707471e-01,2.606912278130e-01,1.040332789957e+00,3.990670490468e+00
9.908073807381e-01,2.607175177714e-01,1.040463364240e+00,3.990768910096e+00
9.909072907291e-01,2.607438077298e-01,1.040593954071e+00,3.990867369512e+00
9.910072007201e-01,2.607700976883e-01,1.040724559464e+00,3.990965868750e+00
9.911071107111e-01,2.607963876467e-01,1.040855180431e+00,3.991064407843e+00
9.912070207021e-01,2.608226776051e-01,1.040985816983e+00,3.991162986828e+00
9.913069306931e-01,2.608489675636e-01,1.041116469133e+00,3.991261605738e+00
9.914068406841e-01,2.608752575220e-01,1.041247136893e+00,3.991360264609e+00
9.915067506751e-01,2.609015474804e-01,1.041377820275e+00,3.991458963475e+00
9.916066606661e-01,2.609278374389e-01,1.041508519292e+00,3.991557702372e+00
9.917065706571e-01,2.609541273973e-01,1.041639233957e+00,3.991656481335e+00
9.918064806481e-01,2.609804173557e-01,1.041769964280e+00,3.991755300400e+00
9.919063906391e-01,2.610067073142e-01,1.041900710276e+00,3.991854159603e+00
9.920063006301e-01,2.610329972726e-01,1.042031471957e+00,3.991953058980e+00
9.921062106211e-01,2.610592872310e-01,1.042162249335e+00,3.992051998566e+00
9.922061206121e-01,2.610855771895e-01,1.042293042423e+00,3.992150978399e+00
9.923060306031e-01,2.611118671479e-01,1.042423851234e+00,3.992249998515e+00
9.924059405941e-01,2.611381571063e-01,1.042554675780e+00,3.992349058952e+00
9.925058505851e-01,2.611644470648e-01,1.042685516075e+00,3.992448159745e+00
9.926057605761e-01,2.611907370232e-01,1.042816372131e+00,3.992547300933e+00
9.927056705671e-01,2.612170269816e-01,1.042947243961e+00,3.992646482552e+00
9.928055805581e-01,2.612433169400e-01,1.043078131579e+00,3.992745704642e+00
9.929054905491e-01,2.612696068985e-01,1.043209034997e+00,3.992844967239e+00
9.930054005401e-01,2.612958968569e-01,1.043339954229e+00,3.992944270381e+00
9.931053105311e-01,2.613221868153e-01,1.043470889288e+00,3.993043614108e+00
9.932052205221e-01,2.613484767738e-01,1.043601840187e+00,3.993142998458e+00
9.933051305131e-01,2.613747667322e-01,1.043732806940e+00,3.993242423470e+00
9.934050405041e-01,2.614010566906e-01,1.043863789559e+00,3.993341889183e+00
9.935049504950e-01,2.614273466491e-01,1.043994788060e+00,3.993441395636e+00
9.936048604860e-01,2.614536366075e-01,1.044125802454e+00,3.993540942869e+00
9.937047704770e-01,2.614799265659e-01,1.044256832756e+00,3.993640530922e+00
9.938046804680e-01,2.615062165244e-01,1.044387878980e+00,3.993740159835e+00
9.939045904590e-01,2.615325064828e-01,1.044518941139e+00,3.993839829649e+00
9.940045004500e-01,2.615587964412e-01,1.044650019247e+00,3.993939540404e+00
9.941044104410e-01,2.615850863997e-01,1.044781113318e+00,3.994039292141e+00
9.942043204320e-01,2.616113763581e-01,1.044912223367e+00,3.994139084901e+00
9.943042304230e-01,2.616376663165e-01,1.045043349406e+00,3.994238918727e+00
9.944041404140e-01,2.616639562750e-01,1.045174491452e+00,3.994338793660e+00
9.945040504050e-01,2.616902462334e-01,1.045305649516e+00,3.994438709742e+00
9.946039603960e-01,2.617165361918e-01,1.045436823615e+00,3.994538667015e+00
9.947038703870e-01,2.617428261503e-01,1.045568013763e+00,3.994638665523e+00
9.948037803780e-01,2.617691161087e-01,1.045699219974e+00,3.994738705308e+00
9.949036903690e-01,2.617954060671e-01,1.045830442262e+00,3.994838786413e+00
9.950036003600e-01,2.618216960256e-01,1.045961680642e+00,3.994938908884e+00
9.951035103510e-01,2.618479859840e-01,1.046092935130e+00,3.995039072762e+00
9.952034203420e-01,2.618742759424e-01,1.046224205740e+00,3.995139278094e+00
9.953033303330e-01,2.619005659009e-01,1.046355492487e+00,3.995239524924e+00
9.954032403240e-01,2.619268558593e-01,1.046486795386e+00,3.995339813297e+00
9.955031503150e-01,2.619531458177e-01,1.046618114453e+00,3.995440143258e+00
9.956030603060e-01,2.619794357761e-01,1.046749449702e+00,3.995540514853e+00
9.957029702970e-01,2.620057257346e-01,1.046880801149e+00,3.995640928129e+00
9.958028802880e-01,2.620320156930e-01,1.047012168810e+00,3.995741383132e+00
9.959027902790e-01,2.620583056514e-01,1.047143552700e+00,3.995841879909e+00
9.960027002700e-01,2.620845956099e-01,1.047274952835e+00,3.995942418508e+00
9.961026102610e-01,2.621108855683e-01,1.047406369231e+00,3.996042998977e+00
9.962025202520e-01,2.621371755267e-01,1.047537801904e+00,3.996143621364e+00
9.963024302430e-01,2.621634654852e-01,1.047669250869e+00,3.996244285718e+00
9.964023402340e-01,2.621897554436e-01,1.047800716144e+00,3.996344992088e+00
9.965022502250e-01,2.622160454020e-01,1.047932197744e+00,3.996445740524e+00
9.966021602160e-01,2.622423353605e-01,1.048063695686e+00,3.996546531076e+00
9.967020702070e-01,2.622686253189e-01,1.048195209987e+00,3.996647363795e+00
9.968019801980e-01,2.622949152773e-01,1.048326740663e+00,3.996748238732e+00
9.969018901890e-01,2.623212052358e-01,1.048458287731e+00,3.996849155939e+00
9.970018001800e-01,2.623474951942e-01,1.048589851209e+00,3.996950115468e+00
9.971017101710e-01,2.623737851526e-01,1.048721431114e+00,3.997051117373e+00
9.972016201620e-01,2.624000751111e-01,1.048853027462e+00,3.997152161707e+00
9.973015301530e-01,2.624263650695e-01,1.048984640272e+00,3.997253248524e+00
9.974014401440e-01,2.624526550279e-01,1.049116269562e+00,3.997354377880e+00
9.975013501350e-01,2.624789449864e-01,1.049247915349e+00,3.997455549828e+00
9.976012601260e-01,2.625052349448e-01,1.049379577651e+00,3.997556764427e+00
9.977011701170e-01,2.625315249032e-01,1.049511256487e+00,3.997658021732e+00
9.978010801080e-01,2.625578148617e-01,1.049642951875e+00,3.997759321801e+00
9.979009900990e-01,2.625841048201e-01,1.049774663834e+00,3.997860664694e+00
9.980009000900e-01,2.626103947785e-01,1.049906392383e+00,3.997962050469e+00
9.981008100810e-01,2.626366847369e-01,1.050038137541e+00,3.998063479186e+00
9.982007200720e-01,2.626629746954e-01,1.050169899328e+00,3.998164950907e+00
9.983006300630e-01,2.626892646538e-01,1.050301677763e+00,3.998266465694e+00
9.984005400540e-01,2.627155546122e-01,1.050433472867e+00,3.998368023610e+00
9.985004500450e-01,2.627418445707e-01,1.050565284659e+00,3.998469624719e+00
9.986003600360e-01,2.627681345291e-01,1.050697113160e+00,3.998571269087e+00
9.987002700270e-01,2.627944244875e-01,1.050828958391e+00,3.998672956781e+00
9.988001800180e-01,2.628207144460e-01,1.050960820374e+00,3.998774687868e+00
9.989000900090e-01,2.628470044044e-01,1.051092699130e+00,3.998876462418e+00
9.990000000000e-01,2.628732943628e-01,1.051224594681e+00,3.998978280503e+00
